,KEGG,GC_adj ,GC_adj Archaea,GC_adj Bacteria,GC_adj Duplodnaviria,GC_adj Eukaryota,GC_adj Varidnaviria,GC_adjUnclassified,gene_counts ,gene_counts Archaea,gene_counts Bacteria,gene_counts Duplodnaviria,gene_counts Eukaryota,gene_counts Varidnaviria,gene_countsUnclassified
0,K00003,,,0.716,,,,,,,3.5561,,,,
1,K00014,,0.5379999999999999,0.76,,,,,,4.6457,5.9111,,,,
2,K00020,,,0.708,,,,,,,4.0316,,,,
3,K00023,,,0.642,,,,,,,7.7721,,,,
4,K00031,,,0.655745272484962,,,,,,,55.5285,,,,
5,K00033,,0.44,0.7093369002639078,,,,,,3.5433,74.8628,,,,
6,K00036,,,0.675,,,,,,,14.8171,,,,
7,K00053,,0.5098250473248979,0.6802010420932886,,,,,,9.5225,101.02660000000002,,,,
8,K00054,,0.526,,,,,,,4.6375,,,,,
9,K00057,,,0.680279102400409,,,,,,,13.8697,,,,
10,K00058,,,0.71,,,,,,,3.3261,,,,
11,K00059,,,0.5355592193471173,,,,,,,12.9923,,,,
12,K00067,,,0.6933287294707227,,,,,,,21.5469,,,,
13,K00075,,,0.7397192100456101,,,,,,,45.7534,,,,
14,K00077,,,0.6910101307498926,,,,,,,18.5869,,,,
15,K00088,,0.589,,,,,,,3.7477,,,,,
16,K00096,,0.5670000000000001,0.669,,,,,,4.5822,2.1023,,,,
17,K00099,,,0.7089078607509691,,,,,,,73.67590000000001,,,,
18,K00111,,,0.6932079505921483,,,,,,,35.208400000000005,,,,
19,K00112,,,,,,,0.7721956169614431,,,,,,,7.0839
20,K00116,,,0.6629999999999999,,,,,,,3.3327,,,,
21,K00122,,0.421,,,,,,,4.2582,,,,,
22,K00124,,,0.6764427390012134,,,,,,,79.0246,,,,
23,K00127,,,0.632,,,,,,,1.9788,,,,
24,K00133,,0.532,0.6588143619553506,,,,,,5.3395,25.3255,,,,
25,K00145,,0.53,0.7012701104888687,,,,,,3.9194,29.2689,,,,
26,K00150,,0.527,,,,,,,4.3625,,,,,
27,K00156,,0.436,,,,,,,5.0967,,,,,
28,K00162,,,0.6709999999999999,,,,,,,5.4689,,,,
29,K00163,,,0.6799646665522304,,,,,,,237.49400000000003,,,,
30,K00170,,,0.688,,,,,,,8.7554,,,,
31,K00174,,0.5058010132998476,0.6210510626255871,,,,,,6.6701,13.1222,,,,
32,K00175,,0.55,0.6580858167611858,,,,,,5.2675,52.389199999999995,,,,
33,K00180,,,0.6809999999999999,,,,,,,7.1543,,,,
34,K00200,,,0.6892899554905394,,,,,,,23.4908,,,,
35,K00208,,,0.573,,,,,,,3.7964,,,,
36,K00215,,,0.6773516366427429,,,,,,,22.4848,,,,
37,K00221,,,0.7,,,,0.7070000000000001,,,4.0,,,,4.4248
38,K00230,,,0.6859999999999999,,,,,,,2.5833,,,,
39,K00231,,,0.751,,,,,,,2.8737,,,,
40,K00232,,,0.7199849879554008,,,,,,,19.5275,,,,
41,K00240,,0.4895819295701261,0.6725559778252636,,,,,,8.8968,79.8478,,,,
42,K00241,,0.545,0.6320304473300931,,,,,,4.277,17.1929,,,,
43,K00242,,,0.6717120920115235,,,,,,,17.6301,,,,
44,K00247,,,0.57,,,,,,,2.8094,,,,
45,K00249,,,0.703358941434028,,,,,,,38.1372,,,,
46,K00259,,,0.7140000000000001,,,,,,,12.1615,,,,
47,K00261,,,0.6629999999999999,,,,,,,4.8209,,,,
48,K00275,,0.425,0.7400486494667815,,,,,,4.7752,37.1373,,,,
49,K00286,,,0.74790823670902,,,,0.7090000000000001,,,10.543700000000001,,,,6.3188
50,K00287,,,0.6467985302842906,,,,,,,8.911999999999999,,,,
51,K00297,,,0.6639321030560399,,,,,,,28.3037,,,,
52,K00311,,,0.6458370241189721,,,,,,,10.2438,,,,
53,K00330,,,0.6329279848280762,,0.402,,,,,76.4132,,1.8655,,
54,K00331,,,0.6847273300556114,,,,,,,43.5443,,,,
55,K00334,,,0.6842687443271673,,,,,,,12.237,,,,
56,K00338,,,0.679978053663499,,,,,,,29.5722,,,,
57,K00339,,,0.6915502645965453,,,,,,,21.551000000000002,,,,
58,K00340,,0.5479999999999999,0.6326182758748596,,,,,,4.6462,33.850699999999996,,,,
59,K00343,,0.5760000000000001,0.6965050443921823,,,,,,3.6947,19.7902,,,,
60,K00344,,,0.7020000000000001,,,,,,,9.3837,,,,
61,K00355,,,0.603,,,,,,,2.2958,,,,
62,K00363,,,,,0.503,,,,,,,2.9641,,
63,K00389,,,0.7097624922819283,,,,,,,14.621,,,,
64,K00390,,0.44314767753517204,0.6847432587775918,,,,,,14.9637,62.1196,,,,
65,K00394,,,0.649,,,,,,,4.6895,,,,
66,K00395,,,0.645,,,,,,,5.9626,,,,
67,K00411,,,0.6577296611810857,,,,,,,5.917199999999999,,,,
68,K00412,,,0.634,,0.2621010042839389,,,,,12.1594,,7.645099999999999,,
69,K00413,,,0.660076581467765,,,,,,,27.5385,,,,
70,K00425,,,0.672350186956523,,,,,,,132.2345,,,,
71,K00426,,,0.7155446593950998,,,,,,,32.3848,,,,
72,K00428,,,0.6050361736434742,,,,,,,9.5504,,,,
73,K00432,,,0.539,,,,,,,2.4488,,,,
74,K00433,,,0.6347482791606849,,,,,,,100.4296,,,,
75,K00441,,,0.733,,,,,,,7.1244,,,,
76,K00450,,,0.669615210552698,,,,,,,27.6686,,,,
77,K00451,,,0.6945292241828465,,,,,,,103.7286,,,,
78,K00453,,,0.6688041081460451,,,,,,,50.165,,,,
79,K00456,,,0.49899999999999994,,,,,,,2.8,,,,
80,K00457,,,0.6720377243111951,,,,,,,139.87150000000003,,,,
81,K00459,,,0.716224979155366,,,,,,,39.3927,,,,
82,K00500,,,0.6815022809389097,,,,,,,19.0309,,,,
83,K00507,,,0.6919409673152768,,,,,,,95.8321,,,,
84,K00518,,,0.6639752447067451,,,,,,,17.1533,,,,
85,K00525,,0.513875396794982,0.6725265907664476,,,,,,8.8708,36.087,,,,
86,K00526,,,0.625,,,,,,,7.08,,,,
87,K00528,,,0.664,,,,,,,4.5392,,,,
88,K00537,,,0.677584689863189,,,,,,,4.9718,,,,
89,K00540,,0.503,0.6915594570261919,,,,0.728,,2.223,44.441100000000006,,,,3.8307
90,K00548,,0.516,0.6806801077767243,,,,,,5.4104,42.619,,,,
91,K00549,,,0.6696892694861852,,0.675,,,,,210.70409999999998,,3.4384,,
92,K00554,,,0.6644589143951252,,,,,,,39.994,,,,
93,K00555,,0.5529999999999999,,,,,,,3.8661,,,,,
94,K00560,,,0.6180495963971626,,,,,,,18.464,,,,
95,K00561,,,0.69,,,,,,,2.0267,,,,
96,K00563,,,0.779,,,,,,,4.5493,,,,
97,K00567,,,0.722455305047053,,,,,,,6.6552,,,,
98,K00570,,,0.612606821480289,,,,,,,5.2198,,,,
99,K00571,,,0.7190000000000001,,,,,,,11.0797,,,,
100,K00573,,,0.7072029267386573,,,,,,,40.4733,,,,
101,K00574,,,0.7163109914958692,,,,,,,48.790800000000004,,,,
102,K00577,,0.5489999999999999,,,,,,,3.9227,,,,,
103,K00588,,0.528,0.6871286739978398,,,,,,5.1258,27.1477,,,,
104,K00598,,,0.7137907924182274,,,,,,,13.055399999999999,,,,
105,K00600,,0.4715236755919005,0.6901781012827521,,,,,,13.9512,158.17249999999996,,,,
106,K00602,,,0.7050527437529909,,,,,,,71.4293,,,,
107,K00606,,0.5460740048468727,0.6880980588642569,,,,,,6.6759,111.80470000000001,,,,
108,K00609,,0.384,0.6985584185738757,,,,,,3.0031,49.6999,,,,
109,K00610,,0.49399999999999994,,,,,,,4.6884,,,,,
110,K00611,,0.545,0.723,,,,,,4.3515,8.767,,,,
111,K00615,,,0.6734562259597066,,,,,,,23.330999999999996,,,,
112,K00616,,,0.666641045999588,,,,,,,12.139500000000002,,,,
113,K00620,,,0.708553770493692,,,,,,,13.7597,,,,
114,K00626,,,0.707741295019235,,,,,,,70.9306,,,,
115,K00635,,,0.7122518742089825,,,,0.7423806689699516,,,170.6462,,,,17.7469
116,K00640,,,0.66606187067805,,,,,,,30.6999,,,,
117,K00641,,,0.6868539612398465,,,,,,,23.395,,,,
118,K00648,,,0.737,,,,,,,10.2063,,,,
119,K00655,,,0.6977049488280066,,,,,,,32.537800000000004,,,,
120,K00661,,,0.701,,,,,,,18.2112,,,,
121,K00662,,,0.7432409412461157,,,,,,,10.147400000000001,,,,
122,K00663,,,0.7046892484010774,,,,,,,8.5347,,,,
123,K00674,,,0.6927094160617453,,,,,,,58.7818,,,,
124,K00677,,,0.6334069748843096,,,,,,,14.554,,,,
125,K00684,,,0.7459685045896131,,,,,,,7.2526,,,,
126,K00688,,,0.6818432923526208,,,,,,,104.52869999999999,,,,
127,K00700,,,0.6387163665666444,,,,,,,32.5873,,,,
128,K00703,,,0.6122991395372971,,,,,,,12.717099999999999,,,,
129,K00720,,,0.569,,,,,,,4.886,,,,
130,K00721,,,0.469,,,,,,,5.3432,,,,
131,K00748,,,0.7106307824029255,,,,,,,19.2234,,,,
132,K00759,,0.551,0.6597138349091184,,,,,,4.763,47.1858,,,,
133,K00760,,,0.6633649762482391,,,,,,,61.12350000000001,,,,
134,K00761,,,0.687,,,,,,,9.6247,,,,
135,K00762,,0.547,0.698272208010521,,,,,,2.6367,26.7703,,,,
136,K00763,,,0.648514085410007,,,,,,,6.227,,,,
137,K00764,,0.561,0.6774904533395399,,,,,,3.792,79.9134,,,,
138,K00765,,,0.692287337714017,,,,,,,45.8257,,,,
139,K00766,,0.5231757101147791,0.7096904974799908,,,,,,10.5332,49.21,,,,
140,K00767,,0.542,,,,,,,3.7098,,,,,
141,K00768,,,0.6898857347921923,,,,,,,7.9597,,,,
142,K00772,,0.414,0.6949999999999998,,,,,,2.8142,5.3882,,,,
143,K00782,,,0.732,,,,,,,9.3543,,,,
144,K00783,,,0.672394514643638,,,,,,,7.0663,,,,
145,K00784,,0.544,0.6964922042258831,,,,,,5.2475,60.263999999999996,,,,
146,K00789,,0.5163866471951788,0.668231540806382,,,,,,13.9484,120.1112,,,,
147,K00790,,,0.6992525017521141,,,,,,,59.04090000000001,,,,
148,K00791,,,0.7530044172408962,,,,,,,8.0776,,,,
149,K00793,,0.539,0.6818473396172366,,,,,,6.967,55.74490000000001,,,,
150,K00794,,,0.7327337296493986,,,,,,,30.826600000000003,,,,
151,K00796,,0.5379999999999999,0.69,,,,,,4.7064,5.42,,,,
152,K00797,,,0.6792352430843334,,,,,,,11.3687,,,,
153,K00798,,0.4783863208837965,0.6894272422409793,,,,,,9.9571,34.5244,,,,
154,K00799,,,0.6379158273968778,,,,,,,62.7839,,,,
155,K00800,,0.545,0.7127420142745993,,,,,,4.571,23.203599999999998,,,,
156,K00803,,,0.7020000000000001,,,,,,,7.1587,,,,
157,K00806,,,0.7390000000000001,,,,,,,6.9906,,,,
158,K00808,,,0.7048534581931559,,,,,,,9.771799999999999,,,,
159,K00809,,0.5165193500188087,0.557,,,,,,12.3498,4.956,,,,
160,K00820,,0.536779358828942,0.676710072434729,,,,,,12.700999999999999,69.6631,,,,
161,K00826,,0.5541522236110121,0.7134747556975976,,,,,,7.4731000000000005,9.9944,,,,
162,K00831,,,0.665,,,,,,,3.4972,,,,
163,K00833,,0.504,,,,,,,4.1895,,,,,
164,K00850,,,0.718,,,,,,,8.7246,,,,
165,K00851,,,0.5509113069485176,,,,0.691,,,4.7119,,,,1.5348
166,K00852,,,0.804,,,,,,,6.5756,,,,
167,K00855,,,0.6990000000000001,,,,,,,3.1078,,,,
168,K00857,,,0.682,,,,,,,3.5,,,,
169,K00858,,0.5320682560992455,0.6953289028854039,,,,0.7440000000000001,,8.1221,81.16059999999999,,,,3.1903
170,K00859,,,0.7105574812833672,,,,,,,35.2908,,,,
171,K00865,,,0.780935141246077,,,,,,,33.135,,,,
172,K00867,,,0.6940000000000001,,,,,,,3.96,,,,
173,K00869,,0.521,,,,,,,6.9037,,,,,
174,K00873,,,0.7086738069854884,,,,0.768,,,106.66520000000001,,,,5.8353
175,K00886,,,0.588,,,,,,,1.4851,,,,
176,K00891,,,0.6615885129826878,,,,,,,8.9627,,,,
177,K00912,,,0.5760000000000001,,,,,,,2.9588,,,,
178,K00919,,,0.7123800865039945,,,,,,,24.423500000000004,,,,
179,K00925,,,0.7294308008674395,,,,,,,26.0287,,,,
180,K00926,,0.6809999999999999,0.7227147196301844,,,,,,3.7846,25.4561,,,,
181,K00927,,0.5328562109277325,0.7163203711414262,,,,,,12.5093,92.00540000000001,,,,
182,K00930,,,0.676780633599643,,,,,,,35.8144,,,,
183,K00936,,,0.700717446508411,,,,,,,22.733900000000002,,,,
184,K00937,,,0.6889001096106582,,,,,,,27.3068,,,,
185,K00939,,,0.71756556522034,,,,,,,18.1265,,,,
186,K00940,,0.49900000000000005,0.7040012442716864,,,,,,3.6486,23.787399999999998,,,,
187,K00942,,,0.6000731912216268,,,,,,,7.1112,,,,
188,K00943,,0.5117370021407537,0.7208993268649676,,,,,,21.966099999999997,15.458100000000002,,,,
189,K00945,,,0.7082935499982635,,,,,,,24.9661,,,,
190,K00946,,0.529,0.6491267408870346,,,,,,4.3265,10.9839,,,,
191,K00948,,0.5059447193566449,0.6662998276498303,,,,,,11.613399999999999,126.4018,,,,
192,K00950,,,0.7299068955369111,,,,,,,26.613999999999997,,,,
193,K00952,,0.5119786469890112,,,,,0.417,,11.537600000000001,,,,,2.2388
194,K00954,,,0.6114880966480534,,,,,,,80.2241,,,,
195,K00957,,,0.6659137715825841,,,,,,,32.7528,,,,
196,K00958,,,0.67,,,,,,,5.9536,,,,
197,K00962,,,0.679533443349241,,,,,,,53.8104,,,,
198,K00963,,,0.694111504504214,,,,,,,38.110800000000005,,,,
199,K00969,,,0.6455002566871149,,,,,,,17.850499999999997,,,,
200,K00971,,,0.6623392497621701,,,,,,,4.2766,,,,
201,K00975,,,0.6684455500019821,,,,,,,28.0703,,,,
202,K00978,,,0.635,,,,,,,2.8014,,,,
203,K00979,,,0.6394227364681992,,,,,,,8.0603,,,,
204,K00981,,,0.6777104273579067,,,,,,,30.007999999999996,,,,
205,K00982,,,0.7070000000000001,,,,,,,4.7693,,,,
206,K00986,,,0.6210186054805376,,,,,,,183.80050000000003,,,,
207,K00989,,,0.7235359206852898,,,,,,,45.9369,,,,
208,K00990,,,0.6944649252247789,,,,,,,26.664499999999997,,,,
209,K00997,,,0.7128224944479191,,,,,,,11.9681,,,,
210,K01000,,,0.6633882207519334,,,,,,,21.9513,,,,
211,K01004,,,0.635,,,,,,,2.4916,,,,
212,K01005,,,0.6936079537633362,,,,0.8109999999999999,,,81.85650000000001,,,,3.1535
213,K01006,,0.579,0.6954369405699611,,,,,,4.6214,22.181199999999997,,,,
214,K01008,,,0.6894717250189172,,,,,,,37.46639999999999,,,,
215,K01011,,0.5529999999999999,0.721,,,,,,4.4283,9.0881,,,,
216,K01012,,0.4829953915328758,0.7030106497279635,,,,,,8.8812,20.368399999999998,,,,
217,K01039,,,0.7027472160843038,,,,,,,24.787300000000002,,,,
218,K01040,,,0.7086066085303848,,,,,,,17.334600000000002,,,,
219,K01042,,,0.7040000000000001,,,,,,,5.7208,,,,
220,K01053,,,0.6629690421286845,,,,,,,13.719100000000001,,,,
221,K01056,,,0.7119153428807194,,,,,,,19.3274,,,,
222,K01057,,,0.6811193759123909,,,,,,,5.5724,,,,
223,K01061,,0.4851170392153626,0.6817420421986248,,,,,,14.1403,53.2767,,,,
224,K01066,,0.499,0.687,,,,,,4.1829,8.0769,,,,
225,K01069,,0.5292851013563354,0.6513017602431513,,,,,,8.5889,23.049200000000003,,,,
226,K01070,,,0.6277212038233381,,,,,,,4.6528,,,,
227,K01077,,,,,,,0.586,,,,,,,2.6425
228,K01079,,0.5124463016877384,0.721,,,,,,11.008600000000001,3.2998,,,,
229,K01083,,,0.6565391905131096,,,,,,,5.8883,,,,
230,K01091,,,0.6854785685895003,,,,,,,9.8676,,,,
231,K01095,,,0.746,,,,,,,5.3242,,,,
232,K01104,,,0.7238674763246712,,,,,,,21.1196,,,,
233,K01113,,,0.6787118568556126,,,,,,,74.50169999999999,,,,
234,K01114,,,0.6423073615245751,,,,,,,8.0842,,,,
235,K01115,,0.5329999999999999,0.7121871093837578,,,,,,5.6355,13.538699999999999,,,,
236,K01118,,,0.5087009435374809,,,,,,,12.0571,,,,
237,K01126,,,0.6951981457463474,,,,,,,12.7158,,,,
238,K01129,,,0.715700730351673,,,,,,,63.1983,,,,
239,K01151,,0.53,0.7128007521474224,,,,,,5.0139,51.412000000000006,,,,
240,K01153,,0.611,0.6509999999999999,,,,,,3.5248,7.5252,,,,
241,K01159,,,0.696249252291454,,,,,,,29.4448,,,,
242,K01174,,,0.7664674942424388,,,,0.703,,,6.2523,,,,3.9729
243,K01178,,,0.7116184202907709,,,,,,,13.325700000000001,,,,
244,K01181,,,0.634260356817223,,,,,,,5.5072,,,,
245,K01183,,,0.6736357614049844,,,,,,,15.282399999999999,,,,
246,K01206,,,0.6292056755395926,,,,,,,31.7566,,,,
247,K01209,,,0.6161254696601862,,,,,,,11.443,,,,
248,K01218,,,0.5660000000000001,,,,,,,2.9,,,,
249,K01224,,,0.5660000000000001,,,,,,,2.1574,,,,
250,K01239,,0.411,0.7043543666449406,,,,,,4.0177,48.0791,,,,
251,K01246,,,0.6907719888452656,,,,,,,62.29429999999999,,,,
252,K01247,,,0.6756698145076138,,,,,,,18.6263,,,,
253,K01251,,0.49762769298094345,0.6827195688778098,,0.648,,,,17.247999999999998,182.64000000000001,,53.303,,
254,K01258,,,0.7340000000000001,,,,,,,9.7295,,,,
255,K01259,,,0.733,,,,,,,3.8018,,,,
256,K01265,,,0.6928634608290072,,,,,,,81.6682,,,,
257,K01266,,,0.7000993085364564,,,,,,,29.865000000000002,,,,
258,K01270,,,0.73,,,,,,,5.2919,,,,
259,K01273,,,0.6726946271825366,,,,,,,18.511200000000002,,,,
260,K01283,,,0.6152354530800984,,,,,,,22.6651,,,,
261,K01295,,,0.7047063544648117,,,,,,,9.976099999999999,,,,
262,K01297,,,0.6819756581482775,,,,,,,12.651800000000001,,,,
263,K01299,,0.422,0.657,,,,,,6.7025,2.3136,,,,
264,K01303,,,0.726,,,,,,,6.7703,,,,
265,K01356,,,0.7020645553793335,,,,,,,40.72070000000001,,,,
266,K01358,,,0.6631965186144403,,,,,,,112.53960000000002,,,,
267,K01406,,,0.60004212366078,,,,0.6829999999999999,,,18.7522,,,,5.6511
268,K01409,,0.5291296399892133,0.6907053928429934,,,,,,5.5721,33.2322,,,,
269,K01417,,,0.6520866482489595,,,,,,,12.9069,,,,
270,K01419,,,0.6891064138966124,,,,,,,14.459299999999999,,,,
271,K01423,,,0.6817589036951539,,,,,,,12.818100000000001,,,,
272,K01424,,0.5171731082989234,0.7045411481819771,,,,,,7.3417,10.9814,,,,
273,K01425,,,0.6567411599462541,,,,,,,20.086,,,,
274,K01426,,,0.6498141813146782,,,,,,,31.806600000000003,,,,
275,K01429,,0.4629999999999999,0.652,,,,,,4.0348,5.0109,,,,
276,K01430,,,0.436,,,,,,,2.9831,,,,
277,K01433,,0.4813616988372206,0.6859861575733027,,,,,,8.1765,19.5153,,,,
278,K01443,,,0.759,,,,,,,5.1486,,,,
279,K01447,,,0.703,,,,,,,4.1604,,,,
280,K01448,,,0.6371664761627825,,,,,,,18.4175,,,,
281,K01449,,,0.679,,,,,,,2.9101,,,,
282,K01455,,,0.7006219046307248,,,,,,,61.819199999999995,,,,
283,K01458,,,0.6968845757954807,,,,,,,10.7313,,,,
284,K01462,,,0.6827506631445418,,,,,,,41.0097,,,,
285,K01463,,0.46909572087329326,,,,,,,10.497499999999999,,,,,
286,K01470,,0.4008009564180658,0.6686898070777723,,,,0.637,,12.9346,33.569100000000006,,,,1.46
287,K01476,,0.447,,,,,,,4.786,,,,,
288,K01477,,,0.635,,,,,,,1.7971,,,,
289,K01478,,,0.6945781154993458,,,,,,,27.380599999999998,,,,
290,K01480,,0.5303247029818374,0.7422566459636479,,,,,,8.5731,17.7875,,,,
291,K01482,,,0.698,,,,,,,2.4671,,,,
292,K01483,,,,,,,0.539,,,,,,,1.6018
293,K01485,,,0.6905679080801842,,,,,,,12.0946,,,,
294,K01489,,,0.7322712299100522,,,,,,,24.8218,,,,
295,K01493,,0.5920000000000001,0.6427613967162279,,,,,,4.292,9.2591,,,,
296,K01494,,,0.6533034322292325,,,,,,,75.93570000000001,,,,
297,K01495,,0.52,0.6687441709531747,,,,,,4.9407,35.746399999999994,,,,
298,K01496,,,0.72,,,,,,,3.9611,,,,
299,K01497,,,0.6755991973924499,,,,,,,70.4144,,,,
300,K01507,,0.406,0.6477395408817812,,,,,,4.4429,55.6096,,,,
301,K01512,,0.44228449186370755,0.7673049531175531,,,,,,10.7402,9.5025,,,,
302,K01515,,,0.721,,,,,,,6.4672,,,,
303,K01518,,0.5268279044949524,0.662,,,,,,9.866900000000001,4.9241,,,,
304,K01520,,,0.7209853276242778,,,,,,,23.9491,,,,
305,K01524,,0.49161463201501054,0.7251548170343209,,,,,,6.2443,11.1653,,,,
306,K01545,,,,,,,0.644,,,,,,,9.3946
307,K01546,,,0.6564556407370934,,,,,,,35.584500000000006,,,,
308,K01547,,,0.6570893783406817,,,,,,,35.9496,,,,
309,K01548,,,0.6829858428348852,,,,,,,20.0205,,,,
310,K01551,,0.4930100987412008,0.7010827036613493,,,,,,15.0844,81.1997,,,,
311,K01555,,,0.71777934967519,,,,,,,14.317599999999999,,,,
312,K01560,,,0.6312017540452357,,,,,,,8.2031,,,,
313,K01561,,,0.7393075337168,,,,,,,19.7894,,,,
314,K01569,,0.658,0.6845134914279033,,,,,,9.1341,39.262,,,,
315,K01579,,,0.6865002523590782,,,,,,,4.8758,,,,
316,K01588,,0.534,0.6627622502909858,,,,,,4.2835,34.1093,,,,
317,K01589,,0.499,,,,,,,5.155,,,,,
318,K01593,,,0.7220000000000001,,,,,,,4.1454,,,,
319,K01595,,,0.7281534452833572,,,,,,,54.9506,,,,
320,K01596,,,0.6984827655581686,,,,,,,42.0888,,,,
321,K01599,,,0.6736806486262982,,,,,,,15.5371,,,,
322,K01602,,,0.643,,,,,,,5.9148,,,,
323,K01607,,,0.6477388246753495,,,,,,,61.8172,,,,
324,K01610,,0.532,0.648860480551121,,0.59,,,,4.4302,32.4131,,2.6442,,
325,K01611,,,0.6559999999999999,,,,,,,7.4417,,,,
326,K01613,,,0.674293145327501,,,,,,,13.744,,,,
327,K01619,,,0.7034715582786991,,,,,,,98.6759,,,,
328,K01620,,,0.7119945526965658,,,,,,,38.6756,,,,
329,K01621,,,0.6698187323673841,,,,,,,139.8123,,,,
330,K01622,,0.565,,,,,,,4.898,,,,,
331,K01623,,,0.6877802646543689,,,,,,,48.383700000000005,,,,
332,K01624,,,0.6996623150906385,,,,,,,24.9154,,,,
333,K01625,,,0.59,,,,,,,3.3107,,,,
334,K01626,,,0.7010841691919704,,,,,,,63.3251,,,,
335,K01627,,,0.6559999999999999,,,,,,,10.1652,,,,
336,K01633,,,0.6970481401587058,,,,,,,21.543599999999998,,,,
337,K01637,,,0.6707024361209976,,,,,,,72.7103,,,,
338,K01638,,,0.6891042559445381,,0.6990000000000002,,,,,111.32119999999999,,18.369,,
339,K01640,,,0.7084947426577308,,,,,,,32.055299999999995,,,,
340,K01647,,,0.648,,,,,,,9.6746,,,,
341,K01652,,0.436,,,,,,,5.0967,,,,,
342,K01653,,0.505,0.6692574699411822,,,,,,4.9029,98.0977,,,,
343,K01658,,0.486,0.72,,,,,,4.3625,4.2052,,,,
344,K01661,,,0.6970000000000001,,,,,,,10.4198,,,,
345,K01662,,,0.7143983664147943,,,,,,,43.8673,,,,
346,K01673,,,0.6847128989390174,,,,,,,51.7382,,,,
347,K01686,,,0.6525532416328225,,,,,,,7.3429,,,,
348,K01689,,0.565,0.6908572781358399,,,,,,5.5971,137.3008,,,,
349,K01695,,0.52,0.6735262578312331,,0.392,,,,5.5209,12.259,,2.542,,
350,K01698,,0.5183402120264357,0.7256201908745218,,,,,,19.0788,76.04780000000001,,,,
351,K01703,,0.5676020505399778,,,,,,,9.333400000000001,,,,,
352,K01704,,0.45027417937752895,0.6251161637797342,,,,,,10.6387,47.7081,,,,
353,K01711,,,0.658916036826488,,,,,,,40.377700000000004,,,,
354,K01712,,,0.7207626714964354,,,,,,,35.7753,,,,
355,K01713,,,0.617,,,,,,,2.5696,,,,
356,K01719,,0.552,0.7014012392108785,,,,0.41,,4.1964,40.177600000000005,,,,2.9461
357,K01720,,,0.7105307643092875,,,,,,,15.7416,,,,
358,K01721,,,0.756,,,,,,,5.4893,,,,
359,K01724,,0.4174172225669598,0.686828441616258,,,,0.6698438028907734,,16.9115,54.78420000000001,,,,14.6159
360,K01725,,,0.580011861163263,,,,,,,9.1643,,,,
361,K01728,,,0.631,,,,,,,2.25,,,,
362,K01729,,,0.563,,,,,,,4.4498,,,,
363,K01733,,0.546,0.733980090422694,,,,,,5.2651,14.4637,,,,
364,K01736,,0.5200934641949836,0.7172996014761499,,,,,,9.4101,16.395200000000003,,,,
365,K01737,,0.433337729498861,0.7004523532712488,,,,,,7.431,49.29469999999999,,,,
366,K01749,,0.497779825178074,0.7160209711538846,,,,,,10.4723,29.125300000000003,,,,
367,K01754,,0.428,0.711,,,,,,4.8781,2.7575,,,,
368,K01755,,0.528,0.7198268912445522,,,,,,4.3712,34.7861,,,,
369,K01756,,,0.7500000000000001,,,,,,,8.3595,,,,
370,K01759,,0.419,0.696098722841174,,,,,,6.1777,21.1229,,,,
371,K01768,,,0.6569463528356837,,,,,,,36.7706,,,,
372,K01772,,,0.6798093931939527,,,,,,,28.564799999999998,,,,
373,K01775,,,0.7122189971851789,,,,,,,40.147999999999996,,,,
374,K01776,,0.4941196634187411,0.7310357701289312,,,,,,8.5816,57.0922,,,,
375,K01778,,,0.6966835538757162,,,,,,,23.9817,,,,
376,K01779,,,0.7040000000000001,,,,,,,4.2114,,,,
377,K01783,,,0.6646301946658201,,,,,,,10.8628,,,,
378,K01785,,,0.6991546478151381,,,,,,,45.264199999999995,,,,
379,K01793,,0.436,,,,,,,4.7687,,,,,
380,K01796,,,0.7829999999999999,,,,,,,7.039,,,,
381,K01799,,,0.6709448942561775,,,,,,,8.585799999999999,,,,
382,K01802,,,0.7120000000000001,,,,,,,1.9189,,,,
383,K01803,,,0.7054672631747486,,,,,,,63.0348,,,,
384,K01804,,,0.6894390522417757,,,,,,,21.8081,,,,
385,K01805,,,0.6841104350144519,,,,,,,25.0574,,,,
386,K01807,,0.47078963732276913,0.6845553263694438,,,,0.401,,7.9794,29.4509,,,,4.2801
387,K01808,,,0.698,,,,,,,5.2222,,,,
388,K01809,,,0.6656977307346649,,,,,,,12.9711,,,,
389,K01810,,,0.6573002168989952,,,,,,,93.98450000000001,,,,
390,K01814,,,0.715,,,,,,,7.6482,,,,
391,K01816,,,0.552,,,,,,,4.2042,,,,
392,K01821,,0.5571953548412549,0.687611563128586,,,,0.595,,11.7767,15.7531,,,,2.108
393,K01823,,0.55,0.761053955497439,,,,,,2.9791,8.3739,,,,
394,K01834,,,0.679,,,,,,,8.4856,,,,
395,K01839,,,0.712759920039994,,,,,,,50.9931,,,,
396,K01843,,,0.574,,,,,,,2.8329,,,,
397,K01845,,0.547,0.72,,,,,,8.0693,4.6765,,,,
398,K01849,,0.4660000000000001,0.7070000000000002,,,,,,2.9958,21.1939,,,,
399,K01854,,,0.5990783718398325,,,,,,,7.9138,,,,
400,K01858,,0.545,0.6326892489193213,,,,,,3.77,71.7527,,,,
401,K01865,,,0.653,,,,,,,1.8444,,,,
402,K01866,,0.4907043037570934,0.6774928380581506,,,,,,10.9452,81.9192,,,,
403,K01867,,,0.6840907285870208,,,,,,,81.26989999999999,,,,
404,K01868,,,0.665234924490583,,,,,,,112.42730000000002,,,,
405,K01869,,,0.654,,,,,,,11.3611,,,,
406,K01872,,0.5539999999999999,0.6489922849671708,,,,,,4.8466,97.6123,,,,
407,K01874,,,0.6615966250483472,,,,,,,62.4199,,,,
408,K01875,,0.521,0.7060898000434259,,,,,,4.2167,66.14269999999999,,,,
409,K01876,,,0.6842606224627875,,,,,,,17.1888,,,,
410,K01880,,0.536,0.6739319481910302,,,,,,3.433,28.0084,,,,
411,K01881,,0.47176606688018147,0.6714482231594765,,,,,,6.858499999999999,79.1593,,,,
412,K01887,,0.5435508495610203,0.6896120147620454,,,,,,9.769300000000001,47.8382,,,,
413,K01889,,,0.6695699729401058,,,,,,,94.6622,,,,
414,K01890,,0.49799999999999994,0.7076698778240441,,,,,,5.1633,56.825599999999994,,,,
415,K01893,,0.564,,,,,,,3.7911,,,,,
416,K01902,,0.54,,,,,,,5.0616,,,,,
417,K01912,,,0.7054982191317876,,,,,,,39.5714,,,,
418,K01915,,0.552,0.673604493269934,,,0.612,,,4.6063,711.6875000000001,,,2.3269,
419,K01918,,,0.5538761900749648,,,,,,,4.749,,,,
420,K01919,,,0.6780164224079841,,,,,,,12.683200000000001,,,,
421,K01920,,,0.695,,,,,,,6.0022,,,,
422,K01921,,,0.6934320799910677,,,,,,,44.4976,,,,
423,K01923,,0.502,0.7054136552422001,,,,,,5.155,85.43710000000002,,,,
424,K01926,,,0.6695656414345472,,,,,,,55.9635,,,,
425,K01933,,,0.7093796012731423,,,,,,,37.728300000000004,,,,
426,K01934,,0.6241073590628531,0.6240569730319687,,,,,,10.3219,32.838300000000004,,,,
427,K01935,,,0.616,,,,,,,2.2041,,,,
428,K01937,,0.4964990257960461,0.6712689387603867,,,,,,11.9124,247.1264,,,,
429,K01939,,0.5046041891326762,0.6964094724340475,,,,,,9.292300000000001,83.78229999999999,,,,
430,K01940,,0.48732298982399264,0.6874094684116061,,,,,,10.014,138.1624,,,,
431,K01945,,0.555744584265535,0.7255313556514931,,,,,,9.5157,25.3848,,,,
432,K01951,,0.5579818024860997,0.7028243167733466,,,,,,10.169599999999999,180.00409999999997,,,,
433,K01953,,0.4879154889019434,0.6589784335647292,,,,,,24.485899999999997,64.51950000000001,,,,
434,K01971,,,0.6736292475358757,,,,,,,109.1711,,,,
435,K01972,,,0.70006818081924,,,,,,,178.39229999999998,,,,
436,K01975,,0.562,0.7096838461829219,,,,0.395,,3.3854,9.2701,,,,3.3817
437,K01990,,,0.7132175595442681,,,,,,,47.90489999999999,,,,
438,K01991,,,0.682142194634105,,,,0.603,,,5.8118,,,,2.8095
439,K01992,,,0.635256698433406,,,,0.625,,,31.827700000000007,,,,3.6002
440,K01995,,,0.687,,,,,,,11.9439,,,,
441,K01996,,,0.7440000000000001,,,,,,,6.5934,,,,
442,K01997,,,0.6798142170596733,,,,,,,83.54249999999999,,,,
443,K01999,,,0.718,,,,,,,6.973,,,,
444,K02001,,,0.706,,,,,,,8.1556,,,,
445,K02002,,,0.657,,,,,,,7.0165,,,,
446,K02003,,,0.7087753912004933,,,,,,,39.6622,,,,
447,K02004,,,0.666938015891815,,,,0.6338766269819849,,,637.6557,,,,15.4441
448,K02007,,,0.7508964240023361,,,,,,,13.186699999999998,,,,
449,K02009,,,0.49099999999999994,,,,,,,2.148,,,,
450,K02015,,,0.7098209017735779,,,,0.682,,,40.3934,,,,2.6509
451,K02016,,,0.7003228166368455,,,,,,,17.3902,,,,
452,K02020,,,0.7127042177422462,,,,,,,18.861400000000003,,,,
453,K02025,,,0.667,,,,,,,9.9906,,,,
454,K02026,,0.341,0.655,,,,,,4.4023,4.9798,,,,
455,K02028,,,0.7040000000000001,,,,,,,9.53,,,,
456,K02029,,,0.6679999999999999,,,,,,,6.3515,,,,
457,K02030,,,0.6665196214534456,,,,,,,69.2386,,,,
458,K02032,,,0.688,,,,,,,18.3821,,,,
459,K02033,,0.532,0.6645489861421798,,,,,,5.1166,54.38080000000001,,,,
460,K02034,,,0.6928202872679299,,,,,,,93.61990000000002,,,,
461,K02035,,,0.6509999999999999,,,,,,,5.6637,,,,
462,K02036,,0.5529999999999999,0.632,,,,,,5.6416,30.480700000000002,,,,
463,K02037,,0.5539999999999999,,,,,,,4.45,,,,,
464,K02039,,0.552,0.6528713050380587,,,,,,5.6416,15.7913,,,,
465,K02040,,0.515557858547282,0.6646178506208896,,,,0.564,,9.9855,118.4307,,,,2.4846
466,K02042,,,0.6550662593153392,,,,,,,8.7177,,,,
467,K02044,,0.345,0.5997515426833429,,,,,,5.6323,5.676399999999999,,,,
468,K02049,,0.5329999999999999,0.662,,,,,,5.0073,6.6231,,,,
469,K02050,,0.507,0.6647232129692012,,,,,,3.8679,102.6154,,,,
470,K02051,,,0.6810067487293134,,,,,,,10.469100000000001,,,,
471,K02058,,,0.675,,,,,,,5.0453,,,,
472,K02065,,,0.6599083123324011,,,,,,,33.1257,,,,
473,K02066,,,0.6608869423582913,,,,,,,218.362,,,,
474,K02067,,,0.6898180244026262,,,,,,,75.3597,,,,
475,K02068,,,0.723,,,,,,,3.9351,,,,
476,K02069,,,0.721,,,,,,,6.9219,,,,
477,K02073,,,0.664,,,,,,,2.9367,,,,
478,K02078,,,0.611542529135404,,,,0.6275349501982694,,,68.1444,,,,7.0461
479,K02107,,,0.623,,,,,,,1.7976,,,,
480,K02108,,,0.521,,,,,,,4.396,,,,
481,K02109,,,0.6857380332415491,,,,,,,53.2367,,,,
482,K02110,,,0.6501850714501559,,,,0.6829999999999999,,,11.928799999999999,,,,5.0136
483,K02113,,,0.6411649137722193,,,,,,,73.5567,,,,
484,K02114,,,0.709048052032488,,,,,,,32.5901,,,,
485,K02115,,,0.687,,,,,,,11.7276,,,,
486,K02116,,,,,,,0.6355916074532971,,,,,,,4.5535000000000005
487,K02119,,0.511,,,,,,,5.0158,,,,,
488,K02120,,0.522,,,,,,,6.7174,,,,,
489,K02121,,0.541,,,,,,,4.3131,,,,,
490,K02122,,0.562,,,,,,,6.1151,,,,,
491,K02125,,,,,0.182,,,,,,,2.3934,,
492,K02160,,,0.6650932773258159,,,,,,,15.3736,,,,
493,K02171,,,0.6634547181133051,,,,,,,20.2121,,,,
494,K02172,,,0.6479912401667571,,,,,,,8.1493,,,,
495,K02189,,0.4830167128704754,,,,,,,11.9191,,,,,
496,K02191,,0.525,,,,,,,5.2787,,,,,
497,K02192,,,0.682,,,,,,,2.8615,,,,
498,K02193,,,0.69,,,,,,,2.0894,,,,
499,K02194,,,0.6719886257743539,,,,,,,25.0227,,,,
500,K02195,,,0.6783341642525534,,,,,,,58.6795,,,,
501,K02196,,,,,,,0.49,,,,,,,4.5065
502,K02197,,,0.6834286238356859,,,,,,,16.5249,,,,
503,K02199,,0.518,0.6921293272841995,,,,,,6.0253,37.044399999999996,,,,
504,K02200,,,0.6906881786823247,,,,,,,8.880500000000001,,,,
505,K02217,,0.381,0.669,,,,,,3.9662,11.4515,,,,
506,K02221,,,0.6251158832690871,,,,0.6714474698872402,,,37.6185,,,,7.7394
507,K02224,,0.532,0.6877021573469853,,,,,,3.6378,4.3352,,,,
508,K02227,,0.5855859815470672,0.7283329198943607,,,,,,6.9940999999999995,16.3215,,,,
509,K02231,,,0.7658713303602815,,,,,,,9.773900000000001,,,,
510,K02233,,0.5092023371991677,0.7638070378948227,,,,0.8029999999999999,,6.5472,5.6904,,,,4.9263
511,K02234,,,0.615,,,,,,,3.0006,,,,
512,K02237,,,0.697338237364286,,,,,,,6.238300000000001,,,,
513,K02238,,,0.6421454543586679,,,,0.643,,,35.7776,,,,3.4864
514,K02242,,,,,,,0.7490000000000001,,,,,,,2.0746
515,K02257,,0.546,0.7148237648025481,,,,,,4.4267,35.652499999999996,,,,
516,K02259,,0.536,0.7085852748837174,,,,,,5.2465,25.4633,,,,
517,K02261,,,,,0.289,,,,,,,4.28,,
518,K02275,,,0.629,,,,,,,4.3122,,,,
519,K02276,,,0.657,,0.288,,,,,5.8919,,4.3113,,
520,K02277,,,0.6091821042777442,,,,0.627,,,14.1093,,,,2.6561
521,K02279,,,0.7140000000000002,,,,0.8,,,1.9384,,,,3.1986
522,K02280,,,0.664,,,,,,,3.4436,,,,
523,K02282,,,0.69,,,,,,,9.1172,,,,
524,K02291,,,0.7440000000000001,,,,,,,3.1349,,,,
525,K02300,,,0.6050000000000001,,,,,,,1.6505,,,,
526,K02303,,0.579,0.7600000000000001,,,,,,5.5246,10.6691,,,,
527,K02313,,,0.6529227110777518,,,,,,,146.252,,,,
528,K02314,,,0.6746407064897608,,,,0.662,,,105.03770000000002,,,,3.5047
529,K02316,,,0.6987713333687728,,,,0.396,,,42.405,,,,2.7339
530,K02323,,0.4174676201760622,,,,,,,11.3751,,,,,
531,K02338,,,0.6834235286085664,,,,0.7109700783126254,,,116.29550000000002,,,,13.7787
532,K02340,,,0.7039892553585534,,,,,,,12.563500000000001,,,,
533,K02342,,,0.7195456448332318,,,,,,,28.856900000000003,,,,
534,K02343,,,0.6840406892933163,,,,,,,57.5465,,,,
535,K02347,,0.565,0.672,,,,,,5.6188,4.7553,,,,
536,K02351,,,0.715598071108714,,,,,,,14.966000000000001,,,,
537,K02356,,,0.6536315759801884,,,,,,,103.75670000000001,,,,
538,K02357,,,0.6573244575481253,,,,,,,18.0141,,,,
539,K02358,,,0.6654729674946008,,,,,,,73.5889,,,,
540,K02359,,0.536,,,,,,,5.8009,,,,,
541,K02362,,,0.7190000000000001,,,,,,,6.6293,,,,
542,K02372,,,0.5496649824309421,,,,,,,8.1711,,,,
543,K02377,,,0.6729999999999999,,,,,,,4.0761,,,,
544,K02379,,,0.6617361419376597,,,,,,,12.1517,,,,
545,K02385,,,,,,,0.7302453222052445,,,,,,,11.0206
546,K02389,,,0.6814866017377247,,,,0.65,,,7.4171,,,,4.769
547,K02393,,,0.5939888412228358,,,,,,,9.7127,,,,
548,K02396,,,0.7072986198590744,,,,,,,13.491900000000001,,,,
549,K02405,,,0.6611486933286154,,,,,,,46.0145,,,,
550,K02406,,,0.6787311626106308,,,,,,,32.7886,,,,
551,K02408,,,0.731,,,,0.682,,,6.5152,,,,1.3416
552,K02410,,,0.7025625762758538,,,,,,,21.450100000000003,,,,
553,K02414,,,0.722,,,,,,,2.4632,,,,
554,K02415,,,0.698,,,,0.589,,,7.0441,,,,1.5325
555,K02416,,,0.649,,,,,,,7.6599,,,,
556,K02417,,,0.7500000000000001,,,,0.657,,,13.6566,,,,1.8435
557,K02418,,,0.7140000000000001,,,,,,,4.6655,,,,
558,K02420,,,0.6579999999999999,,,,,,,12.8526,,,,
559,K02422,,,0.6940000000000001,,,,,,,3.0342,,,,
560,K02426,,,0.745,,,,,,,8.2673,,,,
561,K02428,,,0.6692722922983854,,,,,,,9.6365,,,,
562,K02433,,,0.606,,,,,,,3.7047,,,,
563,K02434,,,0.698,,,,,,,21.9278,,,,
564,K02435,,0.315,0.6329409964455819,,,,,,4.8239,17.1332,,,,
565,K02437,,0.4649066141895282,0.6565123460344083,,,,,,10.347000000000001,67.4351,,,,
566,K02448,,,0.5809718138221751,,,,,,,5.6546,,,,
567,K02452,,,0.671,,,,0.7490000000000001,,,3.2639,,,,4.047
568,K02456,,,0.6576773935728326,,,,,,,15.0425,,,,
569,K02458,,,0.625,,,,,,,3.0737,,,,
570,K02459,,,0.693,,,,,,,3.6694,,,,
571,K02478,,,0.7340000000000001,,,,,,,12.1469,,,,
572,K02483,,,0.7120000000000001,,,,,,,6.304,,,,
573,K02488,,,0.7090000000000001,,,,,,,6.966,,,,
574,K02492,,0.48632268073901697,0.710529301604365,,0.752,,0.7571334674478987,,8.1787,68.5633,,5.6624,,8.295
575,K02493,,,0.703,,,,,,,2.7493,,,,
576,K02494,,,0.705,,,,,,,4.8116,,,,
577,K02498,,,0.773,,,,,,,8.5868,,,,
578,K02500,,0.528,,,,,,,5.3767,,,,,
579,K02501,,,,,0.774,,,,,,,6.9806,,
580,K02503,,0.5474783698673117,0.6800110676671307,,,,,,7.8354,32.923399999999994,,,,
581,K02510,,,0.6445948214595058,,,,,,,36.3536,,,,
582,K02517,,,0.539,,,,,,,2.7408,,,,
583,K02518,,,0.6247532752562747,,,,,,,112.67089999999999,,,,
584,K02519,,,0.6995692379929467,,,,,,,105.1649,,,,
585,K02520,,,0.6496017871458187,,,,,,,108.26100000000001,,,,
586,K02527,,,0.7086106491548139,,,,,,,11.0572,,,,
587,K02533,,,0.71,,,,,,,2.9908,,,,
588,K02536,,,0.6351809246096867,,,,,,,5.5557,,,,
589,K02548,,0.515,0.7490000000000001,,,,,,5.3758,18.3002,,,,
590,K02556,,,0.686055549987091,,,,,,,18.2362,,,,
591,K02557,,,0.667,,,,,,,5.3135,,,,
592,K02563,,,0.6439373795295027,,,,,,,15.104199999999999,,,,
593,K02564,,,0.6746079042877697,,,,,,,7.789300000000001,,,,
594,K02571,,,0.667,,,,,,,1.2895,,,,
595,K02600,,0.51,0.6827466856340214,,,,0.5720000000000001,,4.7029,204.73350000000002,,,,3.0472
596,K02601,,,0.6446107753508761,,,,,,,66.4252,,,,
597,K02609,,,0.6749649767835523,,,,,,,67.4027,,,,
598,K02610,,,0.7759999999999999,,,,,,,4.1196,,,,
599,K02612,,,0.731,,,,,,,9.9587,,,,
600,K02614,,,0.715726571358955,,,,,,,8.7085,,,,
601,K02616,,,0.7209532021106563,,,,,,,4.7614,,,,
602,K02624,,,0.741,,,,,,,3.6693,,,,
603,K02626,,0.56,0.6688472562856732,,,,,,4.7064,8.6455,,,,
604,K02638,,0.41899999999999993,0.6055779489065305,,,,,,6.415,13.402899999999999,,,,
605,K02650,,,0.633,,,,,,,1.9704,,,,
606,K02651,,,0.6489170198600075,,,,,,,4.5922,,,,
607,K02654,,,0.722,,,,,,,2.0506,,,,
608,K02657,,,0.639,,,,,,,7.1861,,,,
609,K02658,,,0.629,,,,,,,5.8315,,,,
610,K02662,,,0.6590597727382403,,,,,,,17.694399999999998,,,,
611,K02663,,,0.655,,,,,,,6.4953,,,,
612,K02664,,,0.66,,,,,,,6.9256,,,,
613,K02665,,,0.7040000000000001,,,,,,,4.9862,,,,
614,K02672,,,,,,,0.649,,,,,,,4.6059
615,K02676,,,0.621,,,,,,,5.8085,,,,
616,K02687,,,0.6056999831474374,,,,,,,13.6892,,,,
617,K02703,,,0.415,,,,,,,3.2428,,,,
618,K02784,,,0.7118513446689417,,,,,,,10.848099999999999,,,,
619,K02800,,,0.6744941436364215,,,,,,,26.887700000000002,,,,
620,K02825,,,0.7026159447096919,,,,,,,51.748599999999996,,,,
621,K02834,,,0.6488695881835963,,,,,,,37.301100000000005,,,,
622,K02838,,,0.6590858300761783,,,,,,,88.89080000000001,,,,
623,K02860,,,0.6739289139397475,,,,,,,23.199299999999997,,,,
624,K02863,,0.5529999999999999,0.6916312567974678,,,,,,6.6669,90.0905,,,,
625,K02864,,,0.6784085601690674,,,,,,,70.9462,,,,
626,K02867,,0.5379999999999999,0.6497098035340297,,,,,,4.675,45.6701,,,,
627,K02869,,0.5334225714754696,,,,,,,10.0744,,,,,
628,K02871,,,0.6763615905936072,,,,,,,90.15200000000002,,,,
629,K02874,,,0.6679859751583501,,,,,,,135.351,,,,
630,K02876,,,0.7011004094983775,,,,0.7240000000000001,,,52.456300000000006,,,,2.4778
631,K02877,,0.5660000000000001,,,,,,,5.4071,,,,,
632,K02878,,,0.6645983452383173,,,,,,,100.8288,,,,
633,K02879,,,0.6707331611319503,,,,,,,88.84929999999999,,,,
634,K02881,,0.401,0.6863426329719133,,,,,,4.0449,21.7143,,,,
635,K02883,,0.541,,,,,,,5.096,,,,,
636,K02884,,,0.6888885209811056,,,,,,,79.9848,,,,
637,K02885,,0.528,,,,,,,4.2499,,,,,
638,K02886,,,0.7152427802217282,,,,,,,80.2223,,,,
639,K02887,,,0.6868540305062523,,,,,,,77.5665,,,,
640,K02888,,,0.6500974278044822,,,,0.5359946798177728,,,44.6432,,,,4.4048
641,K02890,,,0.7010622765664307,,,,,,,80.5056,,,,
642,K02892,,,0.6316564911181565,,,,,,,46.6435,,,,
643,K02895,,,0.6640551635048846,0.6449999999999999,,,,,,90.80399999999999,1.9101,,,
644,K02896,,0.532,,,,,,,3.6486,,,,,
645,K02897,0.7190000000000001,,0.6721991635580964,,,,,3.1111,,44.0532,,,,
646,K02899,,,0.7032186617484165,,,,,,,39.072599999999994,,,,
647,K02902,,,0.6482363652675895,,,,,,,43.108799999999995,,,,
648,K02904,,,0.6656561051815862,,,,,,,44.7411,,,,
649,K02906,,,0.7054135284877301,,,,,,,83.2362,,,,
650,K02907,,0.542,0.6374788878925636,,,,,,4.385,80.94760000000001,,,,
651,K02909,,,0.6336101684642659,,,,,,,51.8236,,,,
652,K02910,,0.408,,,,,,,3.3872,,,,,
653,K02911,,,0.707239258058839,,,,0.605,,,28.011400000000002,,,,1.6674
654,K02912,,0.544,,,,,,,4.2499,,,,,
655,K02913,,,0.6040306464828958,,,,0.619,,,22.0216,,,,1.8913
656,K02914,,,0.7124128787756413,,,,,,,12.273299999999999,,,,
657,K02916,,,0.6328416702411178,,,,0.723,,,27.045700000000004,,,,8.8812
658,K02919,,,0.604036079750487,,,,0.5579999999999999,,,14.6327,,,,8.746
659,K02921,,0.552,,,,,,,4.1134,,,,,
660,K02926,,,0.7230923797023451,,,,,,,46.94749999999999,,,,
661,K02929,,0.4821964271313219,,,,,,,8.9295,,,,,
662,K02930,,0.5579999999999999,,,,,,,3.7195,,,,,
663,K02931,,,0.651571349351601,,,,,,,119.2738,,,,
664,K02933,,,0.694787894180017,,,,,,,72.8997,,,,
665,K02935,,,0.6408604124148742,,,,,,,35.6891,,,,
666,K02939,,,0.6966633998366943,,,,,,,84.36829999999999,,,,
667,K02945,,,0.6454915880339913,,,,,,,170.46579999999997,,,,
668,K02946,,,0.6400971167549887,,,,,,,102.92869999999999,,,,
669,K02948,,,0.6924878988009656,,,,,,,143.68559999999997,,,,
670,K02950,,,0.6710502491715994,,,,,,,132.3484,,,,
671,K02952,,,0.6670414571705165,,,,,,,81.6316,,,,
672,K02954,,,0.6641224338203695,,,,,,,55.7837,,,,
673,K02956,,,0.6622708452515044,,,,,,,53.5664,,,,
674,K02959,,,0.6772451920227128,,,,,,,33.662,,,,
675,K02961,,,0.6782874808087056,,,,,,,42.4012,,,,
676,K02962,,0.5329999999999999,,,,,,,4.7497,,,,,
677,K02963,,,0.6659615538469892,,,,,,,71.8313,,,,
678,K02965,,,0.6439147908385188,,,,,,,63.35770000000001,,,,
679,K02966,,0.536,,,,,,,4.8528,,,,,
680,K02967,,,0.6843866043776424,,,,,,,82.08440000000002,,,,
681,K02968,,,0.6751098315312742,,,,0.652,,,15.168299999999999,,,,8.6004
682,K02970,,,0.6022809128419419,,,,,,,33.3296,,,,
683,K02974,,0.532,,,,,,,5.3866,,,,,
684,K02976,,0.59,,,,,,,4.9462,,,,,
685,K02979,,0.545,,,,,,,3.6486,,,,,
686,K02982,,0.5379999999999999,0.6650313113201373,,,,,,4.0527,182.72170000000003,,,,
687,K02986,,0.5379999999999999,0.6630949124775964,,,,,,3.9497,71.7933,,,,
688,K02987,,0.43200000000000005,,,,,,,4.4318,,,,,
689,K02988,,,0.6946151203339505,,,,,,,31.4022,,,,
690,K02990,,,0.6453702851702319,,,,0.6618060923966047,,,64.7577,,,,7.068099999999999
691,K02991,,0.5760000000000001,,,,,,,3.8669,,,,,
692,K02992,,0.515,0.662805236321149,,,,,,4.6017,88.6976,,,,
693,K02994,,,0.6708734924701754,,,,,,,83.1312,,,,
694,K02995,,0.427,,,,,,,4.1544,,,,,
695,K02996,,,0.704778075885863,,,,,,,57.0925,,,,
696,K03014,,,,,0.42000000000000004,,,,,,,1.4691,,
697,K03040,,,0.6690468530477084,,,,,,,232.43689999999995,,,,
698,K03042,,0.52,,,,,,,4.0415,,,,,
699,K03047,,0.552,,,,,,,5.096,,,,,
700,K03049,,0.522,,,,,,,5.3603,,,,,
701,K03050,,0.519,,,,,,,3.7098,,,,,
702,K03051,,0.465,,,,,,,4.9576,,,,,
703,K03053,,0.45399999999999996,,,,,,,5.6006,,,,,
704,K03057,,0.564,,,,,,,5.7029,,,,,
705,K03058,,0.506,,,,,,,5.0681,,,,,
706,K03060,,,0.6356209790043247,,,,,,,61.8074,,,,
707,K03070,,,0.663183822519233,,,,,,,90.5307,,,,
708,K03071,,,0.654,,,,,,,4.3801,,,,
709,K03073,,,0.6877753929145582,,,,,,,57.80329999999999,,,,
710,K03075,,,0.6828855522780757,,,,0.6990000000000001,,,18.1162,,,,7.5795
711,K03076,,,0.6645933254205266,,,,,,,57.4509,,,,
712,K03079,,,0.591,,,,,,,2.9772,,,,
713,K03088,0.761,,0.699307150223887,,,,0.7183725647425395,3.5169,,922.3639999999998,,,,39.622299999999996
714,K03089,,,0.6316886439656418,,,,,,,24.744799999999998,,,,
715,K03090,,,0.7135668463619939,,,,,,,21.8291,,,,
716,K03092,,0.685,0.6425605856242567,,,,0.615,,1.3655,69.3943,,,,1.4585
717,K03100,,,0.6548216126185895,,,,,,,57.8658,,,,
718,K03101,,,0.6785911404500992,,,,0.7108174597765626,,,28.1461,,,,10.4709
719,K03105,,0.47300000000000003,,,,,,,4.1312,,,,,
720,K03106,,,0.6829999999999999,,,,,,,17.257,,,,
721,K03110,,0.529,,,,,,,5.387,,,,,
722,K03111,,,0.6806443978496104,,,,0.7169251386291529,,,88.72149999999999,,,,14.894100000000002
723,K03113,,0.46989528347875265,,,,,,,13.1486,,,,,
724,K03116,,0.526,0.634650750456528,,,,0.6818401327842981,,4.3882,20.371899999999997,,,,12.0258
725,K03117,,,0.667,,,,0.725,,,4.7817,,,,3.8786
726,K03118,,0.507,0.6614424608658993,,,,,,4.5679,67.4893,,,,
727,K03120,,0.4475757379858894,,,,,,,9.7666,,,,,
728,K03124,,0.49665028847601317,,,,,0.4732523563104585,,33.3955,,,,,8.807500000000001
729,K03147,,,0.6513939806965645,,,,,,,201.3839,,,,
730,K03149,,,0.701626021274797,,,,,,,34.83969999999999,,,,
731,K03151,,0.695,0.7088690058479532,,,,,,3.019,8.9795,,,,
732,K03154,,,0.7352958968764867,,,,0.73,,,7.8199000000000005,,,,3.7427
733,K03163,,0.522,,,,,,,4.7157,,,,,
734,K03167,,0.526,,,,,,,4.3431,,,,,
735,K03177,,,0.799,,,,,,,4.2084,,,,
736,K03182,,0.551,0.653,,,,,,4.8349,7.9232,,,,
737,K03186,,0.49582515433881924,0.6561152642902051,,,,,,7.6739,9.6552,,,,
738,K03187,,,0.691,,,,,,,1.9461,,,,
739,K03188,,0.456,0.6764801672440957,,,,0.594,,5.1873,6.9641,,,,3.6505
740,K03189,,0.488,0.6560296345735662,,,,,,5.1873,27.695099999999996,,,,
741,K03210,,,0.6150746148843719,,,,,,,27.492199999999997,,,,
742,K03216,,,0.5961178655621524,,,,,,,9.6995,,,,
743,K03217,,,0.6124369713092279,,,,,,,81.7526,,,,
744,K03218,,,0.7483049353133553,,,,,,,12.2883,,,,
745,K03225,,,0.604,,,,,,,2.7095,,,,
746,K03231,,0.517,,,,,,,4.898,,,,,
747,K03236,,0.5047140615657493,,,,,,,10.076,,,,,
748,K03237,,0.506,,,,,,,5.0056,,,,,
749,K03238,,0.44915230423282426,,,,,,,8.4341,,,,,
750,K03242,,0.585,,,,,,,3.4274,,,,,
751,K03243,,0.5479999999999999,,,,,,,4.7199,,,,,
752,K03263,,0.526,,,,,,,3.3582,,,,,
753,K03264,,0.4069999999999999,,,,,,,5.1534,,,,,
754,K03265,,0.47446141502009687,,,,,,,7.3578,,,,,
755,K03269,,,0.657481944795683,,,,,,,8.418800000000001,,,,
756,K03270,,,0.701,,,,,,,4.5168,,,,
757,K03273,,,0.7070000000000001,,,,,,,5.7208,,,,
758,K03282,,0.374,0.6259312257765023,,,,,,4.8281,31.900800000000004,,,,
759,K03284,,,0.6543300298355098,,,,,,,71.41529999999999,,,,
760,K03286,,,0.589,,,,,,,3.0317,,,,
761,K03297,,,0.629386299887582,,,,,,,9.8853,,,,
762,K03299,,,0.653,,,,,,,2.5211,,,,
763,K03300,,,0.696,,,,,,,3.6006,,,,
764,K03301,,,0.589,,,,,,,3.3556,,,,
765,K03303,,,0.6792370119083317,,,,,,,37.2162,,,,
766,K03313,,,0.7068541247314223,,,,,,,49.629799999999996,,,,
767,K03320,,0.5310938449484065,0.6839714077487729,,,,,,17.4893,154.7812,,,,
768,K03324,,,0.5770000000000001,,,,,,,2.6258,,,,
769,K03335,,,0.7190000000000001,,,,,,,6.6448,,,,
770,K03337,,,0.7043409628807628,,,,,,,12.9022,,,,
771,K03338,,,0.703,,,,,,,7.3897,,,,
772,K03365,,,0.703849414850943,,,,,,,14.7983,,,,
773,K03379,,,0.6859999999999999,,,,,,,4.4559,,,,
774,K03380,,,0.7020000000000002,,,,,,,3.5365,,,,
775,K03385,,,0.59,,,,,,,4.4639,,,,
776,K03386,,,0.544,,,,,,,4.0089,,,,
777,K03392,,,0.6414487965153618,,,,,,,10.4603,,,,
778,K03394,,0.525,,,,,,,4.1283,,,,,
779,K03402,,,0.7106048077455843,,,,,,,16.7116,,,,
780,K03405,,,0.6913631481322229,,,,,,,25.842100000000002,,,,
781,K03406,,,0.6893267991791892,,,,,,,53.257099999999994,,,,
782,K03410,,,0.637,,,,,,,5.0938,,,,
783,K03413,,,0.5884761077522414,,,,,,,9.1507,,,,
784,K03418,,,0.6529999999999999,,,,,,,2.8646,,,,
785,K03424,,,0.7312900650300447,,,,,,,40.619299999999996,,,,
786,K03426,,,0.7230272052485579,,,,,,,18.339100000000002,,,,
787,K03427,,0.615,0.6447277175765702,,,,,,5.4325,8.5561,,,,
788,K03433,,0.535,0.5670000000000001,,,,,,5.461,3.9381,,,,
789,K03438,,,0.7168392946533527,,,,,,,68.2087,,,,
790,K03439,,,0.568,,,,,,,2.8349,,,,
791,K03449,,,0.8029999999999999,,,,,,,5.3622,,,,
792,K03455,,0.48180463539609025,0.6043942524072502,,,,,,23.421000000000003,24.6108,,,,
793,K03457,,,0.668788269699413,,,,,,,31.315700000000003,,,,
794,K03464,,0.551,0.667,,,,,,2.8065,2.995,,,,
795,K03465,,0.351,0.6671963458137742,,,,,,5.7553,9.5556,,,,
796,K03466,,,0.6967924963615472,,,,,,,203.32189999999994,,,,
797,K03469,,,0.5890752706167987,,,,,,,8.9267,,,,
798,K03470,,,0.6786802623209366,,,,,,,11.3262,,,,
799,K03478,,,0.5883144368867281,,,,,,,5.7456,,,,
800,K03495,,,0.6850000000000002,,,,,,,4.1096,,,,
801,K03496,,,0.6565233025745438,,,,0.713,,,81.5313,,,,5.6311
802,K03497,,0.48550354342102886,0.7084933573468353,,,,,,10.6189,48.111599999999996,,,,
803,K03498,,,0.6628333132891762,,,,,,,19.8257,,,,
804,K03499,,,0.7199999999999999,,,,,,,6.6575,,,,
805,K03501,,,0.692828978384999,,,,,,,18.7696,,,,
806,K03517,,0.5124098096627204,0.69745614515731,,,,,,7.3712,58.8394,,,,
807,K03518,,,0.6976304307803598,,,,,,,50.1794,,,,
808,K03519,,,0.722,,,,,,,7.1764,,,,
809,K03521,,0.5820601360649428,0.6854751010764464,,,,,,11.2851,112.2174,,,,
810,K03522,,0.519,0.6884430235706638,,,,,,4.0434,105.49310000000001,,,,
811,K03523,,,0.733,,,,,,,4.0967,,,,
812,K03524,,0.5660000000000002,,,,,,,5.7331,,,,,
813,K03525,,,0.7143066046337423,,,,,,,64.71249999999999,,,,
814,K03526,,,0.6791463249556702,,,,,,,163.30920000000003,,,,
815,K03527,,,0.6838255783268882,,,,0.5820000000000001,,,120.12119999999999,,,,3.6425
816,K03530,,,0.6574870493447994,,,,,,,23.1219,,,,
817,K03531,,,0.6915245115136524,,,,,,,245.2107,,,,
818,K03534,,,0.6942330907267921,,,,,,,5.821,,,,
819,K03536,,,0.6847044875221848,,,,0.5809999999999998,,,29.894000000000002,,,,2.1864
820,K03538,,,,,,,0.44799999999999984,,,,,,,6.0495
821,K03540,,0.55,,,,,0.37599999999999995,,4.8528,,,,,1.848
822,K03544,,,0.654173726353055,,,,,,,331.9979,,,,
823,K03545,,,0.7083069648347378,,,,,,,74.30880000000002,,,,
824,K03549,,,0.6719873605144218,,,,,,,11.5976,,,,
825,K03550,,,0.7282058282969799,,,,,,,32.7123,,,,
826,K03551,,,0.7000041364656929,,,,,,,75.90930000000002,,,,
827,K03552,,0.507,,,,,,,4.8616,,,,,
828,K03553,,,0.6621140683498626,,,,,,,137.128,,,,
829,K03556,,,0.721156634749204,,,,0.664,,,222.21029999999993,,,,3.1691
830,K03557,,,0.5987063163999359,,,,,,,8.1043,,,,
831,K03558,,,0.679,,,,,,,1.2025,,,,
832,K03559,,,0.6333527611511963,,,,0.622,,,44.0941,,,,2.5214
833,K03561,,,0.6271735176741338,,,,,,,50.6098,,,,
834,K03563,,,0.6400013093657134,,,,,,,12.9438,,,,
835,K03564,,,0.6677022191769836,,,,,,,48.3157,,,,
836,K03565,,,0.701,,,,,,,7.5934,,,,
837,K03567,,,0.727,,,,,,,2.7355,,,,
838,K03568,,0.5760000000000001,0.6868268125499071,,,,,,5.7603,31.7061,,,,
839,K03569,,,0.6870189874292235,,,,,,,291.21070000000003,,,,
840,K03570,,,0.700418224363464,,,,0.7579575440236409,,,28.0131,,,,12.4546
841,K03571,,,0.6970000000000001,,,,0.6987618033001144,,,5.0442,,,,6.2387
842,K03574,,0.46085775684352104,0.722556195145582,,,,,,7.7074,30.6834,,,,
843,K03575,,,0.7641613861955934,,,,,,,11.9789,,,,
844,K03581,,,0.6729999999999999,,,,,,,3.2004,,,,
845,K03583,,,0.7578286959061946,,,,,,,21.5006,,,,
846,K03584,,,0.7189927098214025,,,,0.7709999999999999,,,35.4846,,,,5.8352
847,K03589,,,0.7316490931123465,,,,,,,4.2955000000000005,,,,
848,K03590,,,0.65848855273741,,,,,,,48.0437,,,,
849,K03591,,,0.657,,,,,,,4.8804,,,,
850,K03593,,0.531,0.6876634891205108,,,,,,4.2793,101.0183,,,,
851,K03594,,,0.6366541599578865,,,,,,,47.1775,,,,
852,K03595,,,0.7173407584256184,,,,,,,30.4496,,,,
853,K03600,,,0.675,,,,,,,6.6282,,,,
854,K03601,,,0.7175711009086924,,,,,,,33.8159,,,,
855,K03602,,,0.7045057824775626,,,,,,,11.4844,,,,
856,K03621,,,0.7129888523985021,,,,,,,41.97410000000001,,,,
857,K03622,,0.425,,,,,,,4.7775,,,,,
858,K03624,,,0.6496460557412168,,,,,,,37.621500000000005,,,,
859,K03625,,,0.7005519765754026,,,,,,,34.3973,,,,
860,K03626,,0.523,,,,,,,4.8731,,,,,
861,K03627,,0.47,,,,,,,5.0079,,,,,
862,K03628,,,0.6577352287570215,,,,,,,175.2054,,,,
863,K03629,,,0.7689130882134171,,,,,,,15.7186,,,,
864,K03630,,,0.651172887030726,,,,,,,16.418599999999998,,,,
865,K03631,,,0.703206499925134,,,,,,,30.9586,,,,
866,K03634,,,0.6579999999999999,,,,,,,6.5776,,,,
867,K03635,,0.4579999999999999,0.6293929577524459,,,,,,4.2276,39.929100000000005,,,,
868,K03636,,0.5035534063073486,0.682030689644095,,,,0.6959948005738198,,9.4052,71.41009999999999,,,,16.424799999999998
869,K03637,,0.47500000000000003,0.7089989651495163,,,,0.407,,4.4768,41.3445,,,,7.4994
870,K03639,,0.4108749757791352,0.6902568352692039,,,,,,9.5524,46.4608,,,,
871,K03640,,,0.6764888491410493,,,,,,,12.737400000000001,,,,
872,K03641,,,0.6282043605110234,,,,,,,8.9871,,,,
873,K03642,,,0.641557894413766,,,,,,,13.136199999999999,,,,
874,K03643,,,0.655,,,,,,,3.937,,,,
875,K03644,,,0.6903983307965217,,,,,,,121.1926,,,,
876,K03647,,,0.63,,,,,,,4.7024,,,,
877,K03648,,,0.742,,,,,,,2.5986,,,,
878,K03650,,,0.716,,,,,,,5.1188,,,,
879,K03652,,0.5493652822694232,0.7428504693853993,,,,0.387,,9.180800000000001,37.794700000000006,,,,3.4787
880,K03657,,,0.679,,,,,,,12.3654,,,,
881,K03664,,,0.6649248899609692,,,,,,,52.232200000000006,,,,
882,K03665,,0.52,0.7024926300131462,,,,,,4.2129,22.081500000000002,,,,
883,K03666,,,0.5759480989915381,,,,,,,12.133199999999999,,,,
884,K03667,,,0.539,,,,,,,3.1747,,,,
885,K03668,,,0.5920000000000001,,,,,,,3.528,,,,
886,K03670,,,0.6664830280888646,,,,,,,8.9661,,,,
887,K03671,,0.5189053447638043,0.6774541777920761,,,,,,8.8992,39.8433,,,,
888,K03673,,,0.657,,,,,,,4.8804,,,,
889,K03679,,0.544,,,,,,,5.0757,,,,,
890,K03684,,,0.6869999999999999,,,,,,,3.3581,,,,
891,K03685,,,0.7132656817902803,,,,,,,17.8061,,,,
892,K03687,,0.4730982286773877,0.6890496546736253,,,,,,9.3128,63.4938,,,,
893,K03688,,0.541,,,,,,,4.7926,,,,,
894,K03698,,,0.6804087382267884,,,,,,,19.0804,,,,
895,K03701,,0.5006906309833735,0.687,,,,,,7.9361,39.5176,,,,
896,K03702,,0.528,0.6654754372121796,,,,,,4.0118,63.91,,,,
897,K03703,,0.529,0.6759560760481194,,,,,,4.1484,40.5821,,,,
898,K03704,,,0.6177811077582143,,,,,,,157.6432,,,,
899,K03705,,,0.6945230509239454,,,,0.738,,,91.42500000000003,,,,4.8544
900,K03707,,,0.636,,,,,,,3.9474,,,,
901,K03709,,0.45684170854824374,0.6997055910020685,,,,,,16.6345,69.86800000000001,,,,
902,K03711,,,0.6813867585181972,,,,,,,10.6686,,,,
903,K03718,,0.46807685562871776,,,,,,,9.7613,,,,,
904,K03719,,,0.6876786462793243,,,,,,,57.4976,,,,
905,K03724,,0.5083527741177676,0.7170000000000001,,,,,,8.4438,15.1626,,,,
906,K03734,,,0.7178966876957645,,,,,,,15.2594,,,,
907,K03741,,0.5449447016705157,0.6921061635674599,,,,,,10.3176,14.7698,,,,
908,K03744,,,0.653683341067377,,,,,,,51.68359999999999,,,,
909,K03750,,,0.7594819939491393,,,,,,,23.0533,,,,
910,K03752,,,0.7184549141656529,,,,,,,5.473000000000001,,,,
911,K03753,,,0.679,,,,,,,8.2632,,,,
912,K03768,,,0.6387397516524038,,,,,,,34.00430000000001,,,,
913,K03772,,,0.7120000000000001,,,,,,,1.9189,,,,
914,K03781,,,0.6595777881244065,,,,,,,87.61710000000001,,,,
915,K03782,,,0.626,,,,,,,6.9852,,,,
916,K03783,,,0.7231627868508959,,,,,,,27.161099999999998,,,,
917,K03784,,,0.7240000000000001,,,,,,,8.8182,,,,
918,K03786,,,0.672,,,,,,,3.3268,,,,
919,K03787,,,0.7026185165343348,,,,,,,45.8029,,,,
920,K03789,,0.54,0.7106116377948111,,,,,,5.2055,25.7849,,,,
921,K03790,,,0.6897015225376503,,,,,,,14.8686,,,,
922,K03795,,0.513,0.6709999999999999,,,,,,7.0363,2.7233,,,,
923,K03797,,,0.6692289192740487,,,,,,,57.886399999999995,,,,
924,K03799,,0.5895588804096584,0.6898127579078278,,,,,,15.043600000000001,58.9325,,,,
925,K03801,,,0.7070000000000001,,,,,,,14.2216,,,,
926,K03806,,,0.703,,,,,,,4.1604,,,,
927,K03808,,,0.6369424174514433,,,,,,,7.375100000000001,,,,
928,K03809,,,0.6833495042171143,,,,,,,20.0077,,,,
929,K03811,,,0.675,,,,,,,5.2967,,,,
930,K03820,,,0.706946149982537,,,,,,,14.0358,,,,
931,K03821,,0.522,0.6921089584724696,,,,,,4.9228,57.2615,,,,
932,K03823,,,0.555,,,,,,,3.4687,,,,
933,K03824,,,0.6172417582490375,,,,,,,12.3954,,,,
934,K03825,,,0.693,,,,,,,5.5921,,,,
935,K03829,,,0.6646206378057246,,,,,,,5.59,,,,
936,K03831,,,0.669,,,,,,,5.5434,,,,
937,K03832,,,0.6505597435080126,,,,0.5870034188910274,,,24.5561,,,,14.0527
938,K03841,,,0.6704458615519722,,,,,,,12.7847,,,,
939,K03880,,,,,0.402,,,,,,,1.8655,,
940,K03885,,0.4,0.6743456247633051,,,,,,5.5489,15.9634,,,,
941,K03886,,,0.6509999999999999,,,,,,,2.7384,,,,
942,K03888,,,0.6890000000000001,,,,,,,5.9312,,,,
943,K03889,,,0.7095133157420028,,,,,,,12.0145,,,,
944,K03890,,,0.6379999999999999,,,,,,,3.1424,,,,
945,K03892,,,0.6714292157380369,,,,,,,37.019999999999996,,,,
946,K03924,,0.7140000000000001,0.6810113683664412,,,,,,18.3026,227.71620000000007,,,,
947,K03925,,,0.6696036764835845,,,,0.6941551122985545,,,36.299,,,,10.7974
948,K03926,,0.477,0.6598498615417867,,,,,,5.0533,17.8156,,,,
949,K03932,,,0.716,,,,,,,3.4602,,,,
950,K03969,,0.4547582279441942,0.6794765748929797,,,,,,8.8237,49.874399999999994,,,,
951,K03973,,,0.7122626787888514,,,,0.7530552266422971,,,50.195800000000006,,,,18.6187
952,K03975,,0.531,0.6852611822949973,,,,0.7132210759239038,,4.3515,80.71650000000001,,,,25.4011
953,K03978,,,0.711,,,,,,,3.1404,,,,
954,K03979,,,0.731456660563053,,,,,,,32.5851,,,,
955,K03980,,,0.7040000000000001,,,,,,,10.2373,,,,
956,K04027,,,0.612,,,,,,,2.9364,,,,
957,K04028,,,0.67,,,,,,,2.8897,,,,
958,K04033,,,0.685,,,,,,,2.1458,,,,
959,K04047,,0.47400000000000003,0.5894640740806417,,,,,,5.8066,28.9808,,,,
960,K04063,,,0.7021206580756227,,,,0.6705991206913451,,,42.52440000000001,,,,8.1184
961,K04065,,,0.6586414247902465,,,,0.595,,,39.5303,,,,4.0766
962,K04066,,,0.7380033663783573,,,,,,,65.8883,,,,
963,K04069,,0.4844388374464442,0.6618528730614223,,,,,,8.1232,14.486,,,,
964,K04070,,0.397,0.6518250852465339,,,,,,5.1381,44.5029,,,,
965,K04074,,,0.7171693403350653,,,,,,,11.687000000000001,,,,
966,K04075,,,0.6764816001198836,,,,,,,15.2904,,,,
967,K04077,,,0.6556605534099009,,,,,,,640.2126,,,,
968,K04078,,,0.6586989723972779,,,,,,,206.71989999999997,,,,
969,K04079,,,0.6344643222535042,,,,,,,5.2478,,,,
970,K04080,,,0.62,,,,,,,3.8712,,,,
971,K04082,,,0.657,,,,,,,1.9044,,,,
972,K04085,,0.4583632744330818,0.6929582694920212,,,,,,6.8744,8.901,,,,
973,K04087,,,0.6844419213591547,,,,,,,12.4427,,,,
974,K04088,,,0.5655151538157854,,,,,,,6.5858,,,,
975,K04096,,,0.6963395703281575,,,,,,,28.6282,,,,
976,K04100,,,0.628,,,,,,,6.2867,,,,
977,K04102,,,0.593,,,,,,,5.6183,,,,
978,K04343,,,0.6944653850062936,,,,0.7509999999999999,,,4.8597,,,,3.3897
979,K04477,,,0.6759999999999999,,,,,,,5.2258,,,,
980,K04483,,0.53,,,,,,,4.9058,,,,,
981,K04485,,,0.7255817359072699,,,,,,,57.183600000000006,,,,
982,K04487,,0.547,,,,,,,5.0534,,,,,
983,K04488,,,0.599,,,,,,,4.3451,,,,
984,K04518,,0.389,,,,,,,3.7821,,,,,
985,K04564,,0.4760747763743631,0.6593921111196569,,,,,,9.0548,108.8406,,,,
986,K04565,,,0.6555846569794735,,,,,,,12.2815,,,,
987,K04566,,0.534,,,,,,,6.8729,,,,,
988,K04567,,,0.6523369765635142,,,,,,,39.4564,,,,
989,K04651,,,,,,,0.7040000000000001,,,,,,,3.0225
990,K04652,,,0.569,,,,,,,4.07,,,,
991,K04653,,,0.67806104971332,,,,0.7191502723387302,,,25.482,,,,14.7262
992,K04654,,,0.6742086800571507,,,,,,,65.6816,,,,
993,K04655,,,0.7531897814879303,,,,,,,26.591900000000003,,,,
994,K04656,,,0.7364617534349057,,,,,,,38.461200000000005,,,,
995,K04744,,,0.664,,,,,,,3.7355,,,,
996,K04749,,,0.6709569759701853,,,,0.7016613126361338,,,97.56110000000001,,,,21.2683
997,K04750,,0.5034127373789293,0.6534838975079792,,,,,,8.3606,74.4131,,,,
998,K04751,,0.5579999999999999,0.6329346787239156,,,,,,4.1019,58.2708,,,,
999,K04752,,,0.619,,,,,,,13.2794,,,,
1000,K04754,,,0.598,,,,,,,4.0806,,,,
1001,K04757,,,0.6856830247968584,,,,0.7224964783161463,,,31.3431,,,,27.1584
1002,K04758,,,0.7340000000000001,,,,,,,4.3716,,,,
1003,K04760,,,0.629,,,,,,,3.7886,,,,
1004,K04762,,,0.69,,,,,,,3.3036,,,,
1005,K04763,,,0.6505173406329431,,,,,,,17.9496,,,,
1006,K04768,,0.606,,,,,,,4.2772,,,,,
1007,K04771,,0.56,,,,,,,5.7793,,,,,
1008,K04773,,,0.6629999999999999,,,,,,,7.8554,,,,
1009,K04795,,0.521,,,,,,,4.4301,,,,,
1010,K04796,,0.502,,,,,,,4.9568,,,,,
1011,K04798,,0.491,,,,,,,2.9413,,,,,
1012,K04799,,0.537,,,,,,,4.0885,,,,,
1013,K04800,,0.555,,,,,,,5.946,,,,,
1014,K04802,,0.476690285894492,,,,,,,7.262600000000001,,,,,
1015,K05275,,,0.691,,,,,,,2.7963,,,,
1016,K05303,,,0.7092699128527028,,,,,,,6.5858,,,,
1017,K05337,,0.45035132429332253,0.6761882229001919,,,,0.7290000000000001,,10.3103,21.9017,,,,7.8683
1018,K05375,,,0.444,,,,,,,1.875,,,,
1019,K05501,,,0.654,,,,,,,7.7631,,,,
1020,K05520,,,0.6826712330287255,,,,,,,19.4585,,,,
1021,K05522,,,0.7367654430158822,,,,,,,8.1548,,,,
1022,K05524,,,0.6134432097652437,,,,,,,19.1128,,,,
1023,K05527,,,0.6902247876104218,,,,,,,12.1405,,,,
1024,K05555,,0.42999569270172455,0.6565881491853306,,,,0.636,,8.1526,8.2354,,,,3.4882
1025,K05558,,0.435,0.6957959781737686,,,,,,4.51,23.0671,,,,
1026,K05580,,,0.322,,,,,,,4.2727,,,,
1027,K05589,,,0.667,,,,,,,5.8055,,,,
1028,K05595,,0.4924670734181302,0.631,,,,,,7.9515,2.6708,,,,
1029,K05606,,0.524,0.6594928438749258,,,,,,4.9492,24.0153,,,,
1030,K05710,,0.43089641612872565,0.6914710458585294,,0.503,,,,24.263199999999998,22.9813,,2.9641,,
1031,K05770,,,0.7040000000000001,,,,,,,1.3289,,,,
1032,K05773,,,0.7219999999999999,,,,,,,4.8843,,,,
1033,K05788,,,0.6645168962633534,,,,,,,12.0434,,,,
1034,K05794,,0.44952394982136745,0.6581575618301319,,,,0.7020000000000001,,8.1521,49.5978,,,,9.9395
1035,K05799,,,0.7090068790216721,,,,,,,19.8251,,,,
1036,K05800,,,0.6409999999999999,,,,,,,8.8769,,,,
1037,K05805,,,0.5920000000000001,,,,,,,3.2838,,,,
1038,K05807,,,0.6366340617740187,,,,,,,8.375499999999999,,,,
1039,K05808,,,0.53,,,,,,,3.627,,,,
1040,K05810,,,0.7133769228230054,,,,,,,28.9576,,,,
1041,K05826,,0.532435819557857,,,,,,,7.7324,,,,,
1042,K05828,,0.529,,,,,,,3.9194,,,,,
1043,K05829,,0.53,,,,,,,3.9194,,,,,
1044,K05838,,,0.7254709938405388,,,,,,,9.0809,,,,
1045,K05844,,,0.691,,,,,,,4.3675,,,,
1046,K05845,,,0.6713392522791874,,,,0.677,,,80.80799999999999,,,,5.258
1047,K05846,,,0.6894005212919331,,,,,,,28.8656,,,,
1048,K05847,,,0.713,,,,,,,14.0202,,,,
1049,K05879,,,0.7779999999999999,,,,,,,4.7626,,,,
1050,K05896,,,0.6934581166223521,,,,0.5479999999999999,,,30.295800000000003,,,,3.5144
1051,K05913,,,0.6528454444259754,,0.7120000000000001,,,,,16.6107,,6.2976,,
1052,K05937,,,0.483,,,,,,,3.8196,,,,
1053,K05947,,0.5429999999999999,,,,,,,5.8066,,,,,
1054,K05979,,,0.6791652991713657,,,,,,,18.7422,,,,
1055,K05989,,,0.6922006335118536,,,,,,,24.8121,,,,
1056,K05995,,,0.6567348963401665,,,,,,,17.8316,,,,
1057,K05996,,,0.684,,,,,,,4.9377,,,,
1058,K06006,,,0.6990000000000001,,,,,,,4.8667,,,,
1059,K06013,,,0.6747783694369095,,,,,,,18.3246,,,,
1060,K06015,,,0.6443237624069117,,,,,,,18.6638,,,,
1061,K06023,,,0.6362500061498667,,,,,,,6.0586,,,,
1062,K06024,,0.537,0.7271441367180687,,,,,,5.2348,43.046099999999996,,,,
1063,K06041,,,0.6731779620377218,,,,,,,5.7958,,,,
1064,K06048,,,0.6949359937187711,,,,0.679,,,172.08949999999996,,,,3.5598
1065,K06075,,0.366,0.731,,,,,,4.0149,7.5499,,,,
1066,K06077,,,,,,,0.691,,,,,,,3.1205
1067,K06136,,,0.69,,,,,,,1.9875,,,,
1068,K06137,,0.525,0.7032358268920613,,,,,,5.4194,32.836,,,,
1069,K06138,,,0.7261772598356726,,,,0.6990000000000001,,,17.3774,,,,1.9236
1070,K06142,,,0.6691119497639056,,,,,,,13.0916,,,,
1071,K06152,,,0.690997838701541,,,,,,,15.8508,,,,
1072,K06153,,0.528,0.6774002799910817,,,,0.778,,4.45,80.63799999999999,,,,2.8698
1073,K06164,,,0.6589492458717808,,,,,,,5.7275,,,,
1074,K06167,,,0.6293971184828349,,,,,,,10.1415,,,,
1075,K06174,,0.520957734006207,,,,,,,7.9855,,,,,
1076,K06176,,0.5072787039211082,,,,,,,7.345700000000001,,,,,
1077,K06186,,,0.669,,,,,,,5.5105,,,,
1078,K06187,,,0.7086912577987612,,,,,,,63.39569999999999,,,,
1079,K06190,,,0.6157112427832923,,,,,,,10.652000000000001,,,,
1080,K06191,,,0.662,,,,,,,5.9592,,,,
1081,K06195,,,0.6970000000000001,,,,,,,5.5617,,,,
1082,K06196,,0.523,0.7126135342116678,,,,,,6.0253,24.0061,,,,
1083,K06197,,,0.6702877783065195,,,,,,,8.5637,,,,
1084,K06199,,,,,,,0.7331111111111112,,,,,,,6.7926
1085,K06200,,,0.6925927762247318,,,,,,,21.4543,,,,
1086,K06204,,,0.6416021372609343,,,,,,,54.0861,,,,
1087,K06206,,,0.6901085944763397,,,,,,,3.8581000000000003,,,,
1088,K06207,,,0.663396661951532,,,,,,,22.2037,,,,
1089,K06208,,,0.7064832986734999,,,,,,,33.0437,,,,
1090,K06213,,,0.6654089244936814,,,,,,,35.6447,,,,
1091,K06215,,0.4777438778322326,0.6929395414234847,,,,,,11.6528,146.8745,,,,
1092,K06217,,,0.6738885485446426,,,,,,,83.5755,,,,
1093,K06218,,,0.595,,,,,,,2.045,,,,
1094,K06223,,,0.5479999999999999,,,,,,,4.1837,,,,
1095,K06284,,,0.6559999999999999,,,,,,,1.835,,,,
1096,K06287,,,0.7039088389945856,,,,,,,14.0267,,,,
1097,K06336,,,,,,,0.6579999999999999,,,,,,,4.9983
1098,K06346,,,0.6761368581538029,,,,,,,28.7136,,,,
1099,K06381,,,0.7047106538813958,,,,,,,29.2375,,,,
1100,K06384,,0.5429999999999999,,,,,0.7279999999999999,,4.2628,,,,,5.5165
1101,K06400,,,0.6865494199169869,,,,0.599,,,7.2477,,,,3.5686
1102,K06402,,,0.7113942426037025,,,,,,,15.6432,,,,
1103,K06412,,,0.469,,,,,,,1.906,,,,
1104,K06413,,,0.6677370064384924,,,,,,,23.4345,,,,
1105,K06442,,,0.6797308384188677,,,,,,,43.979699999999994,,,,
1106,K06603,,,0.726,,,,,,,5.5055,,,,
1107,K06859,,,0.727,,,,,,,3.6989,,,,
1108,K06863,,0.528126800492728,,,,,,,8.9661,,,,,
1109,K06864,,0.4985288497725167,0.6895713042401809,,,,,,9.9138,11.9864,,,,
1110,K06867,,,0.6497803653655178,,,,,,,11.2454,,,,
1111,K06872,,,0.62093981882841,,,,,,,4.927300000000001,,,,
1112,K06875,,0.562,,,,,,,3.7161,,,,,
1113,K06878,,,0.6327225171880247,,,,,,,8.7901,,,,
1114,K06880,,,0.6790681413323993,,,,,,,4.6997,,,,
1115,K06881,,,0.6943629067879433,,,,,,,12.7289,,,,
1116,K06884,,0.5850796444214633,0.634,,,,,,8.924,4.5,,,,
1117,K06885,,0.56,,,,,,,4.4902,,,,,
1118,K06886,,,0.6528049455337573,,,,,,,78.88079999999998,,,,
1119,K06888,,0.5017756919925753,0.6890372835480799,,,,,,17.052100000000003,80.5405,,,,
1120,K06889,,,0.5801868470838714,,0.392,,,,,12.758099999999999,,6.1494,,
1121,K06890,,,0.625,,,,,,,4.2162,,,,
1122,K06891,,,0.6487612282164278,,,,0.5820000000000001,,,42.425,,,,2.9426
1123,K06893,,,0.6327497055154957,,,,0.6712624559533061,,,50.667899999999996,,,,21.301199999999998
1124,K06895,,,0.679,,,,,,,1.4696,,,,
1125,K06897,,0.39917466399088825,0.6515671225926533,,,,,,14.0337,9.3912,,,,
1126,K06898,,,0.7126953906242188,,,,,,,21.156800000000004,,,,
1127,K06901,,,0.6717605009258829,,,,,,,47.778600000000004,,,,
1128,K06902,,,0.6779999999999999,,,,,,,2.634,,,,
1129,K06903,,,0.669,,,,,,,2.5905,,,,
1130,K06904,,,0.6043821362553853,,,,,,,6.2843,,,,
1131,K06907,,,0.6739735011163206,,,,,,,22.4594,,,,
1132,K06911,,0.522,0.6835636999477022,,,,,,4.1942,115.88050000000003,,,,
1133,K06915,,0.545,0.679972649764683,,,,,,4.7052,10.366,,,,
1134,K06920,,0.496700549157294,0.659440998896417,,,,,,12.595099999999999,10.939400000000001,,,,
1135,K06921,,,0.6546464908397566,,,,0.706,,,5.7355,,,,2.5588
1136,K06925,,,0.614,,,,,,,3.2695,,,,
1137,K06926,,,0.6459999999999999,,,,,,,3.1276,,,,
1138,K06928,,,0.7284091957943991,,,,,,,12.0129,,,,
1139,K06929,,0.369,0.6644171009051819,,,,,,5.2256,16.2232,,,,
1140,K06932,,0.564,,,,,,,3.3748,,,,,
1141,K06934,,,0.6625420976443999,,,,0.664,,,4.736000000000001,,,,2.1695
1142,K06937,,0.4923800415082836,0.6605996836146453,,,,,,14.2442,36.3033,,,,
1143,K06938,,,0.667,,,,,,,4.4406,,,,
1144,K06940,,0.49708449968748825,0.6571445604960571,,,,,,10.257900000000001,7.032500000000001,,,,
1145,K06941,,,0.6857043315151741,,,,0.564,,,61.495999999999995,,,,3.3427
1146,K06944,,0.551,,,,,,,4.0041,,,,,
1147,K06945,,,0.7030450260227296,,,,,,,46.3134,,,,
1148,K06949,,,0.7628752218044356,,,,,,,20.3089,,,,
1149,K06950,,0.5294277437391509,,,,,,,8.3964,,,,,
1150,K06952,,,0.7090480483253383,,,,,,,13.4941,,,,
1151,K06953,,0.573,,,,,,,4.6344,,,,,
1152,K06958,,,0.6691837860154722,,,,,,,24.9109,,,,
1153,K06960,,,0.6641028778812795,,,,0.755,,,19.2541,,,,4.6136
1154,K06961,,0.542,,,,,,,4.542,,,,,
1155,K06963,,0.528,,,,,,,4.7497,,,,,
1156,K06965,,0.5379999999999999,,,,,,,5.0533,,,,,
1157,K06969,,,0.6809999999999999,,,,,,,4.0435,,,,
1158,K06971,,,0.6646847605426582,,,,,,,11.2943,,,,
1159,K06973,,,0.7121067944471073,,,,0.713,,,32.8214,,,,2.7925
1160,K06974,,,0.376,,,,,,,5.2394,,,,
1161,K06981,,0.39100000000000007,,,,,,,4.6544,,,,,
1162,K06985,,,0.708,,,,,,,2.4864,,,,
1163,K06987,,,0.6323531484914274,,,,,,,11.1174,,,,
1164,K06988,,,0.6161312556868976,,,,0.6679999999999999,,,10.8646,,,,4.2151
1165,K06991,,,0.708,,,,,,,1.8565,,,,
1166,K06994,,,0.6974366014990979,,,,,,,145.5445,,,,
1167,K06995,,,,,,,0.687,,,,,,,2.4939
1168,K06996,,0.35,0.698411680079538,,,,0.66,,4.5231,169.92329999999998,,,,1.8443
1169,K06997,,,0.7007725137974373,,,,,,,24.453,,,,
1170,K06998,,,0.6923579306149239,,,,,,,29.8827,,,,
1171,K06999,,,0.5294187930422994,,,,,,,7.950900000000001,,,,
1172,K07000,,,0.7170000000000001,,,,,,,2.2637,,,,
1173,K07001,,,0.71,,,,,,,3.1504,,,,
1174,K07002,,,0.763,,,,,,,6.839,,,,
1175,K07004,,,0.7020000000000001,,,,,,,7.8392,,,,
1176,K07005,,0.5024375486593318,0.7290623740904747,,,,,,23.6621,19.8283,,,,
1177,K07006,,,0.6672688974911054,,,,,,,13.2501,,,,
1178,K07009,,,0.7464702802339651,,,,,,,10.7176,,,,
1179,K07010,,,0.7313305680524361,,,,,,,19.9711,,,,
1180,K07020,,,0.7361528224705556,,,,,,,10.5579,,,,
1181,K07023,,0.4371587082785802,,,,,,,7.3191,,,,,
1182,K07025,,0.332,,,,,,,5.6521,,,,,
1183,K07027,,0.41100000000000003,,,,,,,3.7326,,,,,
1184,K07029,,0.532,0.684003908537732,,,,,,4.1005,20.7236,,,,
1185,K07030,,,0.7405281025471844,,,,,,,43.7131,,,,
1186,K07032,,0.3389999999999999,0.5546067825028401,,,,,,3.7955,18.2986,,,,
1187,K07034,,,0.696,,,,,,,4.1633,,,,
1188,K07037,,,0.698,,,,,,,4.0275,,,,
1189,K07038,,,0.6623819281511281,,,,,,,19.528100000000002,,,,
1190,K07040,,,0.6698333387692098,,,,,,,17.3826,,,,
1191,K07042,,,0.6962329729870327,,,,0.6609999999999999,,,14.0683,,,,2.9098
1192,K07044,,,0.6829999999999999,,,,,,,3.0958,,,,
1193,K07045,,,0.6659999999999999,,,,,,,4.1795,,,,
1194,K07046,,,0.6409999999999999,,,,,,,3.7044,,,,
1195,K07050,,0.5539999999999999,,,,,,,4.8466,,,,,
1196,K07051,,0.502,0.6628789301953847,,,,,,4.2385,19.0664,,,,
1197,K07052,,0.561,0.6868778042086167,,,,0.6777912102540329,,4.6333,38.87330000000001,,,,12.0942
1198,K07053,,,0.7351887233509907,,,,0.784,,,35.2512,,,,5.2015
1199,K07054,,,0.6880637689095013,,,,,,,25.8874,,,,
1200,K07056,,,0.7169693533541,,,,,,,54.9724,,,,
1201,K07058,,,0.6681838644041186,,,,0.7058790135558971,,,139.7815,,,,28.114800000000002
1202,K07060,,0.493,,,,,,,5.1826,,,,,
1203,K07063,,,0.7090000000000001,,,,,,,3.6574,,,,
1204,K07064,,,0.6896377131921535,,,,,,,11.179400000000001,,,,
1205,K07065,,,0.6015896287234231,,,,0.6559999999999999,,,13.537200000000002,,,,2.4309
1206,K07068,,0.5660000000000001,0.6493065411160986,,,,,,3.3904,34.6614,,,,
1207,K07071,,,0.7338905585708425,,,,,,,9.9823,,,,
1208,K07074,,,0.623,,,,,,,3.059,,,,
1209,K07075,,,0.7040000000000001,,,,,,,3.7674,,,,
1210,K07076,,,0.573,,,,,,,2.2008,,,,
1211,K07080,,,0.6500316768531919,,,,0.634,,,19.003,,,,3.392
1212,K07082,,,0.6842766930888541,,,,0.552,,,33.8678,,,,3.3777
1213,K07089,,,0.7152884831222638,,,,,,,7.7828,,,,
1214,K07090,,0.5293759011119878,0.7009889168199614,,0.71,,0.6784034687930383,,13.464299999999998,74.11909999999999,,3.7291,,12.1871
1215,K07093,,,0.6840400032309993,,,,,,,71.254,,,,
1216,K07095,,,0.6687111300908412,,,,,,,18.5557,,,,
1217,K07096,,,0.721,,,,,,,3.9897,,,,
1218,K07097,,0.5479999999999999,,,,,,,3.53,,,,,
1219,K07098,,,0.7592941619828951,,,,,,,16.886499999999998,,,,
1220,K07100,,,0.6138133698436621,,,,,,,19.7283,,,,
1221,K07104,,,0.6718421084766586,,,,,,,43.9991,,,,
1222,K07106,,,0.6688103772852784,,,,,,,6.6632,,,,
1223,K07107,,,0.6876694905091864,,0.618,,,,,48.424200000000006,,2.8301,,
1224,K07112,,,0.655,,,,0.7490000000000001,,,6.5425,,,,2.3815
1225,K07113,,,0.7719969585654594,,,,,,,11.014500000000002,,,,
1226,K07114,,,0.7353640662950762,,,,,,,24.6119,,,,
1227,K07115,,,0.652,,,,,,,1.2061,,,,
1228,K07118,,,0.7308650635792991,,,,,,,6.3637999999999995,,,,
1229,K07120,,,0.648,,,,,,,1.8164,,,,
1230,K07123,,,0.725,,,,,,,2.8874,,,,
1231,K07124,,,0.73,,,,,,,3.1136,,,,
1232,K07126,,,0.6468657584344015,,,,,,,7.775499999999999,,,,
1233,K07130,,0.45288711625065703,0.7203055995397495,,,,,,11.5878,35.4542,,,,
1234,K07131,0.7340000000000001,,0.6858709602563698,,,,,6.5007,,35.9353,,,,
1235,K07141,,,0.6670345878797818,,,,,,,9.6082,,,,
1236,K07142,,0.46820409214210856,,,,,,,9.7884,,,,,
1237,K07147,,,0.627444480384805,,,,,,,7.179600000000001,,,,
1238,K07148,,,0.473,,,,,,,2.4142,,,,
1239,K07152,,,0.6757662177312146,,,,0.765,,,13.325199999999999,,,,4.7783
1240,K07154,,,0.619,,,,,,,2.894,,,,
1241,K07156,,0.4282288524995118,0.7052257688919937,,,,0.423,,11.189900000000002,13.2827,,,,4.4644
1242,K07157,,,0.674,,,,,,,5.9984,,,,
1243,K07158,,0.4840837423279987,,,,,,,3.6083,,,,,
1244,K07159,,0.5394293264975761,,,,,,,9.527,,,,,
1245,K07160,,,0.6875828622242078,,,,,,,10.8262,,,,
1246,K07161,,,0.7242721925495145,,,,,,,82.5184,,,,
1247,K07165,,,0.6957035726031014,,,,,,,6.2545,,,,
1248,K07171,,,0.6050730271399052,,,,,,,13.5917,,,,
1249,K07177,,,0.6809999999999999,,,,,,,4.1996,,,,
1250,K07178,,0.531,,,,,,,3.6757,,,,,
1251,K07180,,,0.602,,,,,,,13.3402,,,,
1252,K07181,,,0.735,,,,0.72,,,9.9088,,,,5.9059
1253,K07182,,,0.609,,,,0.7309640218262803,,,2.9181,,,,12.2605
1254,K07192,,,0.6864438802623396,,,,,,,39.609700000000004,,,,
1255,K07213,,,0.6810171527797506,,,,,,,10.0336,,,,
1256,K07220,,0.541,0.6598338854740171,,,,,,4.6981,71.35,,,,
1257,K07223,,,0.6860042124401999,,,,,,,9.742,,,,
1258,K07228,,,0.7370456050775792,,,,,,,11.486999999999998,,,,
1259,K07240,,,0.6977991375260983,,,,,,,52.97129999999999,,,,
1260,K07241,,,0.6491867484682244,,,,,,,6.0449,,,,
1261,K07243,,0.49724116544166247,0.6815175683594994,,,,,,8.2314,10.5855,,,,
1262,K07254,,0.528,,,,,,,3.3165,,,,,
1263,K07257,,,0.7145632939632849,,,,,,,5.4497,,,,
1264,K07259,,,0.7161027220143892,,,,,,,14.1284,,,,
1265,K07260,,,0.6947864452432254,,,,,,,57.681200000000004,,,,
1266,K07261,,,0.7153221528760199,,,,0.7559999999999999,,,24.9272,,,,6.1445
1267,K07273,,,0.6517328827336305,,,,0.6759999999999999,,,9.514,,,,2.2885
1268,K07284,,,0.6716631037108323,,,,,,,22.963099999999997,,,,
1269,K07300,,,0.6840388746213136,,,,,,,103.79290000000002,,,,
1270,K07301,,,0.6567851943297852,,,,,,,19.582,,,,
1271,K07302,,,0.6060355606850493,,,,,,,7.5706,,,,
1272,K07304,,0.3710966820974493,0.6478584134863018,,,,,,13.5537,122.49650000000001,,,,
1273,K07305,,0.609,0.6603612819307966,,,,,,1.9232,24.2205,,,,
1274,K07315,,,0.7122604682893698,,,,,,,29.312200000000004,,,,
1275,K07321,,,0.503,,,,,,,2.7433,,,,
1276,K07323,,,0.6240296807650154,,,,0.6505185259616748,,,6.9765,,,,4.0537
1277,K07335,,0.415,0.6764438187261519,,,,,,3.0756,35.604200000000006,,,,
1278,K07341,,,0.5920000000000001,,,,,,,1.8431,,,,
1279,K07344,,,0.634,,,,,,,1.4705,,,,
1280,K07390,,,0.6640909267947284,,,,,,,31.854,,,,
1281,K07391,,,0.6896789818809274,,,,,,,56.44840000000001,,,,
1282,K07393,,,0.6389668524564552,,,,,,,9.6967,,,,
1283,K07395,,,0.63,,,,,,,1.848,,,,
1284,K07397,,,0.690227900283903,,,,0.7290513674628489,,,5.1426,,,,8.971
1285,K07398,,0.55,,,,,,,4.8731,,,,,
1286,K07399,,,,,0.742,,,,,,,6.0391,,
1287,K07402,,,0.7288542158016845,,,,0.7959999999999999,,,77.8297,,,,3.7547
1288,K07403,,0.524,0.6430119653401491,,,,,,2.3131,12.484399999999999,,,,
1289,K07404,,,0.6446010093387645,,,,,,,18.541800000000002,,,,
1290,K07407,,,0.6703057685310495,,,,,,,15.015199999999998,,,,
1291,K07441,,,0.685,,,,,,,5.5794,,,,
1292,K07442,,0.53,0.6822578862054164,,,,,,4.5252,24.2161,,,,
1293,K07443,,0.519,,,,,,,4.2499,,,,,
1294,K07447,,,0.702485985151474,,,,,,,34.577799999999996,,,,
1295,K07451,,,0.6685555083234234,,,,0.688,,,61.5374,,,,4.2143
1296,K07458,,,0.667,,,,,,,1.6296,,,,
1297,K07460,,,0.72229231508599,,,,,,,26.6848,,,,
1298,K07461,,,0.6438364708303572,,,,,,,8.117,,,,
1299,K07462,,,0.7304517881467097,,,,,,,39.09310000000001,,,,
1300,K07465,,,0.72,,,,,,,3.7427,,,,
1301,K07477,,0.542,,,,,0.39,,4.8616,,,,,4.6147
1302,K07478,,,0.6930144079293493,,,,,,,68.52420000000001,,,,
1303,K07480,,,0.5739832886149316,,,,0.5770000000000001,,,22.8476,,,,2.3823
1304,K07481,,,0.6358529526061819,,,,,,,49.2393,,,,
1305,K07482,,,0.693172397565545,,,,,,,70.4476,,,,
1306,K07483,,,0.6419785319399496,,,,,,,113.84640000000002,,,,
1307,K07484,,,0.6572326426215473,,,,0.679,,,93.90390000000001,,,,3.2888
1308,K07485,,,0.6644036074739073,,,,,,,29.8238,,,,
1309,K07486,,,0.6692548629043017,,0.698,,0.6418177187758753,,,767.8054999999997,,8.6067,,42.59
1310,K07487,,,0.6514176725141939,,,,,,,41.677800000000005,,,,
1311,K07488,,,0.6490683521015174,,0.286,,,,,16.312,,7.3309,,
1312,K07491,,,0.6270543853979527,,,,,,,43.96969999999999,,,,
1313,K07492,,0.302,0.6471282539188555,,,,,,4.9517,96.9954,,,,
1314,K07493,,,0.6739889306121196,,,,,,,289.14509999999996,,,,
1315,K07494,,,0.6230954594124357,,0.4499326350723845,,0.5081572226669812,,,174.85899999999998,,15.1868,,13.2779
1316,K07495,,,0.605891438838509,,,,0.5682129455910443,,,45.4815,,,,8.7441
1317,K07496,,,0.56781416334927,,,,0.5009140470776284,,,20.6546,,,,5.2618
1318,K07497,,0.622,0.6549296357665388,,0.47301667286741217,,0.4405159503123202,,2.4309,464.3254,,50.524100000000004,,20.512
1319,K07498,,,0.5800471998467301,,,,,,,6.5743,,,,
1320,K07499,,,0.6650280154805885,,,,0.42967748084128615,,,27.5404,,,,8.738299999999999
1321,K07503,,,0.7062742001253658,,,,,,,48.74849999999999,,,,
1322,K07506,,,0.6111312776877676,,,,,,,14.8904,,,,
1323,K07507,,0.4563404157011103,0.6620324387010186,,,,,,9.7431,17.939899999999998,,,,
1324,K07560,,,0.7014775823555081,,,,,,,38.968700000000005,,,,
1325,K07565,,,,,,,0.406,,,,,,,3.3137
1326,K07566,,0.544,0.7062006324930806,,,,,,4.7497,26.406599999999997,,,,
1327,K07568,,,0.7037340922802129,,,,,,,12.7844,,,,
1328,K07569,,0.516,,,,,,,4.1312,,,,,
1329,K07571,,,0.677,,,,,,,7.0653,,,,
1330,K07572,,0.508,,,,,,,4.9733,,,,,
1331,K07573,,0.5579999999999999,,,,,,,4.0354,,,,,
1332,K07580,,0.574,,,,,,,3.8456,,,,,
1333,K07581,,,0.518,,,,,,,4.8121,,,,
1334,K07583,,0.515,,,,,,,6.5318,,,,,
1335,K07588,,0.53,0.721,,,,,,5.085,5.9774,,,,
1336,K07646,,,0.732267041141352,,,,,,,14.734300000000001,,,,
1337,K07684,,,0.637,,,,,,,7.6048,,,,
1338,K07692,,,0.637,,,,,,,7.6048,,,,
1339,K07693,,,0.685,,,,,,,3.1026,,,,
1340,K07721,,0.37799999999999995,,,,,,,4.3037,,,,,
1341,K07722,,0.4529999999999999,0.5479999999999999,,,,,,3.4444,2.2215,,,,
1342,K07726,,,0.677,,,,0.492,,,2.6329,,,,4.0431
1343,K07727,,,0.6720000000000002,,,,,,,5.2773,,,,
1344,K07729,,,0.6886180562466354,,,,0.649,,,8.5284,,,,3.7388
1345,K07732,,0.5199362282460992,,,,,,,5.6207,,,,,
1346,K07733,,,0.6784209337363848,,,,,,,8.3862,,,,
1347,K07735,,,0.6758047492386839,,,,0.669,,,44.17580000000001,,,,1.8136
1348,K07736,,,0.6165861593307623,,,,,,,116.58390000000001,,,,
1349,K07738,,,0.7006721590600077,,,,,,,50.2552,,,,
1350,K07739,,0.541,,,,,,,5.4794,,,,,
1351,K07742,,,0.732,,,,,,,5.0037,,,,
1352,K07749,,,0.6829999999999999,,,,,,,10.8584,,,,
1353,K07755,,0.3529999999999999,0.5986569740747608,,,,,,3.8859,20.4518,,,,
1354,K07778,,,0.695,,,,,,,3.9164,,,,
1355,K07793,,,0.6613347419891338,,,,,,,227.41029999999998,,,,
1356,K07794,,,0.6490880558463203,,,,0.585,,,11.1335,,,,1.4852
1357,K07795,,,0.6708053403884326,,,,,,,99.03599999999999,,,,
1358,K07814,,,0.6890000000000001,,,,,,,4.9454,,,,
1359,K07979,,,0.5579999999999999,,,,,,,2.6891,,,,
1360,K08095,,,0.669,,,,,,,2.8686,,,,
1361,K08096,,0.382,,,,,,,4.658,,,,,
1362,K08097,,0.564,0.669,,,,,,3.4427,5.9847,,,,
1363,K08281,,,0.699394200422072,,,,,,,23.0613,,,,
1364,K08296,,0.573,0.6097167324635975,,,,0.71,,4.8272,33.769600000000004,,,,1.4719
1365,K08303,,,0.688,,,,,,,3.6072,,,,
1366,K08305,,,0.6860784514603004,,,,,,,10.5378,,,,
1367,K08307,,,0.6690970126810943,,,,,,,27.786500000000004,,,,
1368,K08309,,,0.6706818708270649,,,,,,,12.9756,,,,
1369,K08311,,,0.6828992688338705,,,,,,,17.7521,,,,
1370,K08316,,,0.7283657021346601,,,,,,,15.6184,,,,
1371,K08319,,,0.708,,,,,,,4.0316,,,,
1372,K08321,,0.5579999999999999,,,,,,,4.3003,,,,,
1373,K08364,,,0.568,,,,,,,2.0267,,,,
1374,K08482,,,0.6172125220398597,,,,,,,8.8702,,,,
1375,K08591,,,0.7282464182939994,,,,,,,11.5901,,,,
1376,K08602,,0.525,0.6888834158687771,,,,,,6.2434,23.311799999999998,,,,
1377,K08641,,,0.6886396588385384,,,,0.7718802932512275,,,9.819700000000001,,,,7.3235
1378,K08681,,0.48846875271282286,0.7197898617197019,,,,,,9.530800000000001,11.3289,,,,
1379,K08722,,,0.541,,,,,,,2.6504,,,,
1380,K08738,,,0.690536956170615,,,,,,,15.6024,,,,
1381,K08963,,0.569,0.6667055624539124,,,,,,4.1689,19.966,,,,
1382,K08967,,,0.5548525688417403,,,,,,,6.4394,,,,
1383,K08970,,0.48,0.7092022827439212,,,,,,4.8763,20.7911,,,,
1384,K08972,,,0.6794162599144912,,,,0.6695557199299851,,,42.632000000000005,,,,15.875900000000001
1385,K08975,,0.5479999999999999,,,,,,,5.1215,,,,,
1386,K08976,,,0.5479999999999999,,,,,,,2.4603,,,,
1387,K08979,,0.5350306972565227,,,,,,,8.9814,,,,,
1388,K08981,,,0.7390000000000001,,,,0.721,,,4.1875,,,,5.7288
1389,K08982,,0.5,,,,,,,4.0045,,,,,
1390,K08984,,,0.667,,,,,,,3.5881,,,,
1391,K08989,,,0.645,,,,,,,4.6419,,,,
1392,K08990,,,0.7102035363522968,,,,,,,4.8515999999999995,,,,
1393,K08992,,,0.6479469733275759,,,,0.6229588943708879,,,7.685499999999999,,,,13.0064
1394,K08995,,,0.5891113812706433,,,,,,,3.3766,,,,
1395,K08998,,,0.6872679777064629,,,,,,,42.7725,,,,
1396,K08999,0.6779999999999999,0.52,0.6519435659114796,,,,0.6990000000000001,2.8724,4.188,59.4457,,,,4.592
1397,K09001,,,0.7132177704374119,,,,,,,11.0165,,,,
1398,K09005,,0.5001164716876225,0.73479430948999,,,,0.655,,14.24,11.2462,,,,6.0044
1399,K09007,,,0.619,,,,,,,13.4711,,,,
1400,K09008,,,0.7440000000000001,,,,,,,2.6479,,,,
1401,K09009,,,0.779053965730246,,,,,,,10.2302,,,,
1402,K09012,,,0.6858266287213409,,,,,,,10.7044,,,,
1403,K09013,,0.4000000000000001,0.6741068619116868,,,,,,3.8583,109.1481,,,,
1404,K09014,,0.504,0.6646003277129896,,,,,,5.8147,99.9241,,,,
1405,K09022,,,0.6649138687081824,,,,0.67,,,97.6179,,,,3.4299
1406,K09117,,,0.6617522981052039,,,,,,,19.943100000000005,,,,
1407,K09118,,,0.6889680643400823,,,,,,,18.1862,,,,
1408,K09119,,0.523,,,,,,,4.7497,,,,,
1409,K09120,,0.4934426329928088,0.691,,,,,,8.1087,2.7302,,,,
1410,K09121,,0.5489999999999999,,,,,,,5.0534,,,,,
1411,K09122,,0.5589999999999999,0.591,,,,,,4.3131,3.3158,,,,
1412,K09125,,,0.6406181579620649,,,,0.667,,,12.206199999999999,,,,3.691
1413,K09132,,,0.622,,,,,,,4.24,,,,
1414,K09136,,0.561,0.642742157296739,,,,,,4.2395,8.6348,,,,
1415,K09140,,0.54,,,,,,,5.959,,,,,
1416,K09143,,0.346,0.685,,,,,,3.4332,4.9475,,,,
1417,K09144,,,0.6920000000000001,,,,,,,2.0963,,,,
1418,K09152,,0.42799999999999994,,,,,,,2.4544,,,,,
1419,K09153,,,0.617,,,,,,,3.7433,,,,
1420,K09154,,,0.675,,,,,,,5.2967,,,,
1421,K09163,,,0.679,,,,,,,7.5197,,,,
1422,K09164,,,0.7266166571678385,,,,,,,13.9055,,,,
1423,K09165,,0.46265753183392155,0.6719591246903385,,,,0.415,,5.243499999999999,26.1109,,,,5.0573
1424,K09166,,0.688,0.7169129618562127,,,,,,2.2898,10.6475,,,,
1425,K09167,,,,,,,0.764,,,,,,,4.4732
1426,K09386,,,0.7120000000000001,,,,,,,4.0673,,,,
1427,K09457,,,0.6584928936027141,,,,,,,12.299,,,,
1428,K09607,,,0.6441418141129036,,,,,,,12.8578,,,,
1429,K09690,,,0.6130387577927862,,,,,,,7.1071,,,,
1430,K09694,,,0.6809999999999999,,,,,,,9.8785,,,,
1431,K09700,,,0.704583468890703,,,,,,,9.9611,,,,
1432,K09702,,,0.634,,,,,,,1.3889,,,,
1433,K09705,,0.528,0.695,,,,,,4.8892,3.4053,,,,
1434,K09710,,,0.6780977563076771,,,,,,,49.3751,,,,
1435,K09716,,0.521,,,,,,,4.2499,,,,,
1436,K09722,,0.557,,,,,,,3.9592,,,,,
1437,K09723,,0.5479999999999999,,,,,,,4.0591,,,,,
1438,K09726,,0.5579999999999999,,,,,,,4.5956,,,,,
1439,K09735,,0.477,,,,,0.42,,4.2793,,,,,2.0375
1440,K09736,,0.584,,,,,,,4.7988,,,,,
1441,K09738,,0.536,,,,,,,4.9509,,,,,
1442,K09741,,0.54,,,,,,,4.1134,,,,,
1443,K09744,,0.45000000000000007,,,,,,,4.5202,,,,,
1444,K09747,,,0.6772791677235304,,,,,,,69.00430000000001,,,,
1445,K09748,,,0.6951785986757753,,,,0.671773579453333,,,70.99709999999999,,,,6.9693
1446,K09759,,0.541,,,,,,,4.3623,,,,,
1447,K09760,,,0.733,,,,,,,5.165,,,,
1448,K09761,,,0.69989038006532,,,,,,,10.0196,,,,
1449,K09762,,,0.7734405047769888,,,,,,,9.370000000000001,,,,
1450,K09763,,0.515,0.6955755948756056,,,,,,4.767,9.9052,,,,
1451,K09764,,,0.6654607197645144,,,,,,,19.176099999999998,,,,
1452,K09767,,,0.6318942795910831,,,,,,,45.5113,,,,
1453,K09769,,,0.6783485818135825,,,,,,,9.6979,,,,
1454,K09771,,0.45899999999999996,0.613128745291775,,,,,,4.2366,12.125,,,,
1455,K09772,,,0.6750634375492117,,,,,,,55.5187,,,,
1456,K09774,,,,,,,0.667,,,,,,,2.6417
1457,K09779,,,0.6698078321539871,,,,,,,12.001999999999999,,,,
1458,K09780,,,0.7270467058258552,,,,0.698,,,26.484699999999997,,,,4.5105
1459,K09786,,,0.6185012112327465,,,,,,,12.8794,,,,
1460,K09790,,,0.748,,,,,,,2.7615,,,,
1461,K09791,,0.42375739778486327,0.561,,,,,,7.7695,2.8243,,,,
1462,K09793,,,0.727,,,,,,,3.1431,,,,
1463,K09794,,,0.5752346450941905,,,,0.5224453956078117,,,3.5451,,,,10.5546
1464,K09795,,,0.693,,,,,,,1.7905,,,,
1465,K09796,,,0.7113262696815439,,,,,,,3.6624999999999996,,,,
1466,K09798,,,0.695,,,,,,,1.2563,,,,
1467,K09803,,,0.5669559048941637,,,,0.58,,,14.057000000000002,,,,1.5383
1468,K09807,,0.5670000000000001,,,,,0.77,,5.5883,,,,,3.2596
1469,K09811,,,0.6834567120163819,,,,,,,42.801500000000004,,,,
1470,K09812,,,0.6915213416750862,,,,,,,54.3635,,,,
1471,K09815,,,0.53,,,,,,,5.0628,,,,
1472,K09816,,0.521,,,,,,,3.7974,,,,,
1473,K09861,,,0.664,,,,,,,2.5572,,,,
1474,K09882,,,0.6348468585218775,,,,,,,37.2007,,,,
1475,K09883,,,0.6789593623660461,,,,,,,23.862699999999997,,,,
1476,K09903,,0.387,0.6817467757251908,,,,,,4.1,92.46060000000003,,,,
1477,K09914,,,,,,,0.677,,,,,,,1.8794
1478,K09915,,,0.7307966098039748,,,,,,,10.5243,,,,
1479,K09919,,,0.6309620803282888,,,,,,,12.693999999999999,,,,
1480,K09921,,,0.705,,,,,,,5.5117,,,,
1481,K09922,,,0.614,,,,,,,1.5402,,,,
1482,K09924,,,0.61,,,,,,,2.9791,,,,
1483,K09927,,,0.7184865451669544,,,,,,,39.5041,,,,
1484,K09928,,,0.532,,,,,,,4.0911,,,,
1485,K09930,,,0.5989571967604264,,,,,,,9.9393,,,,
1486,K09931,,,0.7520430617366198,,,,,,,21.953599999999998,,,,
1487,K09932,,0.4091161880981401,0.5757953198637425,,,,0.7009999999999998,,14.6984,21.9062,,,,3.5837
1488,K09933,,,0.644,,,,,,,2.8407,,,,
1489,K09936,,,0.7080228471588503,,,,,,,41.580799999999996,,,,
1490,K09948,,,0.652,,,,,,,8.9827,,,,
1491,K09951,,,0.7256255058573373,,,,,,,21.1446,,,,
1492,K09955,,,0.6819665796088128,,,,,,,4.0859000000000005,,,,
1493,K09957,,,0.688,,,,,,,2.0486,,,,
1494,K09958,,,0.6597998750738616,,,,,,,20.389799999999997,,,,
1495,K09962,,,0.654,,,,,,,2.557,,,,
1496,K09966,,,0.6380697103891423,,,,,,,13.6999,,,,
1497,K09967,,,0.64,,,,,,,6.7309,,,,
1498,K09973,,,0.546,,,,,,,2.3136,,,,
1499,K09981,,,0.6616794012583149,,,,,,,11.951500000000001,,,,
1500,K09983,,,0.6890000000000001,,,,,,,6.6697,,,,
1501,K09985,,,0.628,,,,,,,2.0224,,,,
1502,K09986,,,0.693,,,,,,,2.4383,,,,
1503,K09989,,,0.616,,,,,,,12.1154,,,,
1504,K09990,,0.368,0.6944727694431629,,,,,,3.8027,17.1005,,,,
1505,K09992,,,0.6922006453334719,,,,0.7430000000000001,,,69.36460000000001,,,,2.0247
1506,K10003,,,0.6604668929442739,,,,,,,10.9826,,,,
1507,K10005,,,0.6679999999999999,,,,,,,6.6633,,,,
1508,K10026,,,0.6940000000000001,,,,,,,4.9916,,,,
1509,K10218,,,0.721,,,,,,,4.2077,,,,
1510,K10228,,,0.532,,,,,,,6.0646,,,,
1511,K10232,,,0.6837374454727181,,,,,,,17.7185,,,,
1512,K10439,,,0.6829999999999999,,,,,,,11.5557,,,,
1513,K10536,,,0.6406271704783548,,,,,,,9.629,,,,
1514,K10544,,,0.695,,,,,,,10.6254,,,,
1515,K10561,,,0.715,,,,,,,5.3769,,,,
1516,K10563,,,0.7120000000000001,,,,,,,6.6971,,,,
1517,K10621,,,0.7002418218024808,,,,,,,7.2780000000000005,,,,
1518,K10674,,,0.6579999999999999,,,,,,,5.6852,,,,
1519,K10701,,,0.69,,,,,,,3.7532,,,,
1520,K10713,,,0.6740805993208243,,,,,,,16.52,,,,
1521,K10725,,0.39683810812691817,,,,,,,10.4335,,,,,
1522,K10747,,0.5379999999999999,,,,,,,4.3737,,,,,
1523,K10773,,0.3427059149182562,0.6848572657570756,,,,,,7.6644000000000005,25.327999999999996,,,,
1524,K10804,,,0.5898162593472716,,,,,,,4.663600000000001,,,,
1525,K10806,,,0.7118611159383886,,,,,,,18.7849,,,,
1526,K10822,,,0.697656508815262,,,,,,,68.90979999999999,,,,
1527,K10843,,0.497,,,,,,,4.5202,,,,,
1528,K10914,,,0.6859314601535136,,,,,,,28.391499999999997,,,,
1529,K10917,,,0.6864022544378102,,,,0.7110889935431113,,,40.8759,,,,17.4384
1530,K10944,,,0.626,,,,,,,6.1377,,,,
1531,K10945,,0.53,0.675,,,,,,4.6231,5.5619,,,,
1532,K10946,,0.415,,,,,,,5.7843,,,,,
1533,K10947,,,0.6498674568344835,,,,,,,162.64579999999998,,,,
1534,K10979,,0.6095787313318789,0.662621131009527,,,,,,17.9354,124.11540000000001,,,,
1535,K11065,,,0.556,,,,,,,1.4381,,,,
1536,K11068,,,0.662,,,,,,,3.0391,,,,
1537,K11105,,,0.6920000000000001,,,,,,,4.348,,,,
1538,K11131,,0.586,,,,,,,4.7716,,,,,
1539,K11173,,,0.735,,,,,,,5.4155,,,,
1540,K11175,,0.5429999999999999,0.6520389769895237,,,,,,4.7816,9.010000000000002,,,,
1541,K11178,,,0.6694596933930006,,,,,,,16.202800000000003,,,,
1542,K11212,,0.578,0.7351236410227865,,,,,,3.7536,32.9903,,,,
1543,K11261,,,0.558013750165821,,,,,,,5.4185,,,,
1544,K11355,,,0.613,,,,,,,5.7321,,,,
1545,K11443,,,0.6608877346474525,,,,,,,8.5418,,,,
1546,K11472,,,0.772,,,,,,,5.4628,,,,
1547,K11477,,,0.6372190246127941,,,,,,,45.9185,,,,
1548,K11529,,,0.6573497138971738,,,,,,,8.9878,,,,
1549,K11530,,,0.623622830932138,,,,,,,9.2244,,,,
1550,K11600,,0.44,,,,,,,3.4085,,,,,
1551,K11611,,,0.698,,,,,,,5.6351,,,,
1552,K11621,,,0.6920000000000001,,,,,,,5.4586,,,,
1553,K11690,,,0.67485928402008,,,,,,,55.6875,,,,
1554,K11710,,,0.585,,,,,,,4.2658,,,,
1555,K11719,,,0.6985421969700506,,,,,,,9.4197,,,,
1556,K11741,,,0.5479999999999999,,,,,,,2.2286,,,,
1557,K11749,,0.542,0.6525001874646247,,,,,,5.3868,97.9799,,,,
1558,K11752,,,0.7393156028649633,,,,,,,15.6313,,,,
1559,K11753,,,0.7000413219185627,,,,,,,31.5194,,,,
1560,K11755,,,0.701,,,,,,,5.5333,,,,
1561,K11785,,0.493,,,,,,,5.6542,,,,,
1562,K11891,,,0.6827306677720831,,,,,,,5.3072,,,,
1563,K11893,,,0.6150288159429409,,,,,,,5.998200000000001,,,,
1564,K11895,,,0.6810033943246978,,,,,,,4.6111,,,,
1565,K11904,,,0.6456127339569839,,,,,,,6.6488,,,,
1566,K11906,,0.6629999999999999,,,,,,,2.5047,,,,,
1567,K11924,,0.532,,,,,,,3.4581,,,,,
1568,K11939,,,0.7423900251101654,,,,,,,19.3988,,,,
1569,K11941,,,0.6855737199895505,,,,,,,14.457799999999999,,,,
1570,K11960,,,0.67,,,,,,,6.0544,,,,
1571,K11961,,,0.562,,,,,,,4.3993,,,,
1572,K11991,,,0.7581770870751583,,,,,,,18.7114,,,,
1573,K11995,,0.6409999999999999,,,,,,,2.6304,,,,,
1574,K12132,,0.4799999999999999,0.6877180092434381,,,,,,5.5278,75.89710000000001,,,,
1575,K12140,,,0.674,,,,,,,1.5656,,,,
1576,K12152,,,0.67,,,,,,,3.1987,,,,
1577,K12234,,0.54,0.7571562573410239,,,,,,4.0291,12.3612,,,,
1578,K12373,,,0.6613317252339396,,,,,,,29.872,,,,
1579,K12510,,,0.655,,,,,,,9.256,,,,
1580,K12511,,,0.7187665705940105,,,,,,,12.3835,,,,
1581,K12574,,,0.696693297844678,,,,,,,94.80779999999999,,,,
1582,K12589,,0.547,,,,,,,4.1134,,,,,
1583,K12941,,,0.715,,,,,,,4.1899,,,,
1584,K12978,,,0.69,,,,,,,3.1459,,,,
1585,K12984,,,0.605,,,,,,,3.3416,,,,
1586,K13002,,,0.6670000000000001,,,,,,,2.0744,,,,
1587,K13010,,0.56,,,,,,,5.5816,,,,,
1588,K13018,,0.523,0.6852134039422464,,,,,,5.0272,20.354,,,,
1589,K13038,,,0.589,,,,,,,2.976,,,,
1590,K13051,,,0.4629999999999999,,,,,,,4.9086,,,,
1591,K13075,,,0.6708246860338289,,,,,,,41.645799999999994,,,,
1592,K13280,,0.49600000000000005,,,,,,,3.4283,,,,,
1593,K13288,,,0.6530090211752013,,,,,,,21.0173,,,,
1594,K13292,,,0.6817691685835318,,,,0.617,,,57.6669,,,,4.0172
1595,K13472,,,0.659,,,,,,,2.4004,,,,
1596,K13483,,,0.6330356902840556,,,,,,,14.2057,,,,
1597,K13525,,0.41100000000000003,,,,,,,5.8411,,,,,
1598,K13527,,,0.69,,,,,,,8.7269,,,,
1599,K13570,,,0.545,,,,,,,2.0247,,,,
1600,K13589,,,0.6126575732836305,,,,,,,12.112200000000001,,,,
1601,K13593,,,0.631,,,,,,,2.1051,,,,
1602,K13623,,,0.66,,,,,,,1.9755,,,,
1603,K13626,,,,,,,0.693,,,,,,,9.742
1604,K13628,,0.48354032085510074,0.636,,,,,,6.741,2.7912,,,,
1605,K13633,,,0.7173615430125122,,,,,,,15.538899999999998,,,,
1606,K13639,,,0.7326817088531019,,,,,,,10.561,,,,
1607,K13640,,,0.6987082257437341,,,,,,,20.5642,,,,
1608,K13693,,,0.7115510979113987,,,,,,,16.3661,,,,
1609,K13775,,,0.6990000000000001,,,,,,,9.6752,,,,
1610,K13816,,,0.6920000000000001,,,,,,,4.1235,,,,
1611,K13926,,,0.632,,,,,,,3.3942,,,,
1612,K13979,,,0.68,,,,,,,7.3243,,,,
1613,K13985,,,0.6929053430361672,,,,,,,17.0615,,,,
1614,K13992,,,0.6509999999999999,,,,,,,4.1114,,,,
1615,K13993,,0.44386523457965854,0.6594149885099752,,,,,,9.3963,39.4222,,,,
1616,K13995,,,0.669,,,,,,,2.351,,,,
1617,K14058,,,0.583,,,,,,,2.6299,,,,
1618,K14060,,0.428,,,,,,,4.4678,,,,,
1619,K14063,,,0.7490000000000001,,,,,,,4.011,,,,
1620,K14083,,,0.6953017543407914,,,,,,,30.0739,,,,
1621,K14136,,,0.591586416788761,,,,,,,5.1182,,,,
1622,K14166,,,0.469,,,,,,,5.5146,,,,
1623,K14168,,0.525,,,,,,,3.6747,,,,,
1624,K14291,,,0.677,,,,,,,1.9524,,,,
1625,K14340,,,0.7180268316547306,,,,,,,29.394000000000002,,,,
1626,K14393,,,0.695,,,,,,,17.4118,,,,
1627,K14415,,0.593,0.75,,,,,,5.8861,8.0856,,,,
1628,K14445,,0.379,,,,,,,6.379,,,,,
1629,K14548,,,,,0.505,,,,,,,2.1642,,
1630,K14568,,0.547,,,,,,,4.1797,,,,,
1631,K14654,,0.545,,,,,,,4.1556,,,,,
1632,K14656,,0.514,,,,,,,5.1751,,,,,
1633,K14673,,,0.7240000000000001,,,,,,,6.8004,,,,
1634,K14728,,0.541,,,,,,,3.6417,,,,,
1635,K14731,,,0.649,,,,,,,2.5896,,,,
1636,K14742,,,0.7658222088869286,,,,,,,21.3806,,,,
1637,K14941,,0.54,0.7240000000000001,,,,,,4.0236,3.7574,,,,
1638,K14953,,,0.6571460497885797,,,,,,,5.7471,,,,
1639,K14956,,,0.6870590979570654,,,,,,,12.296199999999999,,,,
1640,K14977,,,0.7090000000000001,,,,,,,8.2247,,,,
1641,K14998,,,0.662,,,,,,,4.0279,,,,
1642,K15034,,,0.7605379517682809,,,,,,,12.7512,,,,
1643,K15223,,,0.601,,,,,,,8.5195,,,,
1644,K15255,,,,,0.41368455439562773,,,,,,,10.9681,,
1645,K15256,,,0.367,,,,,,,4.997,,,,
1646,K15257,,,0.688,,,,,,,5.12,,,,
1647,K15268,,,0.727,,,,,,,8.1985,,,,
1648,K15315,,,0.648,,,,,,,1.6215,,,,
1649,K15342,,0.421,0.6570000000000001,,,,,,3.7612,2.6179,,,,
1650,K15371,,,0.6909349313661941,,,,,,,122.21989999999998,,,,
1651,K15383,,,,,,,0.337,,,,,,,3.4896
1652,K15449,,0.537,,,,,,,5.6006,,,,,
1653,K15495,,0.42700000000000005,,,,,,,3.5178,,,,,
1654,K15512,,,0.6332717461131699,,,,,,,22.450300000000002,,,,
1655,K15520,,,0.777,,,,,,,4.6931,,,,
1656,K15539,,,0.6423752032608944,,,,0.6534150951230738,,,25.808899999999998,,,,6.4575
1657,K15631,,,0.6920000000000001,,,,,,,3.8692,,,,
1658,K15633,,,0.6917234046749325,,,,,,,70.3154,,,,
1659,K15635,,0.547,0.7105494582667683,,,,,,5.8585,22.017799999999998,,,,
1660,K15724,,0.514,0.635,,,,,,4.8941,4.4491,,,,
1661,K15773,,,,,,,0.755,,,,,,,3.5204
1662,K15923,,,0.6700666317586783,,,,,,,12.4968,,,,
1663,K15973,,,0.649,,,,,,,8.334,,,,
1664,K15975,,,0.4639999999999999,,,,,,,5.1505,,,,
1665,K15977,,0.369,0.6404827537525368,,,,,,3.7593,26.8867,,,,
1666,K16025,,,0.584,,,,,,,2.7705,,,,
1667,K16044,,,0.6809999999999999,,,,,,,4.5066,,,,
1668,K16048,,,0.7120000000000001,,,,,,,4.9523,,,,
1669,K16079,,,0.6392794420649093,,,,,,,6.3978,,,,
1670,K16080,,,0.616,,,,,,,2.4703,,,,
1671,K16137,,,0.6260751823205475,,,,,,,23.6937,,,,
1672,K16147,,,0.6728954397623015,,,,,,,67.8032,,,,
1673,K16165,,,0.6789999999999999,,,,,,,9.8251,,,,
1674,K16203,,,0.575,,,,0.6579999999999999,,,2.7971,,,,3.6114
1675,K16264,,0.5489999999999999,,,,,,,5.6156,,,,,
1676,K16648,,,0.737,,,,,,,5.7888,,,,
1677,K16650,,,0.6559999999999999,,,,,,,3.228,,,,
1678,K16841,,,0.6588466787123977,,,,,,,10.5898,,,,
1679,K16842,,,0.607,,,,,,,6.0,,,,
1680,K16868,,0.436,,,,,,,6.336,,,,,
1681,K16869,,,0.7459044617127941,,,,,,,12.7984,,,,
1682,K16870,,,0.757,,,,,,,5.659,,,,
1683,K16874,,0.556,,,,,,,5.0268,,,,,
1684,K16922,,,0.6721381273016137,,,,,,,15.541599999999999,,,,
1685,K16925,,,0.691,,,,,,,1.6964,,,,
1686,K16927,,,0.7432902800597164,,,,,,,17.084500000000002,,,,
1687,K17103,,,0.6588233793724225,,,,,,,39.607899999999994,,,,
1688,K17104,,0.551,,,,,,,4.5059,,,,,
1689,K17222,,,0.674,,,,,,,3.6615,,,,
1690,K17223,,,0.6940000000000001,,,,,,,3.0015,,,,
1691,K17226,,,0.66,,,,,,,4.6084,,,,
1692,K17227,,,0.679,,,,,,,9.0551,,,,
1693,K17231,,,0.6879657269699254,,,,,,,11.7802,,,,
1694,K17247,,,0.691,,,,,,,2.5585,,,,
1695,K17285,,,0.6928320740661393,,,,,,,98.66409999999999,,,,
1696,K17290,,,0.674,,,,,,,4.2191,,,,
1697,K17472,,,0.677,,,,,,,16.1785,,,,
1698,K17725,,,0.68,,,,,,,4.8213,,,,
1699,K17752,,,0.7015041924232464,,,,,,,19.1095,,,,
1700,K17762,,,0.7110868935059365,,,,,,,9.5057,,,,
1701,K17763,,,0.6737984947060769,,,,,,,49.538700000000006,,,,
1702,K17830,,0.529,,,,,,,4.9056,,,,,
1703,K17836,,,0.6680412120054878,,,,,,,9.880400000000002,,,,
1704,K17880,,,,,,,0.7190000000000001,,,,,,,2.5
1705,K17883,,0.537,,,,,,,4.8106,,,,,
1706,K18013,,,0.6911658130780504,,,,,,,107.2879,,,,
1707,K18029,,,0.69,,,,,,,2.4882,,,,
1708,K18189,,,0.6867893501498491,,,,,,,80.26260000000002,,,,
1709,K18197,,,0.6761373832957418,,,,,,,5.805400000000001,,,,
1710,K18199,,,0.6554510071921147,,,,,,,17.8419,,,,
1711,K18226,,,0.623,,,,,,,9.4009,,,,
1712,K18235,,,0.7018622029860058,,,,,,,10.460799999999999,,,,
1713,K18285,,0.5529999999999999,,,,,,,5.6542,,,,,
1714,K18290,,,0.645,,,,,,,13.0178,,,,
1715,K18346,,,0.6910267378636973,,,,,,,10.5589,,,,
1716,K18476,,,0.7232553196131151,,,,0.6878815753772578,,,80.19659999999999,,,,7.6609
1717,K18481,,,0.644,,,,0.6829999999999999,,,3.0162,,,,3.3853
1718,K18532,,0.504,,,,,,,5.7258,,,,,
1719,K18578,,,0.6685157557850215,,,,,,,3.9393000000000002,,,,
1720,K18587,,,0.7070000000000001,,,,,,,2.5025,,,,
1721,K18605,,0.54,,,,,,,4.0891,,,,,
1722,K18622,,,0.652,,,,,,,4.7205,,,,
1723,K18672,,,0.6173638695380043,,,,,,,10.0212,,,,
1724,K18678,,,,,,,0.72,,,,,,,2.914
1725,K18682,,,0.6998755847331256,,,,,,,75.60950000000001,,,,
1726,K18688,,,0.695,,,,,,,3.7709,,,,
1727,K18691,,,0.5787507379674265,,,,,,,10.454899999999999,,,,
1728,K18700,,0.551,0.7139610188218705,,0.627,,,,3.5882,13.960799999999999,,1.5903,,
1729,K18778,,,0.6859999999999999,,,,,,,8.4894,,,,
1730,K18779,,0.54,,,,,,,5.7748,,,,,
1731,K18802,,,0.6831377922600345,,,,,,,32.6862,,,,
1732,K18827,,,0.7240000000000001,,,,,,,5.5993,,,,
1733,K18828,,,0.563,,,,,,,1.8634,,,,
1734,K18843,,,0.65398870963627,,,,0.755,,,6.5415,,,,3.5204
1735,K18844,,,0.742,,,,,,,4.8235,,,,
1736,K18851,,,0.6692222771779885,,,,,,,8.8337,,,,
1737,K18911,,,0.57,,,,,,,4.219,,,,
1738,K18928,,,0.737,,,,,,,5.6158,,,,
1739,K18939,,,0.594,,,,,,,2.7761,,,,
1740,K18955,,,0.6914931348365,,,,,,,26.6999,,,,
1741,K18957,,,0.687,,,,,,,2.3972,,,,
1742,K18958,,,0.733,,,,,,,6.014,,,,
1743,K18960,,,,,,,0.633,,,,,,,1.7888
1744,K18979,,,0.6606055643775108,,,,,,,28.5186,,,,
1745,K18988,,,0.516,,,,,,,3.643,,,,
1746,K19000,,,,,,,0.61,,,,,,,5.334
1747,K19033,,,0.6546763237941036,,,,,,,7.3695,,,,
1748,K19055,,,0.7220887626131454,,,,,,,14.7712,,,,
1749,K19156,,,0.5939938292336696,,,,,,,5.8039000000000005,,,,
1750,K19158,,,0.512,,,,,,,3.2074,,,,
1751,K19159,,,0.511,,,,,,,3.2074,,,,
1752,K19166,,,0.475,,,,,,,2.1792,,,,
1753,K19221,,0.52,0.5710000000000001,,,,,,2.9041,2.0215,,,,
1754,K19222,,,0.7135585873825179,,,,,,,27.5748,,,,
1755,K19225,,,0.6216843189159508,,,,,,,5.2812,,,,
1756,K19267,,0.3870939234226836,0.7170788225756023,,,,,,8.400599999999999,16.662300000000002,,,,
1757,K19294,,,0.6646681705885766,,,,,,,34.6589,,,,
1758,K19302,,0.515,0.7477941133500409,,,,,,4.9056,8.2606,,,,
1759,K19411,,,0.6413260012965437,,,,,,,12.6715,,,,
1760,K19686,,,0.639,,,,,,,3.4735,,,,
1761,K19687,,,0.6379999999999999,,,,,,,3.4735,,,,
1762,K19689,,,0.6952093911777606,,,,,,,48.7898,,,,
1763,K19710,,,0.6934827719889805,,,,,,,8.5763,,,,
1764,K19712,,0.53,,,,,0.389,,2.842,,,,,2.6714
1765,K19713,,,0.509,,,,,,,3.3642,,,,
1766,K19784,,0.4346789792863909,0.6794577628849195,,,,,,7.1494,23.844,,,,
1767,K20074,,,0.7051573081057944,,,,,,,53.883199999999995,,,,
1768,K20444,,,0.682,,,,,,,4.9683,,,,
1769,K20467,,,0.6779999999999999,,,,,,,2.3415,,,,
1770,K20468,,,0.6629999999999999,,,,,,,2.9986,,,,
1771,K20469,,,0.6729999999999999,,,,0.718,,,3.1876,,,,9.21
1772,K20484,,,0.694,,,,,,,2.8786,,,,
1773,K20523,,,0.561,,,,,,,4.0722,,,,
1774,K20760,,,0.6970000000000001,,,,,,,5.538,,,,
1775,K20761,,,0.6970000000000001,,,,,,,5.538,,,,
1776,K20826,,,,,0.5479999999999999,,,,,,,2.2955,,
1777,K20976,,,0.717,,,,,,,2.9149,,,,
1778,K20989,,0.502,,,,,,,4.9098,,,,,
1779,K21000,,,0.7107168719091458,,,,,,,7.9076,,,,
1780,K21023,,,0.6982296352834204,,,,,,,17.0257,,,,
1781,K21029,,,0.688,,,,,,,6.1299,,,,
1782,K21064,,,0.691,,,,,,,5.343,,,,
1783,K21140,,,0.7170000000000001,,,,,,,7.3601,,,,
1784,K21147,,,0.688,,,,,,,6.1299,,,,
1785,K21162,,,0.568,,,,,,,2.4426,,,,
1786,K21349,,0.467,,,,,,,2.9889,,,,,
1787,K21394,,,0.626,,,,,,,5.7947,,,,
1788,K21395,,,0.6305871169048947,,,,,,,35.460100000000004,,,,
1789,K21420,,,0.6764646611532538,,,,,,,10.9181,,,,
1790,K21430,,0.4883444729793648,0.6173599481075893,,,,,,13.5561,11.4963,,,,
1791,K21470,,,0.6322208991693867,,,,,,,11.1576,,,,
1792,K21471,,,0.722426692079349,,,,,,,6.6,,,,
1793,K21472,,,0.6835293928527266,,,,,,,8.8829,,,,
1794,K21481,,,0.6736915050279315,,,,,,,8.1534,,,,
1795,K21495,,,0.643,,,,,,,2.6762,,,,
1796,K21498,,,0.595,,,,,,,2.3748,,,,
1797,K21572,,,0.6393250403183656,,,,,,,35.950100000000006,,,,
1798,K21600,,,0.6871930174802054,,,,,,,40.8914,,,,
1799,K21619,,,0.595,,,,,,,3.4213,,,,
1800,K21672,,,0.7020000000000001,,,,,,,4.3789,,,,
1801,K21700,,,0.660283285480093,,,,0.45799999999999996,,,6.4569,,,,4.5099
1802,K21741,,,0.6483407614603349,,,,,,,18.676000000000002,,,,
1803,K21744,,,0.746,,,,,,,3.7857,,,,
1804,K21908,,0.44412431519316026,0.6795806809143975,,,,0.4666935445430163,,15.517,9.1449,,,,22.6348
1805,K21929,,0.5015251430447166,0.6964056742599027,,,,,,9.0475,134.3858,,,,
1806,K22010,,,0.7101788797364087,,,,,,,15.175,,,,
1807,K22025,,,0.698,,,,,,,3.1831,,,,
1808,K22044,,,,,,,0.5710000000000001,,,,,,,3.6835
1809,K22081,,,0.6829999999999999,,,,,,,5.5626,,,,
1810,K22082,,,0.679,,,,,,,19.3086,,,,
1811,K22083,,,0.7070000000000001,,,,,,,19.5511,,,,
1812,K22107,,,0.721,,,,,,,2.9603,,,,
1813,K22116,,,0.684,,,,,,,1.4515,,,,
1814,K22169,,0.5760000000000001,,,,,,,3.6947,,,,,
1815,K22205,,,0.5589999999999999,,,,,,,2.297,,,,
1816,K22225,,0.43,0.6939481247628437,,,,,,3.0842,28.6019,,,,
1817,K22278,,,0.7337618740673048,,,,,,,5.7408,,,,
1818,K22293,,,0.73,,,,,,,10.7356,,,,
1819,K22297,,,0.69,,,,,,,3.7924,,,,
1820,K22299,,,0.6970000000000001,,,,,,,9.3791,,,,
1821,K22306,,,0.723,,,,,,,3.2405,,,,
1822,K22336,,,0.6379418850354766,,,,,,,15.2098,,,,
1823,K22348,,,0.626,,,,,,,4.543,,,,
1824,K22390,,0.46199999999999997,,,,,,,6.8434,,,,,
1825,K22419,,,0.568,,,,,,,2.9188,,,,
1826,K22452,,0.565,0.721608218260205,,,,,,3.767,42.679,,,,
1827,K22468,,,0.6721830870824951,,,,,,,27.0117,,,,
1828,K22479,,,0.6516177248357762,,,,,,,14.1206,,,,
1829,K22491,,,0.7170000000000001,,,,,,,5.3717,,,,
1830,K22522,,,0.649,,,,,,,3.3228,,,,
1831,K22585,,0.581,,,,,,,4.3981,,,,,
1832,K22622,,,0.6812671119752467,,,,,,,9.6446,,,,
1833,K22736,,0.3289999999999999,0.7137356257109571,,,,,,5.0815,14.7957,,,,
1834,K22737,,,0.7075899613053656,,,,,,,13.915400000000002,,,,
1835,K22881,,0.513,,,,,0.3908658100576875,,4.9228,,,,,4.6087
1836,K22894,,,0.7357585633467554,,,,,,,61.62590000000001,,,,
1837,K22900,,,0.698,,,,,,,3.3794,,,,
1838,K23010,,,0.674,,,,,,,7.7986,,,,
1839,K23139,,,0.527,,,,,,,3.4687,,,,
1840,K23176,,,0.7120000000000001,,,,,,,2.955,,,,
1841,K23262,,0.488,0.6257774422225374,,,,0.725,,2.5837,58.8033,,,,2.1728
1842,K23264,,0.371,0.6479654674680215,,,,0.429,,2.0543,28.3478,,,,2.5032
1843,K23265,,,0.544,,,,,,,1.5437,,,,
1844,K23356,,0.373,0.7440000000000001,,,,0.75,,4.681,5.261,,,,5.803
1845,K23393,,,0.752,,,,,,,8.8367,,,,
1846,K23490,,,,,0.605,,,,,,,3.3218,,
1847,K23498,,,0.546,,,,,,,1.8825,,,,
1848,K23536,,,0.7040000000000001,,,,,,,4.2137,,,,
1849,K23541,,,0.655,,,,,,,3.7459,,,,
1850,K23555,,,0.695,,,,,,,3.5079,,,,
1851,K23775,,,0.7213975417157383,,,,,,,13.509,,,,
1852,K23779,,,0.7188907332035042,,,,,,,8.6858,,,,
1853,K23886,,,0.6302304405814076,,,,,,,28.024700000000003,,,,
1854,K24104,,0.4768649342179316,,,,,,,9.373899999999999,,,,,
1855,K24105,,,0.6176563162571539,,,,,,,20.1985,,,,
1856,K24126,,,0.544,,,,,,,4.0089,,,,
1857,K24131,,,0.7138997923779753,,,,,,,13.5368,,,,
