,KEGG,GC_adj ,GC_adj Archaea,GC_adj Bacteria,GC_adj Eukaryota,GC_adj unclassified viruses,GC_adjUnclassified,gene_counts ,gene_counts Archaea,gene_counts Bacteria,gene_counts Eukaryota,gene_counts unclassified viruses,gene_countsUnclassified
0,K00033,,,0.6604140429375809,,,,,,31.611900000000002,,,
1,K00039,,,0.614,,,,,,6.7449,,,
2,K00053,,,0.6207445748931623,,,,,,46.3104,,,
3,K00075,,,0.6571915974755088,,,,,,18.1832,,,
4,K00077,,,0.6325572928841896,,,,,,20.1513,,,
5,K00099,,,0.636,,,,,,3.2621,,,
6,K00111,,,0.691,,,,,,7.7726,,,
7,K00122,,,0.561,,,,,,8.5845,,,
8,K00124,,,0.565,,,,,,5.9855,,,
9,K00126,,,0.6307721792486589,,,,,,6.6317,,,
10,K00127,,,0.6589999999999999,,,,,,5.4782,,,
11,K00133,,,0.632,,,,,,5.5351,,,
12,K00145,,,0.601,,,,,,3.1429,,,
13,K00163,,,0.6551077427642533,,,,,,138.0189,,,
14,K00175,,,0.662,,,,,,24.7222,,,
15,K00240,,,0.644390953743276,,,,,,19.4128,,,
16,K00242,,,0.6241451202098558,,,,,,18.646,,,
17,K00254,,,0.7001184811758501,,,,,,13.0067,,,
18,K00275,,,0.6974812354496699,,,,,,15.663899999999998,,,
19,K00330,,,0.636,,,,,,9.1903,,,
20,K00331,,,0.6126092447781771,,,,,,22.787300000000002,,,
21,K00332,,,0.711,,,,,,8.7419,,,
22,K00334,,,0.7070000000000001,,,,,,7.8415,,,
23,K00340,,,0.637,,,,,,7.3036,,,
24,K00344,,,0.562,,,,,,14.1812,,,
25,K00390,,,0.5670000000000001,,,,,,3.0098,,,
26,K00395,,,0.627,,,,,,8.2454,,,
27,K00411,,,0.685,,,,,,4.9111,,,
28,K00412,,,0.645,,,,,,13.5254,,,
29,K00413,,,0.6555451522254132,,,,,,8.5426,,,
30,K00425,,,0.6323552347375931,,,,,,48.748,,,
31,K00426,,,0.6368437568891449,,,,,,41.55929999999999,,,
32,K00428,,,0.5867900957794632,,,,,,9.6617,,,
33,K00432,,,0.662,,,,,,5.994,,,
34,K00433,,,0.6317685719735416,,,,,,34.0423,,,
35,K00448,,,0.619,,,,,,2.8458,,,
36,K00450,,,0.6575839176223235,,,,,,15.2558,,,
37,K00451,,,0.7159681112124279,,,,,,21.179499999999997,,,
38,K00453,,,0.5984890922886388,,,,,,10.7774,,,
39,K00457,,,0.658482565402226,,,,,,18.421100000000003,,,
40,K00459,,,0.624,,,,,,16.8277,,,
41,K00507,,,0.6679999999999999,,,,,,12.6322,,,
42,K00525,,,0.645,,,,,,3.8425,,,
43,K00540,,,0.6389094749826331,,,,,,20.108,,,
44,K00549,,,0.6433014176936263,,,0.735,,,103.5872,,,3.3542
45,K00554,,,0.707115887845768,,,,,,37.0714,,,
46,K00560,,,0.652,,,,,,13.4115,,,
47,K00570,,,0.637,,,,,,2.887,,,
48,K00573,,,0.6347061369087288,,,,,,36.2567,,,
49,K00574,,,0.6785364233698499,,,,,,24.605800000000002,,,
50,K00588,,,0.535,,,,,,4.356,,,
51,K00598,,,0.6750298181243953,,,,,,9.7132,,,
52,K00600,,,0.6278144376173616,,,,,,55.0951,,,
53,K00602,,,0.6829999999999999,,,,,,13.1466,,,
54,K00606,,,0.611523059384488,,,,,,11.5801,,,
55,K00615,,,0.617,,,,,,9.4724,,,
56,K00626,,,0.662126946774289,,,,,,28.5215,,,
57,K00635,,,0.6529844587816884,,,,,,28.395899999999997,,,
58,K00640,,,0.6254695188190463,,,,,,8.6211,,,
59,K00641,,,0.6940000000000001,,,,,,15.5971,,,
60,K00655,,,0.722,,,,,,5.0315,,,
61,K00657,,,0.684,,,,,,7.4147,,,
62,K00688,,,0.6713735984595179,,,,,,31.646,,,
63,K00703,,,0.6289374269832183,,,,,,12.7377,,,
64,K00762,,,0.6779999999999999,,,,,,8.7444,,,
65,K00764,,,0.6399441509794817,,,,,,23.2325,,,
66,K00766,,,0.6981015770433405,,,,,,7.2234,,,
67,K00768,,,0.6779999999999999,,,,,,2.5203,,,
68,K00783,,,0.667,,,,,,6.2533,,,
69,K00784,,,0.5918883922838206,,,,,,9.9007,,,
70,K00789,,,0.6010532941858625,,,,,,42.4676,,,
71,K00790,,,0.6633905438671426,,,,,,24.171400000000002,,,
72,K00791,,,0.7190000000000001,,,,,,8.4442,,,
73,K00793,,,0.633,,,,,,7.3347,,,
74,K00794,,,0.6848175009277503,,,,,,12.288400000000001,,,
75,K00798,,,0.674,,,,,,4.0538,,,
76,K00799,,,0.6024896441236943,,,,,,53.3214,,,
77,K00820,,,0.6672150692842702,,,,,,24.7296,,,
78,K00826,,,0.6709999999999999,,,,,,8.7525,,,
79,K00858,,,0.6306148590463898,,,,,,23.792,,,
80,K00859,,,0.541,,,,,,5.0339,,,
81,K00865,,,0.7656614542219979,,,,,,8.3341,,,
82,K00867,,,0.57,,,,,,5.6328,,,
83,K00873,,,0.6757061225141336,,,,,,7.7783999999999995,,,
84,K00878,,,0.632,,,,,,2.9899,,,
85,K00883,,,0.6374706201842121,,,,,,4.0765,,,
86,K00886,,,0.712,,,,,,9.1425,,,
87,K00891,,,0.613,,,,,,3.4883,,,
88,K00919,,,0.6555665009266672,,,,,,15.7153,,,
89,K00925,,,0.6793266912581667,,,,,,18.7956,,,
90,K00927,,,0.6463192841775866,,,,,,7.3746,,,
91,K00936,,,0.5489999999999999,,,,,,5.3721,,,
92,K00937,,,0.65,,,,,,21.1695,,,
93,K00943,,,0.6840315039764696,,,,,,14.239,,,
94,K00945,,,0.6811197465686509,,,,,,21.166699999999995,,,
95,K00948,,,0.6449692318396137,,,,,,8.618200000000002,,,
96,K00950,,,0.713,,,,,,5.2943,,,
97,K00954,,,0.6273362910353905,,,,,,21.821800000000003,,,
98,K00969,,,0.6804345805042334,,,,,,15.6964,,,
99,K00971,,,0.6544396970354494,,,,,,11.8584,,,
100,K00982,,,0.6413859671930136,,,,,,19.0459,,,
101,K00986,,,0.5900693168749063,,,,,,1442.9102999999998,,,
102,K00989,,,0.6841904981438374,,,,,,22.9882,,,
103,K00990,,,0.622,,,,,,7.4121,,,
104,K00997,,,0.684,,,,,,6.8694,,,
105,K01000,,,0.665,,,,,,8.8875,,,
106,K01005,,,0.6574529844983835,,,0.659,,,10.437000000000001,,,6.9614
107,K01008,,,0.681855471606158,,,,,,19.9766,,,
108,K01012,,,0.6658160678577241,,,,,,14.885200000000001,,,
109,K01040,,,0.6809999999999999,,,,,,6.8891,,,
110,K01042,,,0.7190000000000001,,,,,,2.9281,,,
111,K01053,,,0.621,,,,,,8.3718,,,
112,K01056,,,0.6409999999999999,,,,,,5.4403,,,
113,K01057,,,0.607,,,,,,7.0418,,,
114,K01061,,,0.618410569388279,,,,,,50.5184,,,
115,K01070,,,0.5720000000000001,,,,,,3.2074,,,
116,K01079,,,0.720824024118329,,,,,,12.687100000000001,,,
117,K01092,,,0.6666485914179071,,,,,,11.2368,,,
118,K01118,,,0.599,,,,,,12.4963,,,
119,K01129,,,0.6621138295947037,,,,,,12.471,,,
120,K01151,,,0.54,,,,,,4.594,,,
121,K01159,,,0.6438232816787953,,,,,,10.3686,,,
122,K01178,,,0.607,,,,,,4.47,,,
123,K01206,,,0.5834960845888886,,,,,,6.6423000000000005,,,
124,K01209,,,0.564,,,,,,1.3422,,,
125,K01239,,,0.573,,,,,,7.1808,,,
126,K01241,,,0.6282997616755402,,,,,,12.715399999999999,,,
127,K01246,,,0.5872040502711475,,,,,,38.7081,,,
128,K01251,,,0.6227486529943521,,,,,,91.9238,,,
129,K01259,,,0.7070000000000001,,,,,,4.4054,,,
130,K01265,,,0.6759999999999999,,,,,,10.1259,,,
131,K01266,,,0.547,,,,,,2.8097,,,
132,K01273,,,0.5825948926166904,,,,,,19.0002,,,
133,K01283,,,0.637,,,,,,2.9297,,,
134,K01286,,,0.623,,,,,,4.4694,,,
135,K01297,,,0.737,,,,,,6.2264,,,
136,K01358,,,0.6209703326734244,,,,,,51.231700000000004,,,
137,K01409,,,0.69,,,,,,6.0287,,,
138,K01419,,,0.574,,,,,,4.9042,,,
139,K01425,,,0.696,,,,,,10.0391,,,
140,K01426,,,0.716,,,,,,8.481,,,
141,K01429,,,0.6121505830049276,,,,,,15.8487,,,
142,K01443,,,0.6605925658081964,,,,,,10.970500000000001,,,
143,K01447,,,0.6110097697501614,,,,,,7.8527,,,
144,K01448,,,0.5885511596503905,,,,,,11.1951,,,
145,K01449,,,0.6379576343450661,,,,,,11.4419,,,
146,K01455,,,0.6255031087531594,,,,,,12.351700000000001,,,
147,K01470,,,0.6199979990567791,,,,,,15.04,,,
148,K01478,,,0.6890000000000001,,,,,,9.2363,,,
149,K01483,,,,0.687,,,,,,4.1098,,
150,K01489,,,0.7128352212011113,,,,,,7.1288,,,
151,K01495,,,0.7240000000000001,,,,,,2.8055,,,
152,K01496,,,0.695,,,,,,8.5475,,,
153,K01497,,,0.6308911805363243,,,,,,24.702800000000003,,,
154,K01507,,,0.6400623928495586,,,,,,11.834,,,
155,K01520,,,0.6620900684389596,,,,,,9.782399999999999,,,
156,K01523,,,0.654,,,,,,3.6071,,,
157,K01525,,,0.691,,,,,,7.0417,,,
158,K01545,,,0.5711767012158245,,,,,,9.5902,,,
159,K01546,,,0.633198127587159,,,,,,36.3675,,,
160,K01547,,,0.6040627622178548,,,,,,48.4046,,,
161,K01548,,,0.642,,,,,,4.1225,,,
162,K01555,,,0.719,,,,,,7.3077,,,
163,K01556,,,0.69,,,,,,3.1822,,,
164,K01560,,,0.605,,,,,,6.5397,,,
165,K01561,,,0.617,,,,,,5.1705,,,
166,K01569,,,0.5956328936111505,,,,,,22.9225,,,
167,K01574,,,0.62,,,,,,8.5586,,,
168,K01588,,,0.7310388468109407,,,,,,11.575600000000001,,,
169,K01595,,,0.6750269467531855,,,,,,37.9947,,,
170,K01607,,,0.5641161851415887,,,0.68,,,46.928799999999995,,,8.2902
171,K01610,,,0.6179310245297459,,,,,,24.3418,,,
172,K01613,,,0.6056249205254485,,,,,,9.8356,,,
173,K01620,,,0.616,,,,,,6.8166,,,
174,K01621,,,0.6151343731951706,,,,,,37.8677,,,
175,K01623,,,0.6647381292537721,,,,,,29.466,,,
176,K01624,,,0.6653735821670363,,,,,,9.540700000000001,,,
177,K01625,,,0.6920000000000001,,,,,,4.6301,,,
178,K01626,,,0.6443526910181766,,,,,,18.3275,,,
179,K01627,,,0.541,,,,,,4.0591,,,
180,K01633,,,0.629,,,,,,2.1818,,,
181,K01637,,,0.655,,,,,,5.5923,,,
182,K01638,,,0.611488013305756,,,,,,27.455399999999997,,,
183,K01640,,,0.652,,,,,,6.4824,,,
184,K01653,,,0.657251277533319,,,,,,30.3057,,,
185,K01658,,,0.669,,,,,,7.3093,,,
186,K01673,,,0.6023597824309147,,,,,,23.7896,,,
187,K01676,,,0.684,,,,,,19.2221,,,
188,K01689,,,0.6630496479115268,,,,,,38.443200000000004,,,
189,K01695,,,0.607,,,,,,3.8765,,,
190,K01698,,,0.664058130807132,,,,,,16.2421,,,
191,K01704,,,0.6444194204464543,,,,,,22.467100000000002,,,
192,K01719,,,0.7092141948575252,,,,,,16.2148,,,
193,K01724,,,0.613925154616382,,,,,,19.1476,,,
194,K01725,,,0.602,,,,,,13.9531,,,
195,K01733,,,0.6629999999999999,,,,,,6.1626,,,
196,K01736,,,0.6366623290574347,,,,,,7.295,,,
197,K01737,,,0.6241942160303359,,,,,,18.304299999999998,,,
198,K01749,,,0.6668301940302672,,,,,,19.193,,,
199,K01752,,,0.7172526500162614,,,,,,21.1126,,,
200,K01754,,,0.679,,,,,,8.285,,,
201,K01755,,,0.634,,,,,,14.0043,,,
202,K01768,,,0.53,,,,,,5.7058,,,
203,K01775,,,0.638,,,,,,4.121,,,
204,K01776,,,0.745,,,,,,3.9477,,,
205,K01778,,,0.515,,,,,,2.2304,,,
206,K01785,,,0.6401946159017633,,,,,,10.767199999999999,,,
207,K01799,,,0.586,,,,,,5.0589,,,
208,K01800,,,0.619,,,,,,4.8189,,,
209,K01803,,,0.695,,,,,,6.6388,,,
210,K01804,,,0.552,,,,,,3.9674,,,
211,K01807,,,0.6743186864528962,,,,,,10.9918,,,
212,K01809,,,0.648,,,,,,2.0188,,,
213,K01810,,,0.6364873712831635,,,,,,63.185100000000006,,,
214,K01858,,,0.5579999999999999,,,,,,10.4125,,,
215,K01866,,,0.603,,,,,,7.2511,,,
216,K01867,,,0.6512053823613118,,,,,,33.7527,,,
217,K01868,,,0.636913552077914,,,,,,32.7481,,,
218,K01872,,,0.631764942099716,,,,,,46.412,,,
219,K01874,,,0.578,,,,,,10.2167,,,
220,K01875,,,0.637,,,,,,5.2228,,,
221,K01876,,,0.6920000000000001,,,,,,4.6585,,,
222,K01881,,,0.5781728622590206,,,,,,8.1479,,,
223,K01887,,,0.6055563805274569,,,,,,10.4341,,,
224,K01889,,,0.7190000000000001,,,,,,7.4567,,,
225,K01890,,,0.6633338912326913,,,,,,12.995899999999999,,,
226,K01912,,,0.6824284711318798,,,,,,25.070700000000002,,,
227,K01915,,,0.6303603643010471,,,,,,149.6287,,,
228,K01918,,,0.696,,,,,,5.1577,,,
229,K01920,,,0.632,,,,,,11.9748,,,
230,K01921,,,0.6443561887173644,,,,,,14.6982,,,
231,K01923,,,0.5882278881441596,,,,,,36.7677,,,
232,K01933,,,0.6427026492410193,,,,,,11.8005,,,
233,K01937,,,0.6259330818311053,,,,,,74.8474,,,
234,K01939,,,0.661247143016593,,,,,,24.1234,,,
235,K01940,,,0.6459846934461438,,,,,,8.921800000000001,,,
236,K01945,,,0.586,,,,,,4.2511,,,
237,K01951,,,0.6349865121048417,,,,,,28.2786,,,
238,K01953,,,0.6403788414204219,,,,,,17.7989,,,
239,K01971,,,0.687,,,,,,11.7125,,,
240,K01972,,,0.6233281586649264,,,,,,19.647000000000002,,,
241,K01975,,,0.7030055595779892,,,,,,9.294699999999999,,,
242,K01997,,,0.6276391829139829,,,,,,28.325999999999997,,,
243,K02004,,,0.615237890798754,0.716,,,,,102.94369999999998,4.8296,,
244,K02029,,,0.627,,,,,,9.4829,,,
245,K02030,,,0.675,,,,,,6.8943,,,
246,K02034,,,0.6658645905121615,,,,,,22.479599999999998,,,
247,K02039,,,0.6185666895913862,,,,,,31.9608,,,
248,K02040,,,0.52,,,,,,2.0447,,,
249,K02042,,,0.613,,,,,,5.1462,,,
250,K02044,,,0.643,,,,,,3.2489,,,
251,K02050,,,0.626038617940112,,,,,,19.479799999999997,,,
252,K02051,,,0.634,,,,,,6.1562,,,
253,K02066,,,0.6251842756650928,,,,,,30.473799999999997,,,
254,K02067,,,0.5512554464316941,,,,,,10.985,,,
255,K02078,,,0.5752981630187723,,,,,,24.9247,,,
256,K02106,,,0.622,,,,,,4.1693,,,
257,K02109,,,0.679,,,,,,9.4408,,,
258,K02110,,,0.679,,,,,,9.0474,,,
259,K02113,,,0.7208489820275045,,,,,,11.536100000000001,,,
260,K02114,,,0.679,,,,,,6.164,,,
261,K02160,,,0.6681212449451887,,,,,,18.9273,,,
262,K02167,,,0.659,,,,,,6.2367,,,
263,K02171,,,0.6252974503494535,,,,,,11.6106,,,
264,K02188,,,0.708,,,,,,7.0453,,,
265,K02195,,,0.6417370281822455,,,,,,8.0928,,,
266,K02196,,,0.6501294379505641,,,,,,9.2033,,,
267,K02197,,,0.6859999999999999,,,,,,4.7067,,,
268,K02199,,,0.616700665992966,,,,,,17.1224,,,
269,K02200,,,0.693,,,,,,5.7918,,,
270,K02221,,,0.569,,,,,,11.0801,,,
271,K02224,,,0.764,,,,,,7.8151,,,
272,K02227,,,0.738,,,,,,6.1918,,,
273,K02233,,,0.674,,,,,,4.5095,,,
274,K02238,,,0.611,,,,,,3.8769,,,
275,K02242,,,0.5760000000000001,,,,,,2.141,,,
276,K02257,,,0.6252954523374201,,,,,,46.0878,,,
277,K02258,,,0.667,,,,,,8.2063,,,
278,K02259,,,0.706,,,,,,7.0588,,,
279,K02277,,,0.584,,,,,,6.38,,,
280,K02279,,,0.6739999999999999,,,,,,2.3573,,,
281,K02283,,,0.6124784483123552,,,,,,22.2605,,,
282,K02300,,,0.578,,,,,,9.8668,,,
283,K02304,,,0.7390000000000001,,,,,,5.021,,,
284,K02313,,,0.6161206756586869,,,,,,44.091699999999996,,,
285,K02314,,,0.6613556592256479,,,,,,25.590600000000002,,,
286,K02316,,,0.6390635577468903,,,,,,38.3529,,,
287,K02335,,,0.682,,,,,,15.3025,,,
288,K02338,,,0.5853344967230051,,,,,,63.81609999999999,,,
289,K02342,,,0.633,,,,,,4.7147,,,
290,K02343,,,0.6610835503415418,,,,,,27.1669,,,
291,K02356,,,0.5929657216316188,,,,,,36.8838,,,
292,K02357,,,0.6940000000000001,,,,,,7.4977,,,
293,K02372,,,0.6292516159586979,,,,,,38.2918,,,
294,K02379,,,0.6890000000000001,,,,,,3.4962,,,
295,K02394,,,0.669,,,,,,10.3094,,,
296,K02416,,,0.605,,,,,,10.0721,,,
297,K02426,,,0.6098125544431791,,,,,,12.4689,,,
298,K02429,,,0.574,,,,,,2.051,,,
299,K02435,,,0.6434835222506494,,,,,,13.0581,,,
300,K02437,,,0.608718036816733,,,,,,10.3187,,,
301,K02456,,,0.6403992886818729,,,,,,13.8234,,,
302,K02463,,,0.7140000000000001,,,,,,4.2597,,,
303,K02478,,,0.573,,,,,,3.7103,,,
304,K02492,,,0.591,,,,,,3.4478,,,
305,K02494,,,0.679,,,,,,6.3793,,,
306,K02498,,,0.6920000000000001,,,,,,4.4875,,,
307,K02503,,,0.706,,,,,,4.407,,,
308,K02510,,,0.6281574892015998,,,,,,29.7316,,,
309,K02517,,,0.675,,,,,,6.0801,,,
310,K02518,,,0.5592155993588186,,,,,,8.4122,,,
311,K02520,,,0.5925848799865112,,,,,,44.679500000000004,,,
312,K02527,,,0.6710903971657333,,,,,,19.4258,,,
313,K02536,,,0.6559999999999999,,,,,,3.451,,,
314,K02600,,,0.6369460012387896,,,,,,73.6268,,,
315,K02601,,,0.6534343475505304,,,,,,34.3106,,,
316,K02610,,,0.635,,,,,,7.6341,,,
317,K02612,,,0.736,,,,,,2.9004,,,
318,K02614,,,0.6710465999970937,,,,,,14.744299999999999,,,
319,K02616,,,0.7237658556152976,,,,,,11.080400000000001,,,
320,K02624,,,0.6688152745657905,,,,,,11.987400000000001,,,
321,K02626,,,0.573,,,,,,3.6694,,,
322,K02636,,,0.593,,,,,,8.0127,,,
323,K02638,,,0.5979926339505844,,,,,,13.1175,,,
324,K02654,,,0.636,,,,,,3.9339,,,
325,K02662,,,0.6220625165478451,,,,,,22.073500000000003,,,
326,K02664,,,0.64,,,,,,4.7553,,,
327,K02674,,,0.633,,,,,,3.6079,,,
328,K02687,,,0.6409999999999999,,,,,,2.5282,,,
329,K02784,,,0.625,,,,,,5.5072,,,
330,K02793,,,0.6579999999999999,,,,,,10.8286,,,
331,K02834,,,0.6232012974551501,,,,,,17.1109,,,
332,K02838,,,0.6214428907474446,,,,,,15.5669,,,
333,K02860,,,0.6846353267107437,,,,,,12.7881,,,
334,K02863,,,0.676119602802416,,,,,,29.6971,,,
335,K02864,,,0.6911251260542375,,,,,,21.982100000000003,,,
336,K02867,,,0.615867504850438,,,,,,29.2949,,,
337,K02871,,,0.6456733126563513,,,,,,9.1464,,,
338,K02874,,,0.6654674890529322,,,,,,44.022999999999996,,,
339,K02876,,,0.607,,,,,,3.148,,,
340,K02878,,,0.627,,,,,,7.1045,,,
341,K02879,,,0.6759999999999999,,,,,,6.3452,,,
342,K02881,,,0.606,,,,,,9.2522,,,
343,K02884,,,0.673518350277064,,,,,,15.9026,,,
344,K02887,,,0.6461215857982534,,,,,,21.011499999999998,,,
345,K02888,,,0.6970000000000001,,,,,,5.7281,,,
346,K02890,,,0.6689384703929669,,,,,,13.9769,,,
347,K02892,,,0.6203580487627305,,,,,,10.2466,,,
348,K02895,,,0.5735316432151707,,,0.654,,,21.0961,,,12.4515
349,K02902,,,0.583,,,,,,4.3309,,,
350,K02904,,,0.6684474315020711,,,,,,9.5627,,,
351,K02906,,,0.6805140460020473,,,,,,41.8952,,,
352,K02909,,,0.6249911257229731,,,,,,19.3613,,,
353,K02911,,,0.6579999999999999,,,,,,5.8136,,,
354,K02914,,,0.6734831821004188,,,,,,12.0259,,,
355,K02916,,,0.5981727801231901,,,,,,29.6641,,,
356,K02926,,,0.732,,,,,,7.3193,,,
357,K02931,,,0.5970570754768889,,,,,,25.560499999999998,,,
358,K02933,,,0.6540797172376056,,,,,,36.8872,,,
359,K02939,,,0.568,,,,,,5.5075,,,
360,K02945,,,0.6247413659595129,,,,,,64.96459999999999,,,
361,K02946,,,0.6354699311029075,,,,,,21.6683,,,
362,K02948,,,0.63,,,,,,10.0095,,,
363,K02952,,,0.6738870062042862,,,,,,24.500799999999998,,,
364,K02954,,,0.646805723133768,,,,,,21.7445,,,
365,K02959,,,0.656913748026683,,,,,,25.7395,,,
366,K02963,,,0.7140000000000001,,,,,,9.5768,,,
367,K02965,,,0.620606523911723,,,,,,35.784,,,
368,K02967,,,0.6460173916233953,,,,,,42.5755,,,
369,K02970,,,0.6172183419024541,,,,,,29.6976,,,
370,K02982,,,0.6464215991665315,,,,,,80.4733,,,
371,K02986,,,0.651190747102662,,,,,,37.0238,,,
372,K02990,,,0.6327940206645277,,,,,,10.2726,,,
373,K02992,,,0.6099638613620109,,,,,,26.236800000000002,,,
374,K02994,,,0.6329097876554594,,,,,,61.043299999999995,,,
375,K02996,,,0.6779999999999999,,,,,,11.2444,,,
376,K03040,,,0.6092151238185313,,,,,,29.0684,,,
377,K03060,,,0.7120000000000001,,,,,,11.2101,,,
378,K03070,,,0.636,,,,,,10.1246,,,
379,K03071,,,0.679,,,,,,6.8362,,,
380,K03073,,,0.7279999999999999,,,,,,3.8078,,,
381,K03075,,,0.607,,,,,,9.9501,,,
382,K03088,,,0.619207628059538,,,,,,155.23520000000002,,,
383,K03089,,,0.642,,,,,,21.0485,,,
384,K03092,,,0.6588939659805251,,,,,,37.2943,,,
385,K03100,,,0.551,,,,,,3.7079,,,
386,K03101,,,0.644,,,,,,3.3636,,,
387,K03111,,,0.6105675781382672,,,0.506,,,25.762999999999998,,,6.4299
388,K03116,,,0.612,,,,,,3.526,,,
389,K03118,,,0.6185999003144169,,,,,,23.922800000000002,,,
390,K03147,,,0.6409853673607402,,,,,,91.98419999999999,,,
391,K03149,,,0.60050566287312,,,,,,19.1419,,,
392,K03154,,,0.596,,,,,,2.594,,,
393,K03177,,,0.6821467665703927,,,,,,11.5883,,,
394,K03179,,,0.659,,,,,,6.1991,,,
395,K03187,,,0.5710000000000001,,,,,,6.8828,,,
396,K03189,,,0.605,,,,,,7.3917,,,
397,K03190,,,0.581,,,,,,6.7454,,,
398,K03192,,,0.591,,,,,,2.2953,,,
399,K03197,,,0.6670000000000001,,,,,,2.6748,,,
400,K03201,,,0.649,,,,,,2.8818,,,
401,K03210,,,0.6670000000000001,,,0.6990000000000001,,,7.2409,,,4.3499
402,K03217,,,0.5568910352362655,,,,,,22.0278,,,
403,K03218,,,0.616,,,,,,3.7219,,,
404,K03282,,,0.562,,,,,,6.3452,,,
405,K03284,,,0.578,,,,,,3.4272,,,
406,K03286,,,0.5429999999999999,,,,,,4.2171,,,
407,K03301,,,0.6779999999999999,,,,,,4.1214,,,
408,K03303,,,0.604424587313913,,,,,,16.8206,,,
409,K03320,,,0.6742636471987788,,,,,,18.4925,,,
410,K03338,,,0.736,,,,,,7.6905,,,
411,K03392,,,0.618,,,,,,6.1478,,,
412,K03396,,,0.638,,,,,,6.7214,,,
413,K03402,,,0.6956555777502528,,,,,,8.9087,,,
414,K03406,,,0.6324940061686903,,,,,,56.477000000000004,,,
415,K03408,,,0.5889999999999999,,,,,,4.5668,,,
416,K03409,,,0.621,,,,,,4.1992,,,
417,K03412,,,0.6137610362920529,,,,,,7.1112,,,
418,K03424,,,0.705,,,,,,6.0086,,,
419,K03426,,,0.7,,,,,,4.542,,,
420,K03433,,,0.6787359121187756,,,,,,16.258499999999998,,,
421,K03438,,,0.6396197140269978,,,,,,27.778899999999997,,,
422,K03439,,,0.7131022987392153,,,,,,11.5613,,,
423,K03455,,,0.6814150127588924,,,,,,13.357400000000002,,,
424,K03464,,,0.6983508731128624,,,,,,26.055799999999998,,,
425,K03466,,,0.6752589681924044,,,,,,21.7882,,,
426,K03470,,,0.7,,,,,,6.0998,,,
427,K03474,,,0.695,,,,,,3.6474,,,
428,K03478,,,0.5941745814036314,,,,,,5.919300000000001,,,
429,K03496,,,0.65,,,,,,4.518,,,
430,K03497,,,0.6389591659616063,,,,,,44.52499999999999,,,
431,K03501,,,0.621,,,,,,3.6373,,,
432,K03518,,,0.649,,,,,,9.4875,,,
433,K03521,,,0.6255437691603095,,,,,,15.8247,,,
434,K03522,,,0.7072585152844388,,,,,,18.2543,,,
435,K03525,,,0.6385883904103721,,,,,,10.4469,,,
436,K03526,,,0.6168144493979164,,,,,,43.77609999999999,,,
437,K03527,,,0.6750471202310832,,,,,,30.5777,,,
438,K03530,,,0.617,,,,,,12.4739,,,
439,K03531,,,0.6624899942410226,,,,,,36.313700000000004,,,
440,K03534,,,0.5339054883256701,,,,,,8.761099999999999,,,
441,K03536,,,0.6283815722959806,,,,,,12.436699999999998,,,
442,K03544,,,0.6002995619416581,,,,,,194.1254,,,
443,K03545,,,0.6779462170239039,,,,,,19.3547,,,
444,K03549,,,0.6305935250843226,,,,,,49.9163,,,
445,K03550,,,0.6193627009022904,,,,,,8.677299999999999,,,
446,K03551,,,0.6507672806472544,,,,,,18.793,,,
447,K03553,,,0.628,,,,,,48.8921,,,
448,K03556,,,0.6866117420442787,,,0.6220173848533086,,,29.9697,,,10.6671
449,K03559,,,0.6341005834759408,,,,,,15.6081,,,
450,K03561,,,0.6535107483086527,,,,,,11.1906,,,
451,K03566,,,0.674,,,,,,9.796,,,
452,K03567,,,0.63,,,,,,7.2376,,,
453,K03569,,,0.633687494071051,,,,,,60.573499999999996,,,
454,K03570,,,0.695,,,0.7359999999999999,,,7.3114,,,3.5025
455,K03574,,,0.615,,,,,,7.1828,,,
456,K03584,,,0.7051435364182544,,,,,,22.8224,,,
457,K03586,,,0.69,,,,,,5.7475,,,
458,K03589,,,0.6193506877996588,,,,,,12.7024,,,
459,K03590,,,0.6489599466053765,,,,,,19.9801,,,
460,K03591,,,0.6459999999999999,,,,,,8.3147,,,
461,K03593,,,0.656585166518951,,,,,,12.4047,,,
462,K03595,,,0.7126926137082168,,,,,,13.307500000000001,,,
463,K03599,,,0.6116929541382105,,,,,,10.4469,,,
464,K03600,,,0.67,,,,,,6.1884,,,
465,K03601,,,0.6367401742994614,,,,,,22.9756,,,
466,K03602,,,0.5720000000000001,,,0.603,,,8.6514,,,1.4165
467,K03611,,,0.6940000000000002,,,,,,8.7917,,,
468,K03616,,,0.684,,,,,,5.9144,,,
469,K03621,,,0.690939797013736,,,,,,16.7947,,,
470,K03624,,,0.6737576486241338,,,,,,14.9512,,,
471,K03628,,,0.6417387513961967,,,,,,145.57340000000002,,,
472,K03629,,,0.659,,,,,,6.229,,,
473,K03630,,,0.6230762982156692,,,,,,12.009,,,
474,K03635,,,0.6669371872163047,,,,,,18.142,,,
475,K03636,,,0.7,,,,,,4.4194,,,
476,K03639,,,0.6558150959097904,,,,,,14.4021,,,
477,K03642,,,0.6319436513114683,,,,,,36.7555,,,
478,K03644,,,0.7036819153809454,,,,,,17.8282,,,
479,K03648,,,0.753,,,,,,4.0138,,,
480,K03650,,,0.723,,,,,,5.6469,,,
481,K03651,,,0.7170000000000001,,,,,,4.241,,,
482,K03652,,,0.599,,,,,,4.5251,,,
483,K03664,,,0.653,,,,,,8.0533,,,
484,K03665,,,0.715,,,,,,9.6879,,,
485,K03666,,,0.5783093740165021,,,,,,16.1361,,,
486,K03671,,,0.5981437597441798,,,,,,14.738199999999999,,,
487,K03673,,,0.6644897230854528,,,,,,10.9605,,,
488,K03687,,,0.6346423161109134,,,,,,15.025300000000001,,,
489,K03690,,,0.6970000000000001,,,,,,3.5921,,,
490,K03701,,,0.677,,,,,,37.0553,,,
491,K03703,,,0.6859999999999999,,,,,,9.6796,,,
492,K03704,,,0.5886629371794121,,,,,,75.54209999999999,,,
493,K03705,,,0.65,,,,,,7.5911,,,
494,K03709,,,0.6920000000000001,,,,,,7.9351,,,
495,K03711,,,0.737,,,,,,9.4213,,,
496,K03718,,,0.655,,,,,,6.6103,,,
497,K03719,,,0.6396710759551356,,,,,,10.5527,,,
498,K03722,,,0.708,,,,,,4.207,,,
499,K03734,,,0.670004858860131,,,,,,24.150599999999997,,,
500,K03744,,,0.6110136132141136,,,,,,29.780299999999997,,,
501,K03747,,,0.667,,,,,,2.6719,,,
502,K03750,,,0.701,,,,,,5.961,,,
503,K03752,,,0.6811048876390865,,,,,,7.0131,,,
504,K03781,,,0.6117838648653225,,,,,,76.6466,,,
505,K03791,,,0.6409999999999999,,,,,,4.3168,,,
506,K03795,,,0.71,,,,,,2.6675,,,
507,K03797,,,0.6311125013912529,,,,,,75.4457,,,
508,K03799,,,0.6559999999999999,,,,,,3.5974,,,
509,K03809,,,0.6590705462675635,,,,,,21.8712,,,
510,K03814,,,0.6234189362103112,,,,,,8.278500000000001,,,
511,K03820,,,0.6494492026853054,,,,,,22.411,,,
512,K03821,,,0.6540337392955053,,,,,,61.47410000000001,,,
513,K03832,,,0.6444974680182061,,,0.5858491655926964,,,16.931199999999997,,,7.527
514,K03885,,,0.5316659939146584,,,,,,13.173,,,
515,K03925,,,0.6466546575794209,,,,,,9.3214,,,
516,K03937,,,0.598,,,,,,6.0815,,,
517,K03975,,,0.6126077950511833,,,,,,18.4954,,,
518,K03978,,,0.7040000000000001,,,,,,6.121,,,
519,K03979,,,0.6450778230326847,,,,,,11.639199999999999,,,
520,K04033,,,0.624,,,,,,9.1971,,,
521,K04063,,,0.6547146244185296,,,,,,40.954299999999996,,,
522,K04065,0.573,,0.6143599294193135,,,,3.306,,9.3127,,,
523,K04066,,,0.681379165889895,,,,,,13.579,,,
524,K04069,,,0.598,,,,,,6.1766,,,
525,K04074,,,0.6983650200296858,,,,,,16.8878,,,
526,K04075,,,0.6707627344401252,,,,,,7.7947,,,
527,K04077,,,0.6307468910070024,,,,,,410.26990000000006,,,
528,K04078,,,0.5765790095132381,,,0.5911062460397596,,,101.51689999999999,,,7.1011
529,K04079,,,0.591,,,,,,4.2317,,,
530,K04080,,,0.628,,,,,,8.7186,,,
531,K04088,,,0.564,,,,,,18.6548,,,
532,K04096,,,0.6185921079780815,,,,,,14.1796,,,
533,K04100,,,0.604,,,,,,10.8668,,,
534,K04485,,,0.7054236101733967,,,,,,21.7116,,,
535,K04564,,,0.5598248263799969,,,,,,12.6082,,,
536,K04565,,,0.5920000000000001,,,,,,4.4231,,,
537,K04566,,,0.63,,,,,,8.1368,,,
538,K04651,,,,,,0.722,,,,,,4.9403
539,K04712,,,0.52,,,,,,4.5953,,,
540,K04744,,,0.6779999999999999,,,,,,6.3247,,,
541,K04749,,,0.6167211631116987,,,,,,25.8534,,,
542,K04750,,,0.5943950910149652,,,,,,14.304599999999999,,,
543,K04751,,,0.598,,,,,,16.7193,,,
544,K04752,,,0.598,,,,,,16.7193,,,
545,K04754,,,0.64,,,,,,4.0808,,,
546,K04758,,,0.7099999999999999,,,,,,13.1033,,,
547,K04760,,,0.621965775448913,,,,,,39.6714,,,
548,K04763,,,0.602250381186675,,,,,,103.39500000000001,,,
549,K04764,,,0.59,,,,,,9.4866,,,
550,K04773,,,0.71,,,,,,12.5995,,,
551,K05337,,,0.5820000000000001,,,,,,33.2798,,,
552,K05520,,,0.624,,,,,,2.2622,,,
553,K05524,,,0.58,,,,,,9.6975,,,
554,K05527,,,0.642,,,,,,6.0752,,,
555,K05555,,,0.618,,,,,,6.5268,,,
556,K05589,,,0.664,,,,,,4.6641,,,
557,K05594,,,,,,0.653,,,,,,3.9823
558,K05595,,,0.5602630237476317,,,,,,7.184200000000001,,,
559,K05606,,,0.623,,,,,,2.3548,,,
560,K05710,,,0.6914165961836455,,,,,,23.7053,,,
561,K05786,,,0.591,,,,,,1.6878,,,
562,K05788,,,0.62,,,,,,8.2573,,,
563,K05794,,,0.54,,,,,,2.167,,,
564,K05800,,,0.594,,,,,,3.3894,,,
565,K05801,,,0.695,,,,,,6.7159,,,
566,K05807,,,0.636,,,,,,5.4725,,,
567,K05810,,,0.617,,,,,,4.1588,,,
568,K05826,,,0.529,,,,,,8.9274,,,
569,K05846,,,0.654,,,,,,7.833,,,
570,K05896,,,0.6539153600598819,,,,,,23.999399999999998,,,
571,K05913,,,0.6519999999999999,,,,,,4.7125,,,
572,K05970,,,0.59,,,,,,2.7958,,,
573,K05995,,,0.706,,,,,,7.2218,,,
574,K06006,,,0.5820000000000001,,,,,,5.1663,,,
575,K06013,,,0.682,,,,,,9.2869,,,
576,K06015,,,0.55,,,,,,4.9032,,,
577,K06023,,,0.5489999999999999,,,,,,5.5072,,,
578,K06024,,,0.7170000000000001,,,,,,6.0985,,,
579,K06041,,,0.6325201872440024,,,,,,6.1545000000000005,,,
580,K06048,,,0.6330584745685999,,,,,,19.9833,,,
581,K06077,,,0.7340000000000001,,,,,,5.402,,,
582,K06134,,,0.7090000000000001,,,,,,5.8604,,,
583,K06136,,,0.6929027126039743,,,,,,7.5842,,,
584,K06137,,,0.6131068657661801,,,,,,10.447700000000001,,,
585,K06138,,,0.6729999999999999,,,,,,6.2314,,,
586,K06142,,,0.588,,,,,,1.4279,,,
587,K06153,,,0.616,,,,,,5.3486,,,
588,K06164,,,0.6759999999999999,,,,,,6.8996,,,
589,K06180,,,0.625,,,,,,4.1719,,,
590,K06187,,,0.7170000000000001,,,,,,5.9028,,,
591,K06190,,,0.628,,,,,,5.315,,,
592,K06192,,,0.633,,,,,,3.4853,,,
593,K06203,,,0.633,,,,,,5.5254,,,
594,K06213,,,0.6337299062858888,,,,,,11.3638,,,
595,K06217,,,0.5870000000000001,,,,,,12.4736,,,
596,K06223,,,0.611,,,,,,5.7984,,,
597,K06287,,,0.6920408466168331,,,,,,20.1539,,,
598,K06346,,,0.6440409048823778,,,,,,15.3917,,,
599,K06400,,,0.6262296056021289,,,,,,64.7053,,,
600,K06422,,,,,,0.655,,,,,,8.335
601,K06442,,,0.6268138715124496,,,,,,8.9177,,,
602,K06864,,,0.723,,,,,,7.1981,,,
603,K06872,,,0.5800594080415776,,,,,,7.5646,,,
604,K06884,,,0.7070000000000001,,,0.736,,,5.9785,,,4.6291
605,K06886,,,0.5675999436779261,,,,,,10.3108,,,
606,K06888,,,0.6373159726483195,,,,,,30.272599999999997,,,
607,K06889,,,0.7090000000000001,,,,,,9.0099,,,
608,K06891,,,0.5763374626865954,,,,,,13.806899999999999,,,
609,K06893,,,0.5794913849967144,,,,,,60.73609999999999,,,
610,K06901,,,0.6418891970847127,,,,,,11.2196,,,
611,K06911,,,0.6784741926746466,,,,,,77.75580000000001,,,
612,K06915,,,0.657,,,,,,11.3017,,,
613,K06920,,,0.684,,,,,,5.8222,,,
614,K06929,,,0.5568923787744435,,,,,,7.2699,,,
615,K06934,,,0.5042080869737786,,,,,,13.3,,,
616,K06940,,,0.579,,,,,,4.5787,,,
617,K06941,,,0.6783647622971491,,,,,,35.254599999999996,,,
618,K06949,,,0.6749999999999999,,,,,,1.8312,,,
619,K06952,,,0.6301701732237703,,,,,,18.0509,,,
620,K06958,,,0.6183988211986711,,,,,,10.725,,,
621,K06960,,,0.6970000000000001,,,,,,3.3447,,,
622,K06973,,,0.5951014968057131,,,,,,4.0522,,,
623,K06975,,,0.6669111111111111,,,,,,6.766,,,
624,K06978,,,0.579,,,,,,10.496,,,
625,K06984,,,0.5920000000000001,,,,,,3.825,,,
626,K06985,,,0.622,,,,,,2.8333,,,
627,K06987,,,0.6557387376694578,,,,,,19.7397,,,
628,K06995,,,0.675,,,,,,3.9315,,,
629,K06997,,,0.5856013505723303,,,,,,7.1954,,,
630,K06998,,,0.6001973524468893,,,,,,30.000700000000002,,,
631,K06999,,,0.6541283289759738,,,,,,9.1995,,,
632,K07005,,,0.6307720073547283,,,,,,12.997399999999999,,,
633,K07006,,,0.573,,,,,,3.3938,,,
634,K07009,,,0.753,,,,,,4.1959,,,
635,K07010,,,0.704256402738509,,,,,,13.0925,,,
636,K07018,,,0.6082941553730038,,,,,,24.2747,,,
637,K07020,,,0.7140000000000001,,,,,,3.0569,,,
638,K07023,,,0.727,,,,,,3.8498,,,
639,K07029,,,0.7061883493141531,,,,,,11.440900000000001,,,
640,K07039,,,0.5916304622829407,,,,,,12.6725,,,
641,K07042,,,,,,0.568,,,,,,2.4094
642,K07053,,,0.542,,,,,,3.6543,,,
643,K07054,,,0.592741402749702,,,,,,9.5345,,,
644,K07056,,,0.7720000000000001,,,,,,6.4279,,,
645,K07058,,,0.6231770480413159,,,0.633,,,64.9666,,,2.7841
646,K07063,,,0.628,,,0.556,,,7.1894,,,3.2811
647,K07068,,,0.6978247875145996,,,,,,12.7288,,,
648,K07082,,,0.583,,,,,,4.1016,,,
649,K07089,,,0.657,,,,,,2.4125,,,
650,K07090,,,0.6076307811511301,,,,,,48.3635,,,
651,K07096,,,0.6777888104608647,,,,,,17.5765,,,
652,K07098,,,0.55,,,,,,6.1664,,,
653,K07100,,,0.607,,,,,,6.0798,,,
654,K07102,,,0.6384588873778876,,,,,,15.117799999999999,,,
655,K07107,,,0.5882287468303751,,,,,,10.490200000000002,,,
656,K07112,,,0.642,,,,,,4.1825,,,
657,K07115,,,0.6859076608127654,,,,,,7.7936,,,
658,K07118,,,0.5670000000000001,,,,,,6.1252,,,
659,K07126,,,0.5941467645652583,0.616,,,,,26.419700000000002,2.9167,,
660,K07127,,,0.635,,,,,,2.5024,,,
661,K07147,,,0.581,,,,,,7.1306,,,
662,K07149,,,0.71,,,,,,3.9366,,,
663,K07152,,,0.63,,,,,,5.2328,,,
664,K07154,,,0.5653679276122637,,,,,,10.722199999999999,,,
665,K07161,,,0.715,,,,,,5.6027,,,
666,K07165,,,0.598,,,,,,5.1397,,,
667,K07171,,,0.595,,,,,,3.481,,,
668,K07192,,,0.611,,,,,,14.4145,,,
669,K07221,,,0.6446197221981165,,,,,,7.3088999999999995,,,
670,K07226,,,0.613,,,,,,2.8596,,,
671,K07240,,,0.6591933681499109,,,,,,8.3814,,,
672,K07241,,,0.6744081079447486,,,,,,28.6881,,,
673,K07259,,,0.606,,,,,,2.4627,,,
674,K07261,,,0.6565591677321656,,,,,,19.651699999999998,,,
675,K07264,,,0.6375013429616649,,,,,,9.849499999999999,,,
676,K07265,,,0.6709999999999999,,,,,,3.85,,,
677,K07267,,,0.598,,,,,,3.2738,,,
678,K07273,,,0.41,,,,,,1.4415,,,
679,K07276,,,0.727,,,,,,2.7556,,,
680,K07302,,,0.664,,,,,,10.3841,,,
681,K07304,,,0.6759999999999999,,,,,,9.0915,,,
682,K07315,,,0.584,,,,,,6.2013,,,
683,K07323,,,0.604,,,,,,5.7554,,,
684,K07335,,,0.587046131836747,,,,,,19.226100000000002,,,
685,K07391,,,0.6890000000000001,,,,,,11.8586,,,
686,K07393,,,0.6527415973728798,,,,,,18.956300000000002,,,
687,K07399,,,0.705,,,,,,6.7982,,,
688,K07447,,,0.606,,,,,,4.603,,,
689,K07455,,,,,0.555,,,,,,3.9623,
690,K07460,,,0.6779447863493999,,,,,,15.3499,,,
691,K07461,,,0.5411660558335682,,,,,,8.743500000000001,,,
692,K07462,,,0.6628499928605274,,,,,,6.6370000000000005,,,
693,K07465,,,0.731,,,,,,11.0682,,,
694,K07478,,,0.6796015835130839,,,,,,43.9617,,,
695,K07481,,,0.6135676125070184,,,,,,328.64119999999997,,,
696,K07482,,,0.6013373939238397,,,,,,509.63900000000007,,,
697,K07483,,,0.6155390458545678,,,0.6970000000000001,,,542.7964999999999,,,6.6275
698,K07484,,,0.6223114456856705,,,,,,583.4082999999998,,,
699,K07485,,,0.5815326573073605,,,,,,344.26339999999993,,,
700,K07486,,,0.6102225589655479,,,0.5809330851713609,,,2997.3351000000007,,,26.4998
701,K07487,,,0.6172791799228705,,,,,,234.05270000000002,,,
702,K07488,,,0.6038958667920585,,,,,,42.3767,,,
703,K07491,,,0.561964783829085,,,0.513,,,29.992,,,6.0541
704,K07492,,,0.5901285261087632,,,,,,773.4677000000001,,,
705,K07493,,,0.6311453609011614,,,0.654,,,725.7170000000001,,,3.7046
706,K07494,0.523,,0.5909977017584745,0.503,,,9.1703,,1239.7092,17.6783,,
707,K07495,,,0.5486750623098978,,,,,,345.75109999999995,,,
708,K07496,,,0.6184102369143609,,,0.6460422156699714,,,126.12490000000001,,,15.4712
709,K07497,,0.588,0.6107452076134102,0.568,,,,4.9044,1920.6893000000005,16.395,,
710,K07498,,,0.6047796653644438,,,,,,131.67239999999998,,,
711,K07499,,,0.5974349617080562,,,0.521,,,443.05969999999996,,,8.9894
712,K07506,,,0.5723925339340876,,,,,,25.4115,,,
713,K07560,,,0.7120000000000001,,,,,,6.5509,,,
714,K07566,,,0.700855094288581,,,,,,14.078600000000002,,,
715,K07568,,,0.7120000000000001,,,,,,3.6044,,,
716,K07646,,,0.7018519487332437,,,,,,23.9584,,,
717,K07693,,,0.732,,,,,,7.8787,,,
718,K07726,,,0.6940000000000001,,,,,,2.7253,,,
719,K07735,,,0.612,,,,,,3.7862,,,
720,K07736,,,0.695,,,,,,12.0775,,,
721,K07738,,,0.6904197225919149,,,,,,25.867,,,
722,K07755,,,0.664,,,,,,4.1953,,,
723,K07793,,,0.6567278577088204,,,,,,11.0816,,,
724,K07795,,,0.6239777302816695,,,,,,11.9711,,,
725,K07979,,,0.659051265680088,,,,,,12.3813,,,
726,K08178,,,0.6679999999999999,,,,,,5.4647,,,
727,K08223,,,0.619,,,,,,9.3545,,,
728,K08234,,,0.648,,,,,,6.0533,,,
729,K08305,,,0.644765620719976,,,,,,10.1072,,,
730,K08307,,,0.6152474450471782,,,,,,16.0096,,,
731,K08309,,,0.602,,,,,,2.6872,,,
732,K08311,,,0.6218604330708056,,,,,,21.5251,,,
733,K08316,,,0.757,,,,,,7.2391,,,
734,K08481,,,,,,0.546,,,,,,5.2377
735,K08482,,,0.6051632393020271,,,,,,30.5901,,,
736,K08591,,,0.5539999999999999,,,,,,3.9177,,,
737,K08681,,,0.578,,,,,,3.2709,,,
738,K08683,,,0.6759999999999999,,,,,,5.7114,,,
739,K08738,,,0.624,,,,,,3.9056,,,
740,K08968,,,0.5489999999999999,,,,,,3.7686,,,
741,K08972,,,0.698,,,,,,6.9903,,,
742,K08976,,,0.5529999999999999,,,,,,8.8596,,,
743,K08983,,,0.6167068061340901,,,,,,9.725200000000001,,,
744,K08987,,,0.5820000000000001,,,,,,2.7419,,,
745,K08998,,,0.683396975942737,,,,,,6.6514,,,
746,K08999,,,0.6582975089891865,,,,,,19.2883,,,
747,K09005,,,0.622,,,,,,6.0815,,,
748,K09013,,,0.601,,,,,,9.8671,,,
749,K09019,,,0.5770000000000001,,,,,,4.2395,,,
750,K09022,,,0.6435491280287272,,,,,,51.2081,,,
751,K09117,,,0.674,,,,,,7.8801,,,
752,K09118,,,0.5894107955431979,,,,,,30.3749,,,
753,K09125,,,0.657,,,,,,9.1223,,,
754,K09131,,,0.7244559887973692,,,,,,7.9986999999999995,,,
755,K09136,,,0.5691196992123829,,,,,,12.839500000000001,,,
756,K09159,,,0.687,,,,,,7.3788,,,
757,K09160,,,0.535,,,,,,4.9579,,,
758,K09164,,,0.635,,,,,,5.1111,,,
759,K09165,,,0.5988888495375393,,,,,,14.615299999999998,,,
760,K09166,,,0.5920000000000001,,,,,,3.2,,,
761,K09539,,,0.61,,,,,,4.5947,,,
762,K09702,,,0.715,,,,,,7.842,,,
763,K09710,,,0.6441547127202373,,,,,,12.0728,,,
764,K09747,,,0.667,,,,,,5.9028,,,
765,K09748,,,0.6705687348198138,,,,,,14.0021,,,
766,K09760,,,0.66,,,,,,2.4411,,,
767,K09761,,,0.7509999999999998,,,,,,8.2625,,,
768,K09762,,,0.728,,,,,,6.6553,,,
769,K09763,,,0.7790194167731975,,,,,,9.7793,,,
770,K09764,,,0.5982486821052764,,,,,,17.1109,,,
771,K09767,,,0.634,,,,,,10.8962,,,
772,K09769,,,0.5820000000000001,,,,,,3.2392,,,
773,K09780,,,0.650144639539066,,,,,,18.6532,,,
774,K09791,,,0.6940000000000002,,,,,,3.7379,,,
775,K09794,,,0.5429999999999999,,,,,,8.1725,,,
776,K09804,,,0.5329999999999999,,,,,,7.8082,,,
777,K09806,,,0.655,,,,,,4.6854,,,
778,K09862,,,0.655,,,,,,2.5143,,,
779,K09882,,,0.606,,,,,,19.2302,,,
780,K09888,,,0.6574953271490169,,,,,,15.138200000000001,,,
781,K09892,,,0.674,,,,,,6.6711,,,
782,K09903,,,0.5901245176343992,,,,,,10.735,,,
783,K09915,,,0.639492331730375,,,,,,11.9683,,,
784,K09919,,,0.6400561517839801,,,,,,9.8894,,,
785,K09920,,,0.657,,,,,,8.8383,,,
786,K09924,,,0.5873700579479524,,,0.583,,,8.9982,,,3.293
787,K09927,,,0.752,,,,,,7.5789,,,
788,K09930,,,0.659,,,,,,7.2959,,,
789,K09931,,,0.6765970563272405,,,,,,13.631799999999998,,,
790,K09932,,,0.647,,,,,,3.375,,,
791,K09940,,,0.6719440083790084,,,,,,8.4966,,,
792,K09948,,,0.5589999999999999,,,,,,5.9579,,,
793,K09951,,,0.633,,,,,,4.7147,,,
794,K09955,,,0.568,,,,,,3.4705,,,
795,K09957,,,0.71,,,,,,3.785,,,
796,K09958,,,0.505,,,,,,4.6974,,,
797,K09959,,,0.6759999999999999,,,,,,5.6548,,,
798,K09966,,,0.613,,,,,,4.4509,,,
799,K09983,,,0.5699621889113017,,,,,,33.1833,,,
800,K09990,,,0.6579999999999999,,,,,,4.233,,,
801,K09991,,,0.631,,,,,,2.7556,,,
802,K10002,,,0.627,,,,,,9.4829,,,
803,K10026,,,0.672,,,,,,6.1536,,,
804,K10536,,,0.6509999999999999,,,,,,3.2626,,,
805,K10563,,,0.7240000000000001,,,,,,5.6022,,,
806,K10621,,,0.69,,,,,,7.7896,,,
807,K10713,,,0.5670000000000001,,,,,,5.7714,,,
808,K10773,,,0.5489999999999999,,,,,,3.579,,,
809,K10804,,,0.6376720496837316,,,,,,12.4926,,,
810,K10806,,,0.635,,,,,,3.8401,,,
811,K10822,,,0.7020000000000001,,,,,,6.1225,,,
812,K10856,,,0.6709999999999999,,,,,,9.1525,,,
813,K10914,,,0.5484995302073281,,,,,,32.488600000000005,,,
814,K10917,,,0.7020000000000001,,,,,,5.9601,,,
815,K10947,,,0.5988346667422376,,,,,,25.8499,,,
816,K10979,,,0.5811319385369774,,,,,,65.2388,,,
817,K11175,,,0.568,,,,,,3.201,,,
818,K11178,,,0.591,,,,,,9.7102,,,
819,K11211,,,0.696,,,,,,5.8035,,,
820,K11477,,,0.5816685532148115,,,0.6859999999999999,,,128.3491,,,5.0788
821,K11749,,,0.6518310845468681,,,,,,27.2129,,,
822,K11782,,,0.562,,,,,,3.6282,,,
823,K11904,,,0.588,,,,,,1.4852,,,
824,K11939,,,,,,0.703,,,,,,5.7567
825,K11940,,,0.5529999999999999,,,,,,6.3211,,,
826,K11991,,,0.683850380268967,,,,,,10.6021,,,
827,K12132,,,0.6581641889264332,,,,,,30.2274,,,
828,K12373,,,0.5808006038737737,,,,,,9.2563,,,
829,K12511,,,0.655,,,,,,5.5793,,,
830,K12574,,,0.7095335131223856,,,,,,16.5111,,,
831,K13018,,,0.586,,,,,,1.4768,,,
832,K13038,,,0.71,,,,,,6.0128,,,
833,K13288,,,0.677,,,,,,4.2538,,,
834,K13292,,,0.6398013595578143,,,,,,21.0535,,,
835,K13472,,,0.626,,,,,,8.7613,,,
836,K13527,,,0.6559999999999999,,,,,,15.597,,,
837,K13582,,,0.662,,,,,,8.6157,,,
838,K13583,,,0.6379729593053541,,,0.5760000000000001,,,17.8077,,,2.8201
839,K13589,,,0.667,,,,,,5.5127,,,
840,K13640,,,0.6288322848973821,,,,,,11.703,,,
841,K13934,,,0.609,,,,,,3.4086,,,
842,K13985,,,0.6147277853799038,0.5329999999999999,,,,,6.757,5.7594,,
843,K13992,,,0.542,,,,,,4.035,,,
844,K13993,,,0.5743933818591848,,,,,,30.8927,,,
845,K14058,,,0.667,,,,,,8.2315,,,
846,K14060,,,0.623,,,,,,5.6083,,,
847,K14061,,,0.634,,,,,,6.9963,,,
848,K14063,,,0.593,,,,,,6.732,,,
849,K14083,,,0.66047828796928,,,,,,25.010600000000004,,,
850,K14189,,,0.486,,,,,,56.8355,,,
851,K14941,,,0.6970000000000001,,,0.7229999999999999,,,1.7622,,,3.7303
852,K14998,,,0.657,,,,,,2.8224,,,
853,K15034,,,0.655,,,,,,3.1199,,,
854,K15342,,,0.655,,,,,,7.2567,,,
855,K15371,,,0.6709999999999999,,,,,,14.4453,,,
856,K15510,,,0.644,,,,,,8.244,,,
857,K15523,,,0.7170000000000001,,,,,,4.8617,,,
858,K15539,,,,,,0.736,,,,,,2.2304
859,K15633,,,0.6,,,,,,3.82,,,
860,K15650,,,0.6779999999999999,,,,,,2.819,,,
861,K15724,,,0.655,,,,,,7.5821,,,
862,K15763,,,0.556,,,,,,1.8465,,,
863,K15777,,,0.6037859471149872,,,,,,11.675,,,
864,K15878,,,0.6219999999999999,,,,,,4.3812,,,
865,K15973,,,0.608,,,,,,4.6639,,,
866,K15977,,,0.5549083884158164,,,,,,23.261799999999997,,,
867,K16079,,,0.6090385999006389,,,,,,20.5375,,,
868,K16137,,,0.5660000000000001,,,,,,10.5334,,,
869,K16652,,,0.753,,,,,,5.406,,,
870,K16841,,,0.6559999999999999,,,,,,2.6832,,,
871,K17103,,,0.6496920227647957,,,,,,11.5937,,,
872,K17226,,,0.6355657714422954,,,,,,7.2139,,,
873,K17229,,,0.67,,,,,,6.2637,,,
874,K17662,,,0.586,,,,,,3.5871,,,
875,K18013,,,0.6073591706746628,,,,,,7.8069999999999995,,,
876,K18199,,,0.654,,,,,,5.7657,,,
877,K18226,,,0.637,,,,,,6.8079,,,
878,K18235,,,0.613,,,,,,5.9511,,,
879,K18290,,,0.589,,,,,,6.6407,,,
880,K18320,,,0.609,,,,,,9.6426,,,
881,K18453,,,0.6746108627940033,,,,,,11.3453,,,
882,K18476,,,0.6977634197714038,,,,,,9.9041,,,
883,K18672,,,0.54,,,,,,5.1945,,,
884,K18691,,,0.6809999999999999,,,,,,2.7476,,,
885,K18700,,,0.597,,,,,,5.6409,,,
886,K18843,,,0.615,,,,,,1.4888,,,
887,K18917,,,0.6579999999999999,,,,,,3.903,,,
888,K18955,,,0.667,,,,,,7.7737,,,
889,K18997,,,0.7149510397381358,,,,,,11.0985,,,
890,K19055,,,0.622,,,,,,6.6269,,,
891,K19092,,,0.5652146755408655,,,,,,9.4844,,,
892,K19156,,,0.645,,,,,,2.9493,,,
893,K19222,,,0.675,,,,,,7.4432,,,
894,K19267,,,0.644,,,,,,13.3178,,,
895,K19411,,,0.535,,,,,,5.2763,,,
896,K19686,,,0.618315342109153,,,,,,10.8756,,,
897,K19710,,,0.6202350199355385,,,,,,9.1892,,,
898,K19784,,,0.5660000000000001,,,,,,7.8542,,,
899,K20074,,,0.57,,,,,,9.8969,,,
900,K20266,,,0.494,,,,,,4.3013,,,
901,K20523,,,0.5919428526114175,,,,,,8.5487,,,
902,K20529,,,0.674,,,,,,4.9435,,,
903,K20531,,,0.5609999999999999,,,,,,4.3289,,,
904,K20844,,,0.653,,,,,,3.3641,,,
905,K21014,,,0.569,,,,,,3.8598,,,
906,K21084,,,0.6799613424194745,,,,,,14.7775,,,
907,K21395,,,0.5792384566041121,,,,,,15.2323,,,
908,K21470,,,0.6264006641224817,,,,,,42.84159999999999,,,
909,K21471,,,0.675,,,,,,4.3429,,,
910,K21563,,,0.609,,,,,,2.9693,,,
911,K21695,,,0.596,,,0.608,,,3.6186,,,6.212
912,K21700,,,0.605574165074341,,,,,,10.9793,,,
913,K21741,,,0.5406545739181308,,,,,,13.476,,,
914,K21908,,,0.7086286697093817,,,,,,15.662099999999999,,,
915,K21929,,,0.6562907865636625,,,0.665,,,28.412500000000005,,,6.2821
916,K22025,,,0.7070000000000001,,,,,,6.3113,,,
917,K22107,,,0.677,,,,,,3.4554,,,
918,K22205,,,0.693,,,,,,3.3812,,,
919,K22278,,,0.6042319924849868,,,,,,10.0195,,,
920,K22297,,,0.682,,,,,,9.4567,,,
921,K22299,,,0.657,,,,,,11.3027,,,
922,K22310,,,0.5770000000000001,,,,,,3.1782,,,
923,K22419,,,0.5785685677124222,,,,,,22.0327,,,
924,K22452,,,0.6892610660432846,,,,,,11.396,,,
925,K22468,,,0.64,,,,,,10.5388,,,
926,K22479,,,0.6632552449219988,,,,,,11.1964,,,
927,K22622,,,0.664,,,,,,2.7938,,,
928,K22736,,,0.7328773628091149,,,,,,10.9211,,,
929,K22737,,0.736,0.6089594939052806,,,,,6.4241,13.4838,,,
930,K22843,,,0.681,,,,,,4.0318,,,
931,K22894,,,0.708,,,,,,7.8665,,,
932,K23265,,,0.72,,,,,,10.805,,,
933,K23536,,,0.672,,,,,,3.9777,,,
934,K23886,,,0.654,,,,,,6.5985,,,
935,K24131,,,0.723,,,,,,4.1361,,,
936,K24138,,,0.652,,,,,,10.0788,,,
