,KEGG,GC_adj ,GC_adj Archaea,GC_adj Bacteria,GC_adj Eukaryota,GC_adjUnclassified,gene_counts ,gene_counts Archaea,gene_counts Bacteria,gene_counts Eukaryota,gene_countsUnclassified
0,K00009,,,0.722,,,,,7.1039,,
1,K00012,,,0.5539999999999999,,,,,4.4361,,
2,K00014,,0.35600000000000004,0.564363259859848,,,,6.3565,5.6348,,
3,K00031,,,0.647,,,,,20.4528,,
4,K00033,,,0.649311453523526,,,,,61.0948,,
5,K00036,,,0.584,,,,,5.0145,,
6,K00052,,,0.57,,,,,3.5204,,
7,K00053,,0.37,0.536,,,,8.2396,6.6985,,
8,K00054,,0.38561537763060444,0.664,,,,23.0282,3.1585,,
9,K00057,,,0.556,,,,,4.1961,,
10,K00058,,,0.544,,,,,5.1909,,
11,K00064,,,0.7450000000000001,,,,,5.2845,,
12,K00067,,,0.6430690107620078,,,,,31.420700000000004,,
13,K00075,,,0.7191293720863693,,,,,21.4131,,
14,K00077,,,0.6732522291446205,,,,,31.273,,
15,K00088,,0.401,0.552,,,,7.3549,4.766,,
16,K00096,,0.37765172956535187,,,,,15.5039,,,
17,K00099,,,0.6833778753903934,,,,,22.8485,,
18,K00111,,,0.6732997455852819,,,,,19.444200000000002,,
19,K00112,,,0.7159207150202448,,,,,11.2095,,
20,K00122,,,0.6669027967166928,,,,,44.839600000000004,,
21,K00124,,,0.6307633939417953,,,,,34.6327,,
22,K00133,,,0.6082269966100373,,,,,24.849600000000002,,
23,K00134,,0.379,,,,,5.0617,,,
24,K00145,,0.3827702194617948,,,,,11.9587,,,
25,K00163,,,0.6496795294577673,,,,,215.60029999999998,,
26,K00174,,0.354,0.6108457969212839,,,,10.0365,22.2887,,
27,K00175,,,0.6391792824595893,,,,,44.544399999999996,,
28,K00200,,,0.639,,,,,6.7154,,
29,K00201,,,0.616,,,,,3.2361,,
30,K00215,,,0.6526486361693343,,,,,23.754399999999997,,
31,K00231,,,0.603,,,,,1.7495,,
32,K00240,,0.36052754415191335,0.6394783431185911,,,,13.9938,107.38039999999998,,
33,K00241,,,0.6532932704425587,,0.718,,,29.191899999999997,,6.0596
34,K00242,,,0.6702203720063103,,,,,6.2585,,
35,K00246,,,0.6057562274058368,,,,,13.355699999999999,,
36,K00247,,,0.6459999999999999,,,,,1.8873,,
37,K00249,,,0.6360998257017191,,,,,17.711100000000002,,
38,K00254,,,0.58,,,,,3.236,,
39,K00275,,,0.6730359431034926,,,,,32.1033,,
40,K00286,,,0.6062864233163918,,,,,20.339000000000002,,
41,K00287,,,0.6436523975118774,,,,,4.9247000000000005,,
42,K00297,,,0.5852480837020972,,,,,12.344100000000001,,
43,K00304,,,0.7140000000000001,,,,,9.4433,,
44,K00311,,,0.647,,,,,5.58,,
45,K00330,,,0.626119214695895,,,,,36.4243,,
46,K00331,,,0.6009810128602889,,,,,22.1417,,
47,K00334,,,0.7000717328348557,,,,,18.2653,,
48,K00338,,,0.6349930374385627,,,,,29.2877,,
49,K00339,,,0.526,,,,,3.9695,,
50,K00340,,0.33699999999999997,0.6161760285144754,,0.648,,11.258,42.0309,,4.7119
51,K00343,,,0.5920000000000001,,,,,6.3628,,
52,K00344,,,0.5870000000000001,,,,,9.148,,
53,K00368,,,0.59,,,,,3.5685,,
54,K00371,,,0.635,,,,,4.6391,,
55,K00384,,0.375,,,,,8.5849,,,
56,K00389,,,0.6418170514511071,,0.7809999999999999,,,21.2566,,7.9802
57,K00390,,0.3381036992802073,0.6789559347597155,,,,15.581299999999999,19.7435,,
58,K00395,,,0.58,,,,,6.4637,,
59,K00411,,,0.65112995478313,,,,,6.5517,,
60,K00413,,,0.551,,,,,10.8077,,
61,K00425,,,0.6527854748508143,,,,,53.2409,,
62,K00426,,,0.6896777329644498,,0.6509999999999999,,,16.3205,,3.0995
63,K00428,,,0.6121078567570899,,,,,7.6973,,
64,K00432,,,0.6216435263802013,,,,,20.787999999999997,,
65,K00433,,,0.6124226478650646,,,,,39.757,,
66,K00446,,,0.6589885170078577,,,,,16.5356,,
67,K00448,,,0.5834635812871382,,,,,9.2119,,
68,K00449,,,0.6507956602647433,,,,,37.587199999999996,,
69,K00450,,,0.611676570059674,,,,,61.0857,,
70,K00451,,,0.6575905037937303,,,,,48.8815,,
71,K00452,,,0.6128512220884549,,,,,23.9416,,
72,K00453,,,0.6330176882537235,,,,,25.3654,,
73,K00457,,,0.5886618211861299,,,,,31.6717,,
74,K00459,,,0.6509207128050323,,,,,8.8305,,
75,K00500,,,0.6629999999999999,,,,,5.7976,,
76,K00507,,,0.5911393897687734,,,,,15.2164,,
77,K00518,,,0.6642546951646032,,,,,19.1431,,
78,K00525,,0.381557572782151,0.6034914018891169,,,,18.433300000000003,49.6466,,
79,K00526,,,0.601,,,,,16.2615,,
80,K00528,,,0.627,,,,,3.9956,,
81,K00537,,,0.467,,,,,3.4037,,
82,K00540,,,0.6410946503293166,,0.5724572972549635,,,41.2685,,7.9376
83,K00545,,0.33,,,,,7.5958,,,
84,K00548,,0.35700000000000004,0.6230503970582147,,,,9.1841,20.672800000000002,,
85,K00549,,,0.6428685104283424,,,,,371.21969999999993,,
86,K00554,,,0.6361383546404779,,,,,27.936499999999995,,
87,K00555,,0.3552643279207401,,,,,13.521799999999999,,,
88,K00560,,,0.5658301377777456,,,,,5.8713999999999995,,
89,K00570,,,0.5724302091610928,,,,,7.6928,,
90,K00573,,,0.6340026031195746,,,,,48.8104,,
91,K00574,,,0.6452760604600284,,,,,27.262500000000003,,
92,K00575,,,0.61,,,,,2.6083,,
93,K00577,,0.32741355819286677,,,,,12.7725,,,
94,K00588,,,0.6170707364442592,,,,,7.7761,,
95,K00598,,,0.6709999999999999,,,,,2.8988,,
96,K00600,,0.3584784872914284,0.6712769292993375,,,,31.8342,95.58,,
97,K00602,,,0.6804333095808434,,,,,96.65250000000002,,
98,K00605,,,0.541,,,,,5.2443,,
99,K00606,,0.3476801720783577,0.6536319626151074,,,,34.1133,44.1156,,
100,K00609,,0.339,0.6765146409855111,,,,7.3057,38.9574,,
101,K00610,,0.299,,,,,7.9534,,,
102,K00611,,0.341,0.7020000000000001,,,,5.1399,6.9431,,
103,K00615,,0.416,,,,,7.8604,,,
104,K00616,,0.381,0.6,,,,8.3293,8.5668,,
105,K00620,,,0.525,,,,,5.7718,,
106,K00626,,,0.6596744227801876,,,,,80.5548,,
107,K00635,,,0.703390601916367,,,,,58.5385,,
108,K00640,,,0.6473407430168134,,,,,12.191099999999999,,
109,K00641,,,0.6729181813588783,,,,,12.0418,,
110,K00645,,,0.738,,,,,5.4217,,
111,K00648,,,0.578,,,,,3.5085,,
112,K00651,,,0.527,,,,,3.6767,,
113,K00655,,,0.7102587144607291,,,,,24.5554,,
114,K00657,,,0.5479999999999999,,,,,4.3079,,
115,K00662,,,0.713,,,,,3.0265,,
116,K00673,,,0.67,,,,,2.9851,,
117,K00674,,,0.6922175778257708,,,,,28.2654,,
118,K00677,,,0.6499345961493158,,,,,16.8687,,
119,K00682,,,0.508,,,,,2.8824,,
120,K00684,,,0.6736323794388357,,,,,16.3673,,
121,K00688,,,0.6303563747401355,,,,,217.1563,,
122,K00700,,,0.6302394700581179,,,,,42.8378,,
123,K00703,,,0.5859078397521531,,,,,22.721700000000002,,
124,K00705,,,0.6256232085864938,,,,,13.034799999999999,,
125,K00721,,0.341,0.645,,,,8.4694,1.9586,,
126,K00748,,,0.657,,,,,3.0382,,
127,K00759,,0.34053899294614454,0.6764345403833385,,,,12.000599999999999,18.2237,,
128,K00760,,,0.663319761002685,,,,,32.387299999999996,,
129,K00762,,0.36600000000000005,0.5691410601524343,,,,6.4304,7.6526,,
130,K00763,,,0.6517586674386407,,,,,9.6825,,
131,K00764,,0.365,0.6453807367454123,,,,6.4993,42.8082,,
132,K00765,,,0.640106599674234,,,,,17.7422,,
133,K00766,,0.34036755935575713,0.6849015188212199,,,,23.211699999999997,43.521899999999995,,
134,K00767,,0.3449999999999999,,,,,7.5941,,,
135,K00768,,,0.6866298416737348,,,,,14.6998,,
136,K00769,,,0.659,,,,,3.5873,,
137,K00773,,,0.5558185981339794,,,,,14.6188,,
138,K00782,,,0.773,,,,,4.039,,
139,K00783,,,0.6127525467408359,,,,,8.8485,,
140,K00784,,0.3500715846506728,0.6140133581338996,,,,31.055500000000002,27.108800000000002,,
141,K00789,,0.37538522017404113,0.6641866547621843,,,,17.105600000000003,139.3023,,
142,K00790,,,0.6396423379372174,,,,,27.7471,,
143,K00791,,,0.726,,,,,4.3478,,
144,K00793,,0.35005196174266384,0.6071058869450047,,,,12.9223,24.299599999999998,,
145,K00794,,0.3649273937999344,0.7187586646063433,,,,13.0039,20.6742,,
146,K00797,,,0.6407986150982936,,0.631,,,31.162800000000004,,2.2416
147,K00798,,0.31775576811568434,0.6195034440818747,,,,12.7181,25.1708,,
148,K00799,,,0.6024797297359615,,,,,117.4937,,
149,K00800,,0.3572123923122525,0.5747769006986636,,0.8029999999999999,,12.1926,8.423300000000001,,5.95
150,K00801,,,0.555,,,,,4.9721,,
151,K00808,,,0.6479999999999999,,,,,7.0971,,
152,K00809,,0.3671028614080942,,,,,23.615299999999998,,,
153,K00820,,0.3651577400603507,0.6603792220466725,,,,16.0895,81.2742,,
154,K00826,,0.37411359065585426,0.6731595630838773,,,,19.541600000000003,9.3214,,
155,K00831,,,0.5897128450583967,,,,,9.4262,,
156,K00845,,,0.731,,,,,6.1963,,
157,K00851,,,0.6147519042437432,,,,,9.8468,,
158,K00857,,,0.653476204469668,,,,,20.917700000000004,,
159,K00858,,0.3633338297468468,0.6885098987830339,,,,31.7337,47.00989999999999,,
160,K00859,,,0.6580963510398787,,,,,20.519699999999997,,
161,K00865,,,0.7634402112229373,,,,,9.203100000000001,,
162,K00869,,0.354,0.377,,,,5.5345,5.9668,,
163,K00872,,0.382,,,,,8.4701,,,
164,K00873,,0.737,0.6531271925379513,,,,7.8287,82.90840000000001,,
165,K00912,,,0.6170238982325201,,,,,13.6006,,
166,K00919,,,0.561,,,,,2.3601,,
167,K00925,,,0.6857041985867134,,,,,39.5508,,
168,K00926,,,0.6958063687267074,,,,,21.245900000000002,,
169,K00927,,0.3875961297310713,0.6487978769763374,,,,15.3199,41.751999999999995,,
170,K00930,,,0.652,,,,,7.2716,,
171,K00936,,,0.6465051889639588,,0.4680000000000001,,,14.995899999999999,,3.4521
172,K00937,,,0.6479373574437148,,,,,19.3455,,
173,K00939,,,0.6949930869745494,,,,,20.3112,,
174,K00943,,0.36434925214558,0.6654416340511475,,,,21.5069,16.852500000000003,,
175,K00945,,,0.6759760738687409,,0.601,,,45.8212,,3.6715
176,K00946,,,0.6732438658901986,,,,,19.328,,
177,K00948,,0.3377538877101381,0.6587660907830903,,,,20.9665,93.31360000000002,,
178,K00950,,,0.6587840533403295,,,,,23.7336,,
179,K00952,,0.34528866996520746,,,,,12.387899999999998,,,
180,K00954,,,0.65996382690099,,,,,40.9491,,
181,K00957,,,0.6008567339027044,,,,,12.643799999999999,,
182,K00958,,,,0.7200000000000001,,,,,4.1448,
183,K00963,,,0.674,,,,,9.6304,,
184,K00969,,,0.6052851948637059,,,,,15.072700000000001,,
185,K00971,,,0.5754028624273918,,0.523,,,13.945,,4.0639
186,K00975,,,0.5556193445846592,,,,,8.7728,,
187,K00979,,,0.65,,,,,2.3864,,
188,K00981,,,0.6735688634079886,,,,,11.5162,,
189,K00982,,,0.675764098801407,,,,,19.6212,,
190,K00986,,,0.6053940522426926,,,,,534.1754000000001,,
191,K00989,,,0.5710000000000001,,,,,3.4364,,
192,K00990,,,0.6641783264691878,,,,,43.7421,,
193,K00997,,,0.7155343784209031,,,,,16.6467,,
194,K01000,,,0.6448254397095171,,,,,27.8668,,
195,K01005,,,0.690630082657263,,0.684,,,70.1795,,5.0094
196,K01006,,,0.69,,,,,13.2609,,
197,K01008,,,0.7267924323941056,,,,,12.8144,,
198,K01011,,0.402,0.574,,,,9.4136,3.869,,
199,K01012,,0.3502555160702328,0.667,,,,15.6332,8.4666,,
200,K01039,,,0.6578024492088889,,,,,43.9785,,
201,K01040,,,0.6854382959314541,,,,,31.818599999999996,,
202,K01046,,0.428,0.7390000000000001,,,,3.2795,4.0272,,
203,K01048,,,0.623,,,,,3.4944,,
204,K01053,,,0.644,,,,,9.484,,
205,K01056,,,0.6358415545967503,,0.7440000000000001,,,35.37239999999999,,4.2251
206,K01057,,,0.6989912668944391,,,,,13.4505,,
207,K01058,,,0.6579999999999999,,,,,3.2065,,
208,K01060,,,0.6508470016006296,,,,,8.2843,,
209,K01061,,0.4102409183180623,0.6151857631568687,,,,12.151,83.8166,,
210,K01066,,0.453,0.718,,,,6.1404,8.7661,,
211,K01069,,0.358,0.7132144704900112,,,,8.2164,9.061,,
212,K01070,,,0.667,,,,,2.7534,,
213,K01075,,,0.599,,,,,3.0055,,
214,K01077,,,0.5892253921163234,,,,,15.7865,,
215,K01079,,0.364,0.6815409201906137,,,,7.4549,5.180300000000001,,
216,K01092,,,0.5523168831168831,,,,,6.6804,,
217,K01095,,,0.6710996413691757,,,,,20.2743,,
218,K01104,,,0.6260355967443932,,,,,7.9857,,
219,K01113,,0.45268103728314013,0.6238489340990773,,,,15.2945,19.6708,,
220,K01114,,,0.6573688893536442,,,,,18.963,,
221,K01115,,,0.565,,,,,5.5796,,
222,K01126,,,0.517,,,,,4.9674,,
223,K01129,,,0.7007651548837787,,,,,47.3883,,
224,K01151,,0.387,0.6824246150535943,,,,10.2994,29.228,,
225,K01159,,,0.6699248275653334,,,,,12.4725,,
226,K01170,,0.35797414273393185,,,,,23.4575,,,
227,K01174,,0.41524239440220995,0.7189704071781365,,,,11.100999999999999,15.709,,
228,K01179,,,0.7290000000000002,,,,,3.8341,,
229,K01181,,,0.609,,,,,2.9511,,
230,K01206,,,0.521,,,,,2.9957,,
231,K01207,,,0.54,,,,,5.3806,,
232,K01209,,,0.5728230168357304,,,,,5.5451,,
233,K01224,,,0.619,,,,,2.9579,,
234,K01236,,,0.5670000000000001,,,,,5.5656,,
235,K01239,0.609,,0.6672982953712524,,,2.9956,,23.958099999999995,,
236,K01246,,0.3294731275000685,0.6397515909350028,,,,19.3491,41.123000000000005,,
237,K01247,,,0.6959219651036724,,,,,10.9024,,
238,K01251,,0.37991398451924785,0.6458947937792052,,,,48.2915,208.49280000000002,,
239,K01255,,0.37815024172554856,,,,,13.9268,,,
240,K01259,,,0.6585589592640908,,,,,16.8886,,
241,K01265,,0.369,0.6214465745036393,,,,7.8984,33.215,,
242,K01266,,,0.5626540240133604,,,,,15.9224,,
243,K01273,,,0.6016036859079276,,,,,28.2145,,
244,K01283,,,0.6141548277027988,,,,,20.9861,,
245,K01286,,,0.54,,,,,7.5054,,
246,K01297,,,0.5878684705497847,,,,,11.5033,,
247,K01304,,,0.514,,,,,3.2064,,
248,K01356,,,0.6404888012478442,,,,,22.4824,,
249,K01358,,,0.6287675509540236,,,,,141.7784,,
250,K01372,,,0.603,,,,,2.8955,,
251,K01406,,0.4029434582122797,0.6136902176459843,,,,24.7063,25.6117,,
252,K01409,,0.37175189749984344,0.6574711206282097,,,,26.2625,35.0029,,
253,K01419,,,0.633,,,,,5.5267,,
254,K01424,,0.3470679060646531,0.42899999999999994,,,,13.4177,2.6117,,
255,K01425,,,0.6147016512706021,,,,,19.6357,,
256,K01426,,0.3668505841572097,0.6695911500848981,,,,18.7798,30.2175,,
257,K01429,,0.328,0.5871574445286836,,,,10.4908,10.9164,,
258,K01432,,,0.610555762851585,,,,,15.113800000000001,,
259,K01433,,,0.6847382458585116,,,,,15.786200000000001,,
260,K01447,,,0.6509999999999999,,,,,4.7813,,
261,K01448,,,0.6334840476247443,,,,,35.7979,,
262,K01449,,,0.667,,,,,2.8532,,
263,K01455,,,0.7090830781336803,,,,,25.8508,,
264,K01456,,0.35100000000000003,,,,,7.6431,,,
265,K01458,,,0.69,,,,,5.4645,,
266,K01462,,,0.613889896104851,,,,,48.386599999999994,,
267,K01463,,0.36,0.639118811237319,,,,8.8188,8.273299999999999,,
268,K01470,,0.34143294897309995,0.6514583571035677,,,,24.7654,28.567300000000003,,
269,K01476,,,0.667,,,,,4.4878,,
270,K01477,,,0.6818960367840098,,,,,16.7105,,
271,K01478,,,0.6849550973186522,,,,,36.7551,,
272,K01480,,0.333,0.7019615954781548,,,,7.8804,8.671800000000001,,
273,K01482,,,0.66,,,,,3.6838,,
274,K01483,,,0.653,,,,,3.6138,,
275,K01485,,,0.648003925009953,,,,,10.6014,,
276,K01488,,,0.75,,,,,9.7339,,
277,K01489,,,0.7130480429723636,,,,,35.5974,,
278,K01493,,0.373,,,,,6.4802,,,
279,K01494,,,0.5735624689385561,,,,,36.057,,
280,K01495,,0.37255170719405667,0.6240039389382916,,,,15.2652,42.417300000000004,,
281,K01497,,,0.6358483246466086,,,,,28.568,,
282,K01507,,0.35411971470788817,0.640774316475426,,0.65,,15.5992,48.38360000000001,,5.5703
283,K01512,,0.339,0.6914815447792018,,,,5.7576,8.8363,,
284,K01518,,0.311,,,,,4.3528,,,
285,K01520,,,0.6450104901670163,,0.479,,,6.569599999999999,,7.9322
286,K01523,,,0.6693776368687655,,,,,11.3396,,
287,K01525,,,0.6990000000000002,,,,,1.846,,
288,K01545,,,,,0.6122392818061362,,,,,5.6063
289,K01546,,,0.6572133319756082,,,,,22.375799999999998,,
290,K01548,,,0.755,,,,,3.9818,,
291,K01551,,,0.6983031869876238,,,,,58.30050000000001,,
292,K01555,,,0.6559999999999999,,,,,2.5019,,
293,K01560,,,0.703,,,,,3.6541,,
294,K01561,,,0.6993342317922522,,,,,17.0983,,
295,K01563,,,0.7509999999999999,,,,,6.0461,,
296,K01569,,,0.652,,,,,6.0573,,
297,K01574,,,0.607,,,,,3.2574,,
298,K01575,,,0.6859999999999999,,,,,5.8516,,
299,K01579,,,0.6480000000000001,,,,,2.4476,,
300,K01588,,0.38806156233553746,0.6922133644407777,,,,12.3748,14.5338,,
301,K01589,,0.37199104126536847,,,,,10.343,,,
302,K01591,,,0.787,,,,,3.3118,,
303,K01595,,,0.6716602105896166,,,,,39.356,,
304,K01599,,,0.6908082700279077,,,,,24.377900000000004,,
305,K01607,,,0.633220745887822,,0.59,,,97.44689999999999,,3.9816
306,K01610,,0.37479899836591907,0.6146027175392258,0.6709999999999999,,,24.5458,5.4176,4.2225,
307,K01611,,,0.574,,,,,3.9187,,
308,K01613,,,0.5700809198336827,,,,,18.3933,,
309,K01619,,,0.6670818949553897,,,,,44.4098,,
310,K01620,,,0.7061076515251468,,,,,32.6669,,
311,K01621,,,0.6189780325929741,,,,,133.9167,,
312,K01622,,0.41028216126206396,,,,,23.407600000000002,,,
313,K01623,,,0.6487264389911108,,,,,74.7865,,
314,K01624,,,0.6865858127765739,,,,,15.502600000000001,,
315,K01625,,,0.64,,,,,1.9672,,
316,K01626,,,0.6631992415334098,,,,,56.0024,,
317,K01627,,,0.6559962734969439,,,,,19.5965,,
318,K01628,,,0.7124785129451456,,,,,10.855699999999999,,
319,K01633,,,0.7022570193837971,,,,,11.3674,,
320,K01637,,,0.638526970661647,,,,,38.0065,,
321,K01638,,,0.6480573184331246,,,,,80.5359,,
322,K01640,,,0.693876529104758,,,,,15.613299999999999,,
323,K01641,,0.387,,,,,4.2663,,,
324,K01644,,0.35600000000000004,,,,,9.0765,,,
325,K01652,,0.408,,,,,5.5318,,,
326,K01653,,0.350871610329845,0.6052030361418851,,,,16.791400000000003,20.1017,,
327,K01657,,0.33,,,,,5.7026,,,
328,K01666,,,0.7414654544192977,,,,,8.9804,,
329,K01673,,,0.6376248208905232,,,,,16.1093,,
330,K01686,,,0.5710000000000001,,,,,2.6129,,
331,K01689,,0.3863592593666862,0.6661011266612382,,,,21.1067,85.2502,,
332,K01695,,0.329,0.6757221215272794,,,,8.061,27.738400000000002,,
333,K01698,,0.3613173115548871,0.6339345002635066,,,,22.595100000000002,30.7382,,
334,K01704,,0.3301574792012242,0.6717110175482922,,,,21.6216,18.8419,,
335,K01711,,,0.6291125454529244,,,,,24.2079,,
336,K01716,,,0.6570671351907966,,,,,9.4179,,
337,K01719,,0.33710447574884495,0.7492783086001578,,,,11.5049,6.3862000000000005,,
338,K01724,,0.3391611214288283,0.6757346925001294,,,,24.047800000000002,18.0309,,
339,K01725,,,0.6409999999999999,,,,,8.2189,,
340,K01733,,0.38711122014419513,0.6674102271538821,,,,22.2422,34.4802,,
341,K01734,,,0.514,,,,,3.5761,,
342,K01736,,0.3782009530128348,0.6485085118852012,,,,13.2478,43.748200000000004,,
343,K01737,,0.3353129456848081,0.7351760097346046,,,,15.6597,12.8704,,
344,K01749,,0.37498465112409834,0.7464391773672079,,,,20.8707,8.4643,,
345,K01752,,,0.6320968522943999,,,,,34.2648,,
346,K01754,,0.364,0.6920000000000001,,,,7.2434,6.2675,,
347,K01755,,0.35955930468238945,0.6631748640381668,,,,15.240499999999999,21.9435,,
348,K01759,,,0.672,,,,,4.8188,,
349,K01768,,,0.632964475689134,,,,,29.0238,,
350,K01772,,,0.6465852918132404,,0.6609999999999998,,,20.409100000000002,,2.7568
351,K01775,,,0.6791746180439802,,,,,7.837,,
352,K01776,,0.32832283044863914,0.6595205948847205,,,,13.7044,46.7401,,
353,K01778,,,0.6403904246307967,,,,,37.1915,,
354,K01779,,,0.5702225169983398,,,,,8.6152,,
355,K01783,,,0.643,,,,,11.7151,,
356,K01785,,,0.6166744512360008,,,,,14.791500000000001,,
357,K01792,,,0.706,,,,,2.6995,,
358,K01799,,,0.6969249225408564,,,,,26.900299999999998,,
359,K01800,,,0.664,,,,,6.5467,,
360,K01803,,,0.687868808831653,,,,,24.2168,,
361,K01805,,,0.6475936952834085,,,,,10.3032,,
362,K01807,,0.353,0.4969857404248843,,,,6.3785,17.536,,
363,K01808,,,0.696,,,,,3.8847,,
364,K01809,,,0.7378999451697514,,,,,8.6943,,
365,K01810,,,0.5973470526809195,,,,,96.6696,,
366,K01816,,,0.655,,,,,5.0841,,
367,K01821,,,0.578316923574385,,0.599,,,17.3712,,3.4844
368,K01822,,,0.628,,,,,3.5594,,
369,K01823,,,0.6340325898496101,,,,,14.491,,
370,K01834,,,0.6673672166014076,,,,,11.3893,,
371,K01839,,,0.6933001408317649,,,,,22.244,,
372,K01845,0.35700000000000004,0.343,,,,7.968,6.4438,,,
373,K01849,,0.397,0.7042995197068784,,,,8.4275,18.6059,,
374,K01858,,,0.6247592377394228,,,,,103.9536,,
375,K01866,,0.3352399048811858,0.6169091770496297,,,,16.621000000000002,50.1779,,
376,K01867,,0.345,0.6676273855973899,,,,10.4605,31.1464,,
377,K01868,,,0.619997787755135,,,,,95.8621,,
378,K01872,,0.35100000000000003,0.6746225311284694,,,,9.9394,60.6072,,
379,K01874,,,0.6321168316322594,,,,,35.0989,,
380,K01875,,0.34891957105413784,0.6633613357633994,,,,22.0911,54.0727,,
381,K01880,,0.34700000000000003,0.6829999999999999,,,,7.5696,13.4835,,
382,K01883,,0.328,,,,,7.9979,,,
383,K01887,,0.33442100225923843,0.6058356044254009,,,,25.7243,32.7915,,
384,K01889,,,0.686351057334393,,,,,45.452799999999996,,
385,K01890,,0.306,0.6820582889549245,,,,7.2197,14.5823,,
386,K01912,,,0.662695201609717,,,,,40.0621,,
387,K01915,,0.4067281635148321,0.6596138730417687,,0.732,,19.7635,384.65180000000004,,8.1392
388,K01918,,,0.6372689547551782,,,,,17.810299999999998,,
389,K01919,,,0.6261932898897811,,,,,28.043300000000002,,
390,K01920,,,0.6067777452679682,,,,,15.4092,,
391,K01921,,,0.6814172979688516,,,,,28.4711,,
392,K01923,,0.34308985064382974,0.5903014206991094,,,,16.058699999999998,13.578800000000001,,
393,K01933,,0.355,0.671805501513436,,,,6.0931,36.6716,,
394,K01934,,0.299,0.6434361321324894,,,,14.4684,10.5937,,
395,K01935,,,0.5682212116540774,,,,,12.6599,,
396,K01937,,0.3679833406716018,0.6473182727523927,,,,35.8821,176.60950000000003,,
397,K01939,,0.39,0.6707951615424931,,,,4.6086,87.36410000000001,,
398,K01940,,0.34684647483518977,0.6888683183422113,,,,24.002299999999998,66.1329,,
399,K01945,,0.36184751122684805,0.671160535877861,,,,15.795300000000001,31.2089,,
400,K01951,,0.3643175564555783,0.6801615083789642,,,,48.5526,87.4733,,
401,K01953,,0.3764206449194148,0.6497746012589583,,,,20.5414,23.764500000000005,,
402,K01971,,0.35636839669576703,0.6052550059211979,,,,12.5435,16.5143,,
403,K01972,,,0.6682451286566102,,,,,89.00240000000001,,
404,K01975,,0.33006864069339575,0.6063725761363746,,0.792,,18.798000000000002,17.4101,,5.922
405,K01989,,,0.531,,,,,4.3939,,
406,K01990,,0.35497023480661916,0.7242718662014699,,,,15.9752,36.0209,,
407,K01991,,,0.6509999999999999,,,,,4.3175,,
408,K01992,,,0.6001199544514294,,,,,39.06609999999999,,
409,K01996,,,0.6600856189154758,,,,,32.957,,
410,K01997,,,0.6599153710484424,,,,,75.391,,
411,K01998,,,0.6990000000000001,,,,,6.1498,,
412,K02000,,,0.6709999999999999,,,,,8.8436,,
413,K02002,,,0.62,,,,,2.9927,,
414,K02003,,,0.737,,,,,8.2762,,
415,K02004,,,0.6648955562948424,,0.66782256869727,,,486.9422999999998,,10.7409
416,K02007,,,0.7323230918326701,,,,,7.597099999999999,,
417,K02015,,,0.7016976424259779,,,,,36.2394,,
418,K02016,,,0.648,,,,,5.76,,
419,K02018,,,0.6940000000000001,,,,,5.1402,,
420,K02020,,,0.5962497685252768,,,,,21.0959,,
421,K02025,,,0.672,,,,,9.1288,,
422,K02026,,,0.664,,,,,6.7558,,
423,K02029,,,0.575,,,,,5.3881,,
424,K02030,,,0.7240000000000001,,,,,3.3706,,
425,K02033,,,0.6310326181524976,,,,,38.75429999999999,,
426,K02034,,,0.6562704301503742,,,,,109.1775,,
427,K02036,,0.39397548070970956,0.6486530449697295,,,,16.561,34.8865,,
428,K02037,,0.412,0.40599999999999997,,,,6.0164,6.5228,,
429,K02039,,,0.6599949052566678,,,,,22.1568,,
430,K02040,,0.5174432941737549,0.6395154280782381,,,,14.5105,35.070100000000004,,
431,K02042,,,0.547,,,,,4.9004,,
432,K02044,,,0.5922090533186627,,,,,14.174800000000001,,
433,K02046,,,0.6829999999999999,,,,,7.8425,,
434,K02047,,,0.6559999999999999,,,,,9.7196,,
435,K02049,,,0.542,,,,,7.4539,,
436,K02050,,0.378,0.6087353650302993,,,,6.4113,73.8884,,
437,K02051,,0.389,0.5573711150269912,,0.547,,8.5191,180.08870000000005,,4.594
438,K02066,,,0.6348964660301731,,,,,98.67399999999998,,
439,K02067,,,0.6502121066033142,,,,,20.648899999999998,,
440,K02078,,,0.5838904828511471,,0.6423631688059612,,,71.2396,,18.1346
441,K02106,,,0.583,,,,,1.846,,
442,K02107,,0.313,,,,,4.5622,,,
443,K02108,,,0.632,,,,,7.1765,,
444,K02109,,,0.6435878630389019,,0.607,,,39.5802,,6.5509
445,K02110,,,0.6794335873447894,,0.6829999999999999,,,11.4391,,7.3921
446,K02113,,,0.576625082875615,,0.740589751299738,,,36.6706,,11.633600000000001
447,K02114,,,0.704952042516042,,,,,33.4136,,
448,K02115,,,0.573,,,,,5.2142,,
449,K02116,,,0.6634471131794283,,,,,8.342,,
450,K02119,,0.36078540809648213,,,,,15.842400000000001,,,
451,K02120,,0.329,,,,,7.7019,,,
452,K02121,,0.31915992322732617,,,,,15.588899999999999,,,
453,K02122,,0.403,,,,,7.982,,,
454,K02160,,,0.67,,,,,6.0506,,
455,K02171,,,0.603,0.667,,,,1.7241,4.3778,
456,K02188,,0.3621950282591281,0.6829999999999999,,,,16.2337,3.438,,
457,K02189,,0.3560095512888668,,,,,18.6675,,,
458,K02191,,0.333,,,,,6.529,,,
459,K02194,,,0.6273188085562565,,,,,25.932100000000002,,
460,K02195,,,0.6521757311628161,,,,,52.458400000000005,,
461,K02197,,,0.6512299031134912,,,,,26.9007,,
462,K02198,,,0.556,,,,,4.0493,,
463,K02199,,,0.5765561638237664,,,,,15.7689,,
464,K02200,,,0.6547929808435247,,,,,16.046499999999998,,
465,K02204,,,0.6280000000000001,,,,,8.5403,,
466,K02221,,,0.6315501509513299,,0.5972470082176371,,,20.384500000000003,,10.3749
467,K02224,,0.3469874941763185,0.706,,,,20.200499999999998,3.2522,,
468,K02227,,0.38099999999999995,0.6063024969003876,,,,7.7458,12.9795,,
469,K02231,,,0.6267101171715953,,,,,10.062000000000001,,
470,K02232,,0.3670000000000001,,,,,9.6799,,,
471,K02233,,0.3578735805402287,0.6604085323644243,,0.5870000000000001,,11.6826,26.9414,,2.8477
472,K02237,,,0.6400508287126861,,,,,5.2554,,
473,K02238,,,0.6682203063113714,,,,,31.3294,,
474,K02242,,,0.6392855678514158,,,,,5.9633,,
475,K02257,,0.38265677113404517,0.6873780524014669,,,,17.3578,36.776500000000006,,
476,K02258,,,0.589,,,,,4.8289,,
477,K02259,,0.34600000000000003,0.6641303675081931,,,,9.7901,16.5726,,
478,K02275,,,0.606,,,,,4.9347,,
479,K02277,,,0.5979837683615795,,,,,18.2063,,
480,K02279,,,0.643995802125906,,0.6230274231156903,,,23.588900000000002,,6.167199999999999
481,K02280,,,0.52,,,,,3.8061,,
482,K02281,,,0.632,,,,,2.6794,,
483,K02283,,,0.5815178527350446,,,,,9.1217,,
484,K02291,,,0.57,,,,,4.1266,,
485,K02300,,,0.6203491606585603,,,,,9.630199999999999,,
486,K02303,,0.36583557476489226,0.654,,,,12.3553,2.8768,,
487,K02304,,,0.6,,,,,2.5466,,
488,K02313,,,0.6316196795857002,,,,,104.9401,,
489,K02314,,,0.6609767607007299,,,,,122.72800000000001,,
490,K02316,,,0.6646620116884794,,,,,67.9155,,
491,K02323,,0.3486622628476099,,,,,16.0024,,,
492,K02338,,,0.6300151355129291,,,,,75.29500000000002,,
493,K02340,,,0.5561278839493168,,,,,7.4676,,
494,K02342,,,0.6264768212308423,,,,,15.165600000000001,,
495,K02343,,,0.6750684431695112,,,,,27.9244,,
496,K02347,,0.3671060211115323,,,,,10.4049,,,
497,K02348,,,0.521,,,,,4.6715,,
498,K02351,,,0.758,,,,,8.6149,,
499,K02356,,,0.6295748019716287,,,,,47.8943,,
500,K02357,,,0.6350854281759113,,,,,22.9738,,
501,K02358,,,0.6230880465640524,,,,,44.8252,,
502,K02372,,,0.6218246244469976,,,,,13.0747,,
503,K02377,,0.638,0.528,,,,2.3813,2.1995,,
504,K02379,,,0.718,,,,,4.2891,,
505,K02380,,,0.6668150798326373,,,,,12.1771,,
506,K02387,,,0.723,,,,,2.5,,
507,K02388,,,0.6629999999999999,,,,,4.1145,,
508,K02394,,,0.6210470118742439,,,,,8.2458,,
509,K02398,,,0.523,,,,,4.3947,,
510,K02411,,,0.696,,,,,1.8309,,
511,K02415,,,0.648,,0.557,,,2.2078,,1.8588
512,K02418,,,0.735,,,,,2.6354,,
513,K02428,,,0.6409999999999999,,,,,3.2038,,
514,K02433,,0.355,0.5579999999999999,,,,10.9762,5.6863,,
515,K02434,,0.349,,,,,10.9762,,,
516,K02435,,,0.6773154440785382,,,,,21.6824,,
517,K02437,,0.3278976653185608,0.5906551738810119,,,,13.6921,48.4007,,
518,K02448,,,0.645,,,,,2.1422,,
519,K02456,,,0.6240322264060589,,,,,16.2919,,
520,K02458,,,0.544,,,,,5.9088,,
521,K02459,,,0.6553014732500357,,,,,6.2517,,
522,K02460,,,0.5303965563432551,,,,,12.221799999999998,,
523,K02477,,,0.637,,,,,3.8435,,
524,K02483,,,0.54,,,,,5.0762,,
525,K02484,,,0.706,,,,,4.4504,,
526,K02492,,0.3461218978918664,0.6422034903249463,,0.7090000000000001,,24.036900000000003,35.13309999999999,,3.8744
527,K02500,,0.3720000000000001,,,,,6.6086,,,
528,K02503,,0.34303481416088916,0.582748895075627,,,,26.625400000000003,13.9534,,
529,K02510,,,0.6817120613603315,,,,,60.3038,,
530,K02517,,,0.72,,,,,4.953,,
531,K02518,,,0.5854414963063667,,,,,31.602,,
532,K02519,,,0.695,,,,,13.245,,
533,K02520,,,0.6268864692681304,,,,,52.7667,,
534,K02527,,,0.6457906362312267,,,,,23.1347,,
535,K02536,,,0.561,,,,,3.7711,,
536,K02548,,0.302,0.7243873734054981,,,,5.8271,9.7486,,
537,K02556,,,0.636,,,,,10.0754,,
538,K02563,,,0.672,,,,,8.0218,,
539,K02570,,,,,0.679,,,,,4.4497
540,K02600,,0.3697030814190254,0.6456125792180564,,,,15.413699999999999,168.0471,,
541,K02601,,,0.6335594996686105,,,,,88.1259,,
542,K02609,,,0.6689659559553658,,,,,67.9542,,
543,K02610,,,0.6677376834071785,,,,,21.926299999999998,,
544,K02611,,,0.736,,,,,5.6251,,
545,K02626,,0.4063766305294483,,,,,15.7263,,,
546,K02638,,,0.6243241091126549,,,,,11.4404,,
547,K02650,,,0.6439495574472431,,,,,16.1033,,
548,K02651,,,0.6419148040348669,,0.6467496532098883,,,17.8842,,11.8717
549,K02654,,,0.5840350593268495,,,,,11.1877,,
550,K02655,,,0.614,,,,,2.1902,,
551,K02662,,,0.6457042479080206,,,,,22.7484,,
552,K02664,,,0.601,,,,,2.9937,,
553,K02665,,,0.638,,,,,6.517,,
554,K02671,,,0.648,,,,,3.6023,,
555,K02673,,,0.5589999999999999,,,,,4.4878,,
556,K02687,,,0.6960230076307042,,,,,7.5167,,
557,K02768,,,0.728,,,,,9.1393,,
558,K02782,,,0.7020000000000001,,,,,3.7236,,
559,K02784,,,0.731,,,,,9.3202,,
560,K02798,,,0.639,,,,,10.0124,,
561,K02800,,,0.6446909379913826,,,,,22.0644,,
562,K02806,,,0.541,,,,,5.7318,,
563,K02825,,,0.6769942008843561,,,,,50.6897,,
564,K02834,,,0.6409014744581886,,,,,31.7831,,
565,K02838,,,0.6276020563740896,,,,,54.8882,,
566,K02860,,,0.6973798987767087,,,,,14.9255,,
567,K02863,,0.386,0.6562175612041032,,,,9.36,55.812099999999994,,
568,K02864,,,0.6372392263432697,,,,,31.0716,,
569,K02867,,0.3856601850889267,0.6524383065319393,,,,21.4616,94.9066,,
570,K02869,,0.3995074348438953,,,,,12.8195,,,
571,K02871,,,0.6390579189276268,,,,,56.840799999999994,,
572,K02874,,,0.6355352940712169,,,,,30.817500000000003,,
573,K02876,,,0.6924414930575501,,,,,41.5633,,
574,K02877,,0.386,,,,,8.0775,,,
575,K02878,,,0.6741541678095316,,,,,117.10369999999999,,
576,K02879,,,0.6913454209734707,,,,,33.0466,,
577,K02881,,0.354098885508495,0.6702683831480775,,,,13.1412,49.266600000000004,,
578,K02883,,0.370350934875937,,,,,21.477899999999998,,,
579,K02884,,,0.639567486254881,,,,,36.3576,,
580,K02885,,0.3760009199903404,,,,,10.4753,,,
581,K02886,,,0.6690568148072169,,,,,87.172,,
582,K02887,,,0.6600700403036832,,,,,62.951899999999995,,
583,K02888,,,0.6278661738848557,,,,,14.496,,
584,K02889,,0.36125952872184086,,,,,15.159799999999999,,,
585,K02890,,,0.645431679466239,,,,,47.019400000000005,,
586,K02892,,,0.6105450449066452,,,,,35.238600000000005,,
587,K02895,,,0.6474035742569124,,,,,41.5533,,
588,K02897,,,0.6662386474763727,,,,,66.1548,,
589,K02899,,,0.665087962935302,,,,,34.6486,,
590,K02902,,,0.6381194080894078,,,,,15.0667,,
591,K02904,,,0.6163863652686099,,0.593,,,38.7091,,1.4323
592,K02906,,,0.6585983923807041,,,,,70.4699,,
593,K02907,,,0.6890000000000001,,,,,3.3673,,
594,K02908,,0.30799999999999994,,,,,5.426,,,
595,K02909,,,0.6214489645986327,,,,,45.68,,
596,K02910,,0.36069257321695697,,,,,21.3731,,,
597,K02911,,,0.6274963858294054,,,,,14.2041,,
598,K02912,,0.385,,,,,7.3936,,,
599,K02913,,,0.564,,,,,6.7667,,
600,K02914,,,0.6305628849709886,,0.619,,,11.2286,,2.7565
601,K02916,,,0.606651186842741,,0.7110467355950191,,,22.436600000000002,,12.2058
602,K02919,,,0.614,,,,,5.4007,,
603,K02921,,0.337,,,,,5.0435,,,
604,K02926,,,0.6601070316967735,,,,,28.2941,,
605,K02929,,0.36714606382897536,,,,,16.0771,,,
606,K02930,,0.37815799899498287,,,,,12.9178,,,
607,K02931,,0.336,0.6232682680844639,,,,5.4859,72.2598,,
608,K02933,,,0.6468869625182301,,,,,50.043400000000005,,
609,K02935,,,0.6512730125783864,,,,,42.5234,,
610,K02936,,0.399,,,,,7.3032,,,
611,K02939,,,0.6443207558770935,,,,,58.019,,
612,K02945,,,0.6425848834227429,,,,,296.89830000000006,,
613,K02946,,,0.6190579754225567,,,,,62.57809999999999,,
614,K02948,,,0.6834449595594695,,,,,58.7485,,
615,K02950,,,0.6723712991800342,,,,,80.90729999999999,,
616,K02952,,,0.6658594600413908,,,,,44.858000000000004,,
617,K02954,,,0.6529072504191208,,,,,33.701499999999996,,
618,K02956,,0.374,0.6234181157813252,,,,5.1137,55.478199999999994,,
619,K02959,,,0.6273609599117058,,,,,32.7205,,
620,K02961,,,0.661942706572497,,,,,52.588800000000006,,
621,K02962,,0.2889303265672539,,,,,11.288,,,
622,K02963,,,0.6337010971159408,,,,,40.6756,,
623,K02965,,,0.5978864418722559,,,,,26.3133,,
624,K02966,,0.3805142164188421,,,,,15.7,,,
625,K02967,,,0.6272622310445571,,,,,82.6433,,
626,K02968,,,0.6222152752677979,,,,,16.1271,,
627,K02970,,,0.5973633013048655,,,,,31.9818,,
628,K02974,,0.3182758919690904,,,,,11.763300000000001,,,
629,K02975,,0.354,,,,,4.7782,,,
630,K02976,,0.42785531639500307,,,,,12.5842,,,
631,K02979,,0.39484553071075845,,,,,14.4184,,,
632,K02982,,,0.6376328410342049,,,,,95.71079999999999,,
633,K02984,,0.3538543594820752,,,,,14.002099999999999,,,
634,K02986,,,0.6654682166029362,,,,,48.9782,,
635,K02987,,0.35600000000000004,,,,,7.2224,,,
636,K02988,,0.411,0.6406046830996092,,,,9.558,55.279900000000005,,
637,K02990,,,0.6436635514586863,,0.643,,,51.5511,,6.9045
638,K02991,,0.3824463292573057,,,,,9.7692,,,
639,K02992,,0.381,0.6886730502589535,,,,7.2831,24.148400000000002,,
640,K02994,,,0.6429638017605899,,,,,22.6697,,
641,K02996,,,0.6902130137119458,,,,,10.7368,,
642,K03014,,0.368,,,,,6.7265,,,
643,K03040,,,0.642825796312282,,,,,181.237,,
644,K03046,,,0.535,,,,,7.4105,,
645,K03047,,0.354212476738645,,,,,15.5998,,,
646,K03049,,0.376,,,,,10.6691,,,
647,K03051,,0.339,,,,,8.177,,,
648,K03060,,,0.5771282694303002,,,,,18.8575,,
649,K03070,,,0.5975493920597492,,,,,41.6633,,
650,K03071,,,0.68,,,,,2.9393,,
651,K03073,,,0.64206092873016,,0.6996315191067957,,,22.1799,,12.3634
652,K03075,,,0.618068502976681,,0.562,,,25.5826,,1.4175
653,K03076,,,0.6463811180073581,,,,,24.5294,,
654,K03079,,0.353,,,,,7.7323,,,
655,K03088,,,0.6783110886506779,,0.7046677428972798,,,508.2868,,18.1976
656,K03089,,,0.6470012643511845,,,,,24.1907,,
657,K03092,,,0.6285655446063211,,,,,174.3708,,
658,K03100,,,0.6426871054187386,,,,,53.09889999999999,,
659,K03101,,,0.6938680867773567,,0.7297699695011696,,,28.388099999999998,,7.4314
660,K03105,,0.33608692190296874,,,,,13.9915,,,
661,K03106,,0.3678311357298575,,,,,12.5523,,,
662,K03110,,0.335,0.568,,,,7.738,5.4548,,
663,K03111,,,0.6887213927958755,,0.7190000000000001,,,111.9637,,8.0643
664,K03113,,0.37899999999999995,,,,,9.3069,,,
665,K03116,,,0.6558479336989365,,,,,23.4049,,
666,K03117,,,0.7140473370749436,,,,,7.828,,
667,K03118,,0.3462037020691669,0.611466051982594,,0.562,,18.0308,47.277100000000004,,2.8507
668,K03120,,0.374,,,,,6.8963,,,
669,K03124,,0.38235573607862505,,,,,21.875,,,
670,K03136,,0.331822198051494,,,,,14.941500000000001,,,
671,K03147,,,0.6391636397149466,,,,,126.5634,,
672,K03149,,,0.646735489120005,,,,,30.1029,,
673,K03151,,,0.5475436465773195,,,,,8.307,,
674,K03154,,,0.7020000000000001,,,,,3.4725,,
675,K03163,,0.35100000000000003,,,,,10.7724,,,
676,K03177,,,0.7434071617669267,,,,,9.9999,,
677,K03179,,,0.636,,,,,3.1756,,
678,K03182,,0.37899999999999995,0.56,,,,7.505,5.8961,,
679,K03186,,0.361024803733694,0.6299319992881646,,,,13.5917,16.1995,,
680,K03187,,0.33,,,,,6.9511,,,
681,K03188,,0.375,0.6859909644372268,,,,5.0748,6.4999,,
682,K03189,,,0.677157105332922,,,,,25.7883,,
683,K03190,,0.385,0.72,,0.6409999999999999,,6.0132,3.4209,,4.2883
684,K03192,,,0.6384272081894331,,,,,6.7424,,
685,K03210,,,0.6201032850374203,,0.549713277607284,,,22.0181,,5.3114
686,K03216,,,0.5496768536571438,,,,,14.0361,,
687,K03217,,,0.6066630070974203,,,,,30.3521,,
688,K03236,,0.4032937930756978,,,,,22.3096,,,
689,K03237,,0.35100000000000003,,,,,13.0606,,,
690,K03238,,0.395,,,,,8.3707,,,
691,K03242,,0.3794473068950854,,,,,11.6507,,,
692,K03243,,0.37586685008401505,,,,,7.4129000000000005,,,
693,K03263,,0.3636991352470413,,,,,15.4604,,,
694,K03264,,0.37521212484924277,,,,,13.785900000000002,,,
695,K03265,,0.36251158343365053,,,,,24.4581,,,
696,K03269,,,0.6506681510255997,,,,,13.895600000000002,,
697,K03271,,,0.564,,,,,4.8208,,
698,K03273,,,0.5537928364632202,,,,,14.014999999999999,,
699,K03281,,0.34600000000000003,,,,,9.0283,,,
700,K03282,,0.3567612207891669,0.5209142968250491,,,,12.2904,9.8174,,
701,K03284,,,0.626631129710939,,,,,16.997899999999998,,
702,K03286,,,0.5948886899406648,,,,,20.558799999999998,,
703,K03301,,,0.5638262013227409,,0.703,,,13.4525,,3.2398
704,K03303,,,0.6660279183330728,,,,,12.3098,,
705,K03312,,,0.6459999999999999,,,,,7.4743,,
706,K03313,,,0.7060824401541705,,,,,46.3614,,
707,K03315,,,0.6990000000000001,,,,,10.1306,,
708,K03320,,0.42485610817554326,0.6598047018563223,,,,18.699,70.6954,,
709,K03327,,,0.659,,,,,3.0808,,
710,K03330,,0.34600000000000003,,,,,6.967,,,
711,K03337,,,0.7165165681186485,,,,,10.3192,,
712,K03365,,,0.645,,,,,3.3178,,
713,K03385,,,0.675,,,,,15.6758,,
714,K03392,,,0.6172833666036097,,,,,11.261700000000001,,
715,K03394,,0.3460000000000001,0.767,,,,7.6946,2.9187,,
716,K03395,,,0.5920000000000001,,,,,3.0794,,
717,K03396,,,0.5870000000000001,,,,,9.4236,,
718,K03399,,0.333,,,,,6.7727,,,
719,K03406,,,0.6836043198901559,,,,,37.5385,,
720,K03413,,,0.5760000000000001,,,,,3.2844,,
721,K03414,,,0.615,,,,,4.0822,,
722,K03424,,0.328,0.6698791034595107,,,,6.3117,31.1235,,
723,K03426,,,0.724684869161988,,,,,17.3731,,
724,K03427,,,0.662,,,,,1.8761,,
725,K03433,,0.3712357174161044,0.6945737909253169,,,,15.501999999999999,26.9929,,
726,K03438,,,0.6879162594049278,,,,,44.2487,,
727,K03449,,,,,0.7680000000000001,,,,,2.4946
728,K03455,,0.37209605117909206,0.6303951008460025,,,,22.2326,33.4993,,
729,K03464,,0.555,,,,,9.6784,,,
730,K03465,,,0.6554315071646195,,,,,23.910999999999998,,
731,K03466,,,0.6598647695306549,,,,,166.9441,,
732,K03469,,,0.6105745257179683,,,,,7.7981,,
733,K03470,,,0.6653166889183446,,,,,23.071199999999997,,
734,K03474,,,0.6638981147785717,,,,,5.5870999999999995,,
735,K03478,,,0.5576621199951414,,,,,11.9824,,
736,K03495,,,0.515,,,,,4.4735,,
737,K03496,,,0.6400002841431262,,,,,56.648500000000006,,
738,K03497,,0.338,0.6182920758871282,,,,4.6018,19.351799999999997,,
739,K03499,,,0.68578010460447,,,,,15.2546,,
740,K03501,,,0.6859749946321733,,,,,4.7955000000000005,,
741,K03517,,0.37566305136787476,0.6382001076493177,,,,15.0105,36.2836,,
742,K03518,,,0.6108142016449151,,,,,19.417,,
743,K03521,,0.36760979490431267,0.6851283443355167,,,,11.9789,45.7049,,
744,K03522,,0.343,0.66543605314942,,,,8.9947,122.7134,,
745,K03523,,,0.659,,,,,2.0172,,
746,K03524,,,0.6519169479586652,,,,,19.6117,,
747,K03525,,,0.6425231236123251,,,,,34.9981,,
748,K03526,,,0.6535923026500867,,,,,91.64979999999998,,
749,K03527,,,0.6497568731983001,,,,,64.7075,,
750,K03530,,,0.6256798850928221,,,,,41.4094,,
751,K03531,,,0.6532565852736612,,,,,56.8906,,
752,K03536,,,0.6595009801081824,,0.6394052166945862,,,17.6939,,4.1915
753,K03538,,0.33,,,,,5.33,,,
754,K03540,,0.30434838830155503,,,,,11.853100000000001,,,
755,K03544,,,0.6161789064032391,,,,,143.9531,,
756,K03545,,,0.6663435702933368,,,,,37.8553,,
757,K03549,,,0.6298115637327865,,,,,18.1906,,
758,K03550,,,0.6710669665737558,,,,,22.7018,,
759,K03551,,,0.6788470112913817,,,,,38.809799999999996,,
760,K03552,,0.35748958031827033,,,,,10.6471,,,
761,K03553,,,0.6528763256396446,,,,,48.57650000000001,,
762,K03556,,,0.702687426682657,,,,,70.7617,,
763,K03558,,,0.512,,,,,5.708,,
764,K03559,,,0.5804272557440234,,0.6613800416108394,,,43.226800000000004,,8.2805
765,K03561,,,0.6350353432024267,,,,,39.0388,,
766,K03563,,,0.5477911531279374,,0.47800000000000004,,,4.7465,,2.0179
767,K03564,,,0.5770182424355559,,,,,11.1062,,
768,K03565,,,0.5849373128090827,,,,,9.4011,,
769,K03569,,,0.6606344428733121,,,,,150.64120000000003,,
770,K03570,,,0.6573016087705581,,,,,22.7147,,
771,K03571,,,0.5933201161620142,,0.727,,,8.0031,,5.6087
772,K03574,,0.58,0.6494823523236799,,0.6329999999999999,,3.2916,32.2807,,3.9933
773,K03575,,,0.7067431349340955,,,,,27.599200000000003,,
774,K03584,,,0.6815581097385068,,,,,45.8973,,
775,K03585,,,0.55,,,,,5.3028,,
776,K03586,,,0.6516693116286509,,,,,9.032599999999999,,
777,K03589,,,0.6557110159868776,,0.7390000000000001,,,19.1239,,2.5802
778,K03590,,,0.6824035889820707,,,,,27.6148,,
779,K03591,,,0.552,,,,,1.4901,,
780,K03593,,0.3754252120879055,0.6530653343996737,,,,26.1859,69.33800000000001,,
781,K03594,,0.406,0.463,,,,9.815,5.37,,
782,K03595,,,0.683289220539925,,,,,12.6005,,
783,K03600,,,0.6559999999999999,,,,,5.7787,,
784,K03601,,,0.6071147490084159,,,,,30.8155,,
785,K03602,,,0.6446786592724378,,,,,11.5099,,
786,K03610,,,0.6,,,,,2.8508,,
787,K03611,,,0.5749999999999998,,,,,3.8365,,
788,K03612,,,0.7120000000000001,,,,,2.0325,,
789,K03620,,,0.512,,,,,2.2321,,
790,K03621,,,0.619482917308788,,,,,30.88,,
791,K03622,,0.3697703819213323,,,,,23.3015,,,
792,K03624,,,0.615,,,,,5.9131,,
793,K03625,,,0.6039137955160028,,,,,6.1465,,
794,K03626,,0.36609853641297585,,,,,11.6538,,,
795,K03628,,,0.6352235552731038,,,,,144.29909999999998,,
796,K03629,,,0.763,,,,,5.032,,
797,K03630,,,0.6412197602354935,,,,,41.177299999999995,,
798,K03631,,,0.6943135351766802,,,,,20.611,,
799,K03634,,,0.48499999999999993,,,,,3.7832,,
800,K03635,,0.438559137121586,0.6816256339195427,,,,9.5765,20.0962,,
801,K03636,,0.3685377955408589,0.6321576470425327,,0.598,,17.1799,37.873400000000004,,3.8449
802,K03637,,0.408,0.719647788984559,,,,10.2849,9.7036,,
803,K03638,,,0.6666909597736581,,,,,4.0699000000000005,,
804,K03639,,0.394,0.6375904702475362,,,,8.8999,75.9316,,
805,K03640,,,0.61229786577191,,,,,11.237,,
806,K03641,,,0.5736188167390381,,,,,14.253200000000001,,
807,K03642,,,0.6130214897240579,,,,,36.8931,,
808,K03644,,,0.6945205832355811,0.425,,,,63.268499999999996,8.0346,
809,K03650,,,0.662,,,,,3.2212,,
810,K03652,,0.3750532044650193,0.6742363219357224,,,,13.8918,29.3624,,
811,K03660,,0.28370012647760395,,,,,18.726,,,
812,K03664,,,0.5877769779325349,,,,,30.3639,,
813,K03665,,0.3444911637883741,0.6362938014287716,,,,25.4472,22.672600000000003,,
814,K03666,,,0.613,,,,,2.902,,
815,K03667,,,0.591,,,,,4.3689,,
816,K03668,,,0.669,,0.5883370783829058,,,2.7553,,7.737
817,K03670,,,0.6970000000000001,,,,,4.6438,,
818,K03671,,0.33958539849561087,0.6746899614087425,,,,11.6114,27.5819,,
819,K03676,,,0.5682611601123249,,,,,7.6592,,
820,K03679,,0.3746808211791521,,,,,13.849699999999999,,,
821,K03685,,,0.5429999999999999,,,,,3.8551,,
822,K03686,,,0.546,,,,,4.5091,,
823,K03687,,0.331,0.6207919619710559,,,,5.9372,30.662800000000004,,
824,K03701,,0.384,0.662072316072179,,,,7.8333,61.8356,,
825,K03702,,,0.5329999999999999,,,,,4.992,,
826,K03703,,0.319,0.679,,,,9.2075,7.3524,,
827,K03704,,,0.5980554128665634,,,,,97.9862,,
828,K03705,,,0.6776297046946351,,,,,23.043300000000002,,
829,K03709,,0.3724205586437726,0.696,,,,15.430399999999999,11.8277,,
830,K03711,,,0.6576602414802026,,,,,7.811,,
831,K03717,,,0.568,,,,,4.123,,
832,K03718,,0.352594835596639,0.732,,,,15.7986,6.5149,,
833,K03719,,,0.6888526457845787,,,,,32.4249,,
834,K03724,,0.35100000000000003,0.634,,,,9.9021,3.1445,,
835,K03726,,0.348,,,,,8.631,,,
836,K03733,,,0.534,,,,,5.1542,,
837,K03734,,,0.7120420087794634,,,,,10.142299999999999,,
838,K03741,,0.361,0.6632921747219185,,,,6.9253,16.2836,,
839,K03742,,,0.574,,,,,4.2405,,
840,K03743,,,0.6716302709492049,,,,,12.179400000000001,,
841,K03744,,,0.6424870218954797,,,,,50.1074,,
842,K03748,,,0.535,,,,,2.9759,,
843,K03750,,,0.6961677759889875,,,,,14.5882,,
844,K03752,,,0.7000670213292809,,0.753,,,7.537,,2.036
845,K03767,,,0.539,,,,,5.4302,,
846,K03768,,0.366,0.6335533947832351,,,,5.8246,23.0855,,
847,K03775,,,0.522,,,,,5.8366,,
848,K03781,,,0.6280309396067267,,,,,93.4458,,
849,K03783,,,0.7125733972039774,,,,,8.4023,,
850,K03787,,,0.5662470768143983,,,,,14.6835,,
851,K03789,,0.3515162492508598,0.682939408425004,,,,13.010200000000001,20.0002,,
852,K03790,,0.36,0.5996939212540174,,,,8.0828,29.1693,,
853,K03793,,,0.672,,,,,2.9519,,
854,K03795,,0.36243055316574774,,,,,13.5007,,,
855,K03797,,,0.6540437583824891,,,,,71.1957,,
856,K03799,,0.39979042719250657,0.7045362416039307,,,,14.4725,32.341100000000004,,
857,K03808,,,0.6425473196869953,,,,,18.4368,,
858,K03809,,,0.6570866541720023,,,,,5.5083,,
859,K03811,,,0.62,,,,,2.499,,
860,K03820,,,0.5872678399715174,,,,,8.5807,,
861,K03821,,0.335,0.6348757446892903,,,,6.1786,51.60020000000001,,
862,K03824,,,0.6729999999999999,,,,,4.0802,,
863,K03829,,,0.589,,,,,5.467,,
864,K03830,,,0.664,,,,,9.1683,,
865,K03831,,,0.674,,,,,7.1001,,
866,K03832,,,0.5785085225739417,0.63,0.6903794695836701,,,28.6208,2.6316,12.4784
867,K03841,,,0.642,,,,,2.2157,,
868,K03885,,0.3765090501202656,0.5938806926211102,,,,23.9165,8.148900000000001,,
869,K03886,,,0.596,,,,,2.6116,,
870,K03892,,,0.6936048536797155,,,,,35.7539,,
871,K03919,,,0.6579999999999999,,,,,4.1026,,
872,K03924,,,0.6433176635953114,,,,,174.14239999999995,,
873,K03925,,,0.6172283052778804,,,,,48.8357,,
874,K03926,,0.28783119403355206,0.6766549573150544,,,,13.909500000000001,26.315399999999997,,
875,K03969,,,0.6738008900468039,,,,,11.1916,,
876,K03972,,,0.7490000000000002,,,,,6.1574,,
877,K03973,,,0.7350271391350109,,0.72,,,15.9682,,4.1651
878,K03975,,0.32562794492891173,0.6385329810916134,,0.7909999999999999,,14.2538,73.98360000000001,,7.5766
879,K03977,,,0.5670000000000001,,,,,5.4635,,
880,K03978,,,0.5365629164716403,,,,,9.1356,,
881,K03979,,,0.7078817702573813,,,,,16.2397,,
882,K03980,,,0.696,,,,,6.6118,,
883,K04027,,,0.6793685648149107,,,,,10.4588,,
884,K04028,,,0.5703608051180115,,,,,10.8369,,
885,K04047,,0.36604868024019604,0.6069859044798258,,,,11.4648,16.7853,,
886,K04062,,,,,0.6229715924026676,,,,,14.5366
887,K04063,,,0.6837719864223516,,,,,24.1845,,
888,K04065,,,0.6333207266877778,,0.5461230242391116,,,26.426099999999998,,42.9426
889,K04066,,,0.6390421910831496,,,,,38.2483,,
890,K04069,,0.35700000000000004,0.6364117083296094,,,,8.123,31.8745,,
891,K04070,,0.39799999999999996,0.6599431652531571,,,,10.2204,21.6229,,
892,K04074,,,0.6803137233490759,,0.716,,,6.4636,,8.0541
893,K04075,,,0.7231923942442918,,,,,21.4018,,
894,K04077,,,0.6413058798664404,,,,,641.2894,,
895,K04078,,,0.6077795895876152,,,,,153.65159999999997,,
896,K04079,,,0.5977617992285372,,,,,16.0511,,
897,K04080,,,0.6559999999999999,,,,,2.7461,,
898,K04085,,0.315,0.6609931629671661,,,,8.5985,8.2126,,
899,K04087,,,0.6459999999999999,,,,,4.9644,,
900,K04088,,,0.6642893454419213,,,,,17.2134,,
901,K04096,,,0.7207912368658288,,0.529,,,22.3459,,3.9982
902,K04102,,,0.5080491176361686,,,,,9.6176,,
903,K04343,,,0.541,,,,,4.004,,
904,K04485,,,0.6667779822645498,,,,,55.60690000000001,,
905,K04487,,,0.691,,,,,3.5551,,
906,K04488,,0.35900000000000004,0.642,,,,6.8067,7.5621,,
907,K04518,,0.337,,,,,8.2258,,,
908,K04561,,,0.5575309898613472,,,,,11.433,,
909,K04564,,0.36505991785414504,0.6082787364813891,,,,21.5377,74.70730000000002,,
910,K04565,,,0.6790706189326219,,,,,9.2749,,
911,K04567,,,0.682,,,,,7.8019,,
912,K04651,,,0.5632816976061363,,,,,4.823,,
913,K04653,,,0.5692502969407315,,,,,6.0786,,
914,K04654,,,0.6776043031514598,,,,,12.6755,,
915,K04655,,,0.615,,,,,3.9787,,
916,K04656,,,0.6015725456678184,,,,,16.6559,,
917,K04712,,,0.5466073145538931,,,,,10.9509,,
918,K04719,,0.34051131701164555,,,,,12.673,,,
919,K04744,,,0.5859374863284373,,,,,12.350100000000001,,
920,K04748,,,0.6635995496688519,,,,,8.841999999999999,,
921,K04749,,,0.6172960416742788,,0.5493822164078185,,,31.817800000000002,,8.7855
922,K04750,,0.4211664986925579,0.6306718255085313,,0.6779999999999999,,19.0715,83.18860000000001,,1.8561
923,K04751,,,0.597784878382394,,,,,40.2265,,
924,K04752,,,0.5812984670990233,,,,,15.604399999999998,,
925,K04754,,,0.6049120164978822,,,,,13.6666,,
926,K04755,,,0.67,,,,,5.1885,,
927,K04757,,,0.6758712736225015,,0.7393896057324659,,,5.4462,,7.5976
928,K04758,,,0.589,,,,,3.1494,,
929,K04759,,,0.6800814981320857,,,,,13.412799999999999,,
930,K04763,,0.53,0.5731077368352562,,,,9.8771,43.5645,,
931,K04764,,,0.6043823688897824,,,,,21.509300000000003,,
932,K04771,,,0.5429999999999999,,,,,5.8112,,
933,K04794,,0.39580858102855937,0.39100000000000007,,,,20.2896,1.2702,,
934,K04795,,0.34600000000000003,,,,,5.502,,,
935,K04796,,0.3361853056664889,,,,,22.3062,,,
936,K04797,,0.34900000000000003,,,,,6.5862,,,
937,K04798,,0.402,,,,,8.9794,,,
938,K04801,,0.35700000000000004,,,,,11.0528,,,
939,K04802,,0.3739459523460802,,,,,15.5339,,,
940,K05275,,,0.6,,,,,4.1119,,
941,K05281,,,0.6686990968618826,,,,,8.7897,,
942,K05337,,,0.5809859749485946,,,,,20.0117,,
943,K05375,,,0.511,,,,,4.0385,,
944,K05518,,,0.73,,,,,3.4803,,
945,K05520,,,0.65,,,,,4.2896,,
946,K05524,,,0.5592270418437774,,,,,46.4691,,
947,K05527,,,0.6520122751831121,,,,,9.6142,,
948,K05539,,,0.655,,,,,2.6204,,
949,K05555,,,0.585293725700164,,,,,24.692499999999995,,
950,K05558,,0.3771966449493708,,,,,16.046100000000003,,,
951,K05589,,,0.589,,,,,2.7307,,
952,K05594,,,0.6920000000000001,,,,,5.3153,,
953,K05606,,0.38799999999999996,0.6957876835982265,,,,6.4876,15.0049,,
954,K05710,,0.36343051386663877,0.6193359675098717,,,,22.7169,10.384699999999999,,
955,K05772,,,0.613773926405511,,,,,23.4496,,
956,K05773,,,0.6861519494352282,,,,,15.1343,,
957,K05780,,,0.675,,,,,3.173,,
958,K05788,,,0.6215628861537924,,,,,37.604,,
959,K05794,,,0.627701694103856,,,,,26.7349,,
960,K05801,,,0.621,,,,,4.7837,,
961,K05807,,,0.6401266868289632,,,,,6.2132000000000005,,
962,K05810,,,0.5673108683115697,,,,,6.5351,,
963,K05812,,,0.536,,,,,2.5223,,
964,K05826,,0.40423417126975647,,,,,29.3153,,,
965,K05828,,0.369,,,,,8.6373,,,
966,K05829,,0.3827702194617948,,,,,11.9587,,,
967,K05833,,,0.5710000000000001,,,,,3.5181,,
968,K05838,,,0.6915385783773769,,,,,11.6641,,
969,K05845,,,0.6622099125925041,,,,,47.72019999999999,,
970,K05846,,,0.634595234431492,,,,,12.883,,
971,K05879,,,0.7090000000000002,,,,,4.5746,,
972,K05881,,,0.7122910771998667,,0.7609999999999999,,,10.4503,,4.4792
973,K05895,,,0.691,,,,,4.5703,,
974,K05896,,,0.6760482737496462,,,,,9.793,,
975,K05913,,,0.6448267171303607,,,,,7.9454,,
976,K05934,,0.3779999592115946,,,,,15.860199999999999,,,
977,K05936,,0.369,,,,,6.7052,,,
978,K05937,,,0.6363045737292173,,,,,12.5381,,
979,K05939,,,0.556,,,,,6.177,,
980,K05973,,,0.6193651057242741,,,,,12.303799999999999,,
981,K05979,,,0.72,,,,,3.6901,,
982,K05989,,,0.736,,,,,3.4634,,
983,K05995,,,0.6189044857836725,,,,,21.927,,
984,K06006,,,0.551,,,,,3.0956,,
985,K06013,,,0.5905502041888319,,,,,10.918,,
986,K06015,,,0.6376504564444007,,,,,25.7529,,
987,K06024,,0.3928611283530467,0.659497297910076,,,,14.024799999999999,39.494200000000006,,
988,K06041,,,0.684635189371141,,,,,15.2222,,
989,K06042,,0.36228532961202803,,,,,17.028399999999998,,,
990,K06044,,,0.564,,,,,6.4731,,
991,K06048,,,0.6558389291919132,,,,,70.5552,,
992,K06076,,,0.61247740679228,,,,,5.4607,,
993,K06077,,,0.6819216192948374,,,,,7.5845,,
994,K06131,,,0.6329999999999999,,,,,7.0665,,
995,K06133,,,0.5044283914949519,,0.77,,,17.7417,,2.6032
996,K06134,,,0.6829999999999999,,,,,2.1815,,
997,K06136,,,0.664,,,,,3.2308,,
998,K06137,,,0.6265951748688491,,,,,20.9588,,
999,K06138,,,0.684,,,,,3.1368,,
1000,K06142,,,0.5968553775971261,,,,,4.4885,,
1001,K06152,,,0.5859964913694432,,,,,16.7258,,
1002,K06153,,,0.6976139705140547,,,,,32.396,,
1003,K06167,,,0.6509999999999999,,,,,3.4025,,
1004,K06173,,,0.6559999999999999,,,,,4.4155,,
1005,K06174,,0.36342782535841084,,,,,16.222,,,
1006,K06176,,0.32310624633655294,,,,,12.1431,,,
1007,K06178,,,0.557,,,,,4.0728,,
1008,K06179,,,0.659,,,,,4.1449,,
1009,K06187,,,0.7031446591282217,,,,,22.2292,,
1010,K06190,,,0.6387526614216607,,,,,13.8525,,
1011,K06195,,,0.66,,,,,4.4818,,
1012,K06196,,0.36,0.7212026818700572,,,,7.9423,8.4832,,
1013,K06197,,0.4016691581794731,,,,,11.0508,,,
1014,K06199,,,0.6029627677924889,,,,,6.3567,,
1015,K06203,,,0.7270000000000001,,,,,5.5308,,
1016,K06204,,,0.6552459420305545,,0.536905455860656,,,66.36410000000001,,13.287099999999999
1017,K06205,,,0.6579999999999999,,,,,6.6393,,
1018,K06208,,,0.7185742221428184,,,,,8.3218,,
1019,K06213,,,0.6456662148398262,,,,,46.628699999999995,,
1020,K06215,,0.40216333298977336,0.6847096103678617,0.68,,,24.2585,136.5784,4.8577,
1021,K06217,,,0.6334561023962835,,,,,51.605199999999996,,
1022,K06223,,0.33757448308649696,0.630263708446612,,,,24.3728,4.4185,,
1023,K06287,,,0.6605215887254494,,,,,12.8922,,
1024,K06346,,,0.5761218224511234,,,,,11.446600000000002,,
1025,K06378,,,0.6507618539732776,,,,,15.3106,,
1026,K06381,,,0.6386975348558622,,,,,12.3654,,
1027,K06400,,,0.6499215084019432,,,,,45.309,,
1028,K06402,,,0.674,,,,,2.5134,,
1029,K06412,,,0.5003147167223809,,0.4979122377252343,,,23.748399999999997,,11.9086
1030,K06442,,,0.5872366374491305,,,,,28.9347,,
1031,K06863,,0.33833386048005926,,,,,10.3964,,,
1032,K06864,,0.34748908787452154,0.6938977727410259,,,,22.0611,31.873000000000005,,
1033,K06865,,0.373,,,,,9.5218,,,
1034,K06867,,,0.6604855400574404,0.5770000000000001,,,,53.6188,1.866,
1035,K06872,,0.41,0.6449618277045998,,,,4.2343,7.343500000000001,,
1036,K06875,,0.386,,,,,5.9193,,,
1037,K06877,,,0.768,,,,,8.2463,,
1038,K06880,,,0.530819842541543,,,,,9.4961,,
1039,K06881,,,0.738,,,,,7.3826,,
1040,K06885,,0.34639414449028066,,,,,13.0389,,,
1041,K06886,,,0.6298632497932946,0.742,0.6432178092435502,,,32.375699999999995,3.8085,10.104800000000001
1042,K06888,,0.38295550163858977,0.65449808480992,,,,33.7509,70.27329999999999,,
1043,K06889,,,0.7020000000000001,,,,,4.6875,,
1044,K06890,,,0.622,,,,,3.3646,,
1045,K06891,,,0.6021370236967419,,,,,33.6066,,
1046,K06893,,,0.5791799858315821,,,,,27.927699999999998,,
1047,K06897,,0.35128387278957773,0.6182463727752623,,,,13.732,23.668499999999998,,
1048,K06898,,,0.5771976110761123,,,,,5.7896,,
1049,K06901,,,0.6711957014786368,,,,,40.8951,,
1050,K06907,,,0.6097537534456694,,,,,9.8089,,
1051,K06911,,0.3852751752413347,0.6608462515826213,,,,22.5212,77.4308,,
1052,K06915,,,0.6952785560494168,,,,,26.917299999999997,,
1053,K06917,,,0.715,,,,,2.4834,,
1054,K06920,,0.3436081378440952,0.577058277980453,,,,13.012599999999999,11.224699999999999,,
1055,K06922,,,0.642,,,,,3.5839,,
1056,K06923,,,0.6383137166367455,,,,,7.0793,,
1057,K06925,,,0.6792075402138795,,,,,24.6111,,
1058,K06928,,0.368,0.7190000000000001,,,,6.6368,3.7574,,
1059,K06929,,0.3445722061328954,0.6898248310322752,,0.523,,12.5958,8.4563,,2.5327
1060,K06937,,0.3718673918096645,0.6303893146205398,,,,20.2346,62.043099999999995,,
1061,K06940,,0.353,0.599,,,,4.7681,1.9255,,
1062,K06941,,,0.6664844402150591,,,,,61.8685,,
1063,K06944,,0.366,,,,,6.0023,,,
1064,K06945,,,0.6372053467898162,,,,,21.9076,,
1065,K06949,,,0.6952858523498477,,,,,17.7183,,
1066,K06953,,0.304,0.67,,,,7.6731,4.5,,
1067,K06958,,,0.6512242243572495,,,,,28.476399999999998,,
1068,K06960,,,0.6392834780315473,,0.755,,,15.588000000000001,,6.6878
1069,K06961,,0.34700000000000003,,,,,6.3711,,,
1070,K06971,,,0.7579999999999999,,,,,2.5297,,
1071,K06974,,0.359,,,,,6.0087,,,
1072,K06976,,,0.688,,,,,5.6394,,
1073,K06978,,,0.746,,,,,5.007,,
1074,K06981,,0.354,,,,,7.3771,,,
1075,K06982,,0.33822298850333554,,,,,12.4968,,,
1076,K06985,,,0.523,,,,,5.1915,,
1077,K06987,,,0.6504996919382575,,,,,15.2407,,
1078,K06988,,0.412,0.6237658259270124,,,,6.0249,16.3221,,
1079,K06989,,0.339,0.6360925865737881,,,,9.6677,7.8593,,
1080,K06990,,0.35100000000000003,,,,,6.0967,,,
1081,K06994,,,0.7162126501732875,,,,,17.7815,,
1082,K06996,,0.368,0.616662776117902,,0.5920391884536046,,2.5744,53.933,,8.9251
1083,K06997,,,0.6448502819292623,,,,,27.5205,,
1084,K06998,,,0.6814468470577861,,,,,24.626,,
1085,K06999,,,0.5938815178697937,,,,,20.1823,,
1086,K07001,,,0.621,,,,,5.7048,,
1087,K07002,,,0.732,,,,,3.1675,,
1088,K07004,,,0.7040000000000001,,,,,3.5833,,
1089,K07005,,0.35200000000000004,0.6591912722140502,,,,8.0401,24.605,,
1090,K07006,,,0.630718067713741,,,,,21.5353,,
1091,K07009,,,0.747,,,,,4.7911,,
1092,K07010,,,0.7290000000000001,,,,,2.623,,
1093,K07018,,,0.6364126361363397,,,,,9.8614,,
1094,K07020,,,0.6174631245400948,,,,,7.5754,,
1095,K07023,,0.3494278361370266,,,,,14.514500000000002,,,
1096,K07025,,,0.595,,,,,1.9421,,
1097,K07026,,0.315,,,,,5.3813,,,
1098,K07029,,0.33882970334696777,0.720063524815211,,,,14.039,15.214099999999998,,
1099,K07030,,,0.7295561591300671,,,,,11.104,,
1100,K07032,,0.319,0.6638181199567038,,,,6.764,28.4115,,
1101,K07037,,,0.5264379004286563,,,,,5.9689,,
1102,K07038,,,0.6359705144800663,,,,,11.2075,,
1103,K07040,,,0.6671784039766719,,,,,10.3168,,
1104,K07041,,0.375214223801489,,,,,17.2673,,,
1105,K07042,,,0.6987638619907921,,,,,16.1828,,
1106,K07045,,,0.5974554840711715,,,,,8.9389,,
1107,K07046,,,0.5720000000000001,,,,,4.2085,,
1108,K07050,,,0.6759999999999999,,,,,9.7141,,
1109,K07051,,0.381,,,,,9.302,,,
1110,K07052,,0.45029739235007527,0.6847656171490589,,0.5853226577683411,,10.857099999999999,18.206500000000002,,17.3974
1111,K07053,,,0.707855101009901,,,,,24.481199999999998,,
1112,K07054,,,0.6554710732895153,,,,,46.878499999999995,,
1113,K07056,,,0.736,,,,,2.7247,,
1114,K07058,,,0.609613669981635,,0.6882050633065971,,,230.00200000000007,,33.6737
1115,K07060,,0.3621119972785557,,,,,6.5623,,,
1116,K07063,,,0.5808388059343119,,,,,8.1929,,
1117,K07064,,,0.5804886814195892,,,,,19.6993,,
1118,K07068,,0.36243683094119633,0.6390449577576385,,0.6947962660242624,,18.036,68.1972,,5.656
1119,K07071,,,0.5820500416205884,,,,,8.9275,,
1120,K07074,,,0.6402739243827171,,,,,7.5826,,
1121,K07075,,,0.48226666934225326,,,,,9.507900000000001,,
1122,K07076,,,0.5141711758316851,,,,,5.1025,,
1123,K07080,,,0.5835749237827467,,,,,49.2022,,
1124,K07082,,,0.6582504262440458,,,,,57.6724,,
1125,K07089,,,0.66428866325835,,,,,25.1028,,
1126,K07090,,0.3514023286218878,0.6421601337175714,,0.5973570230628956,,12.1624,61.90510000000001,,14.6268
1127,K07091,,,0.478,,,,,4.8586,,
1128,K07093,,,0.6065133258371952,,,,,10.1096,,
1129,K07095,,0.328,0.5589999999999999,,,,7.4702,4.6036,,
1130,K07096,,,0.6355576657117957,,,,,16.744699999999998,,
1131,K07098,,,0.6668363924069307,,,,,25.954099999999997,,
1132,K07100,,0.3594060375778122,0.7023152050287376,,0.5697758416827564,,12.7431,20.842299999999998,,11.5391
1133,K07102,,,0.6355307770747971,,,,,5.6387,,
1134,K07104,,0.36197484018112114,0.6226373707441623,,,,9.5063,23.5607,,
1135,K07106,,,0.6955670938559385,,,,,10.1386,,
1136,K07107,,,0.6003989103964325,,,,,36.9191,,
1137,K07108,,0.34299999999999997,,,,,8.2479,,,
1138,K07112,,,0.6033357873005871,,0.59826162739284,,,10.8037,,6.7359
1139,K07114,,,0.6260220179989812,,,,,26.520699999999998,,
1140,K07120,,,0.6679999999999999,,,,,7.6544,,
1141,K07124,,,0.6970000000000001,,,,,5.3197,,
1142,K07126,,,0.6697094046859218,,,,,5.299099999999999,,
1143,K07127,,,0.7040820281454095,,,,,18.6039,,
1144,K07130,,0.33615081246159106,0.5474235922073138,,0.583,,10.6521,7.1574,,2.0384
1145,K07131,,,0.646945775706151,,,,,24.8671,,
1146,K07139,,,0.521,,,,,6.6761,,
1147,K07141,,,0.5835553247687716,,0.737,,,15.0441,,7.3816
1148,K07142,,0.3417642470920524,,,,,13.1264,,,
1149,K07144,,,0.7190000000000001,,,,,2.6266,,
1150,K07147,,,0.6151206152066894,,,,,25.2496,,
1151,K07148,,,0.595,,,,,2.4894,,
1152,K07152,,,0.5779250013061467,,,,,25.869400000000002,,
1153,K07156,,0.38400000000000006,0.6113162710403122,,0.7621749093484127,,9.0656,7.3751999999999995,,11.8345
1154,K07157,,,0.6709999999999999,,,,,2.2927,,
1155,K07160,,,0.672,,,,,6.3937,,
1156,K07161,,,0.6763308670989745,,,,,56.2628,,
1157,K07164,,,0.491,,,,,3.9967,,
1158,K07165,,,,,0.573,,,,,2.7715
1159,K07171,,,0.5580754814897404,,,,,17.973599999999998,,
1160,K07172,,,0.5474745728966579,,,,,11.0804,,
1161,K07176,,0.32173348439608335,,,,,12.712499999999999,,,
1162,K07177,,,0.7,,,,,5.3679,,
1163,K07179,,0.333,,,,,4.613,,,
1164,K07182,,,0.7130805148712187,,,,,23.409,,
1165,K07192,,,0.6653925274313842,,,,,17.2302,,
1166,K07217,,,0.3960000000000001,,,,,6.3573,,
1167,K07220,,0.3644787377345893,0.5654609038394296,,,,16.5069,10.9891,,
1168,K07221,,,,,0.6770000000000002,,,,,2.2519
1169,K07226,,,0.612,,,,,12.0346,,
1170,K07228,,,0.732221195535642,,,,,8.2579,,
1171,K07232,,,0.6187263143691922,,,,,5.0440000000000005,,
1172,K07240,,,0.621586428028627,,,,,20.364,,
1173,K07241,,0.4040453598237768,,,,,12.488900000000001,,,
1174,K07243,,0.35603733053853115,0.5964890669913331,,,,14.0153,8.3825,,
1175,K07254,,0.33,,,,,4.8971,,,
1176,K07257,,,0.46,,,,,4.2252,,
1177,K07259,,,0.7262008212972287,,,,,7.6067,,
1178,K07260,,,0.6427174495625355,,,,,11.4072,,
1179,K07261,,,0.6338600016493047,,,,,14.751100000000001,,
1180,K07262,,,0.665,,,,,4.8054,,
1181,K07263,,,0.629,,,,,5.9028,,
1182,K07267,,,0.512,,,,,3.3813,,
1183,K07273,,,0.5906202997133017,,,,,8.083499999999999,,
1184,K07276,,,0.5847747577663921,,,,,10.052399999999999,,
1185,K07284,,,0.73,,,,,2.2742,,
1186,K07287,,,0.7190000000000001,,,,,3.1091,,
1187,K07300,,0.3756303918764658,0.6397323290753889,,,,14.7087,42.2101,,
1188,K07304,,0.3499031142855934,0.6280911513532438,,,,20.023699999999998,58.81279999999999,,
1189,K07305,,0.36328768415088014,0.6656473211680829,,,,10.2799,24.967,,
1190,K07315,,0.52,0.6460753776955988,,,,3.0392,31.255000000000006,,
1191,K07323,,,0.5986358260452884,,0.6081367549577951,,,90.23680000000002,,6.16
1192,K07334,,,0.5570217637270373,,,,,6.1634,,
1193,K07335,,0.374,,,,,6.4877,,,
1194,K07336,,,0.608,,,,,4.9619,,
1195,K07337,,,0.61,,,,,1.8042,,
1196,K07339,,,0.4956263114307604,,,,,8.0008,,
1197,K07341,,,0.5575978926343979,,,,,8.0644,,
1198,K07390,,,0.6288707132315524,,,,,6.087199999999999,,
1199,K07391,,,0.6698047323199511,,,,,42.155800000000006,,
1200,K07393,,,0.547,,,,,3.6964,,
1201,K07395,,,0.6208541207193546,,,,,19.4021,,
1202,K07397,,,0.6536441872894945,,,,,9.3115,,
1203,K07399,,,0.701,,,,,2.4037,,
1204,K07400,,,0.713,,,,,6.4913,,
1205,K07402,,,0.6487856707822964,,,,,64.86749999999999,,
1206,K07403,,,0.6978580783830591,,,,,23.9092,,
1207,K07404,,,0.6625508757567345,,,,,8.6732,,
1208,K07442,,0.3526966814002482,0.6529462844063874,,,,12.4573,33.199400000000004,,
1209,K07443,,,0.7466380767077146,,,,,12.9299,,
1210,K07447,,,0.6496440787048228,,,,,13.3595,,
1211,K07448,,,0.654,,,,,3.8201,,
1212,K07450,,,0.696,,,,,3.5469,,
1213,K07451,,0.3,0.6268826123891565,,0.596,,7.0747,6.5216,,3.1735
1214,K07460,,,0.6555189280000868,,,,,16.4125,,
1215,K07461,,,0.505,,,,,2.4145,,
1216,K07462,,0.324,0.6666138290329738,,,,6.7934,12.986,,
1217,K07473,,,0.5820000000000001,,,,,2.6743,,
1218,K07474,,,0.53,,,,,2.5012,,
1219,K07477,,0.32061098064589755,0.767,,,,16.1766,8.0338,,
1220,K07478,,,0.6704549031701773,,,,,52.6058,,
1221,K07480,,,0.5610670058869428,,,,,82.2442,,
1222,K07481,,,0.632851913910916,,,,,239.95719999999997,,
1223,K07482,,,0.6516876710625098,,,,,201.45940000000004,,
1224,K07483,,,0.6387546537454415,,0.5488326145914251,,,255.23769999999996,,5.1255999999999995
1225,K07484,,,0.6261909233182464,,0.7190000000000001,,,191.7193,,3.1597
1226,K07485,,0.5107619964019284,0.667749816739031,,0.6049999999999999,,18.0234,98.0285,,3.8044
1227,K07486,,0.6,0.638653712144839,,0.6353199495467013,,2.4809,2546.0822999999978,,90.77140000000001
1228,K07487,,,0.5687622718609042,,,,,62.5813,,
1229,K07488,,,0.5849758636498195,,,,,22.086699999999997,,
1230,K07491,,,0.5535456966366634,,0.5128125273403039,,,108.53690000000002,,30.703500000000002
1231,K07492,,,0.6127385068699019,,,,,368.6372,,
1232,K07493,,0.6015358840525317,0.6602555195262169,,0.5975910501383127,,4.9186,500.0228,,10.712499999999999
1233,K07494,,,0.6100934251616327,,0.557,,,464.569,,2.7734
1234,K07495,,,0.5825007193892969,,,,,159.496,,
1235,K07496,,0.335,0.6444699448140238,,0.5273097613821692,,1.7184,76.2905,,6.9963999999999995
1236,K07497,,0.36835793622632995,0.6258162730781619,0.4680000000000001,0.6843960459277353,,13.4753,1415.8219999999992,6.3008,28.7341
1237,K07498,,,0.6559214776787661,,,,,42.089600000000004,,
1238,K07499,,0.39,0.6317099717418042,,0.6629981106056647,,4.1737,132.7541,,19.0078
1239,K07502,,,0.6405368040835427,,,,,8.0061,,
1240,K07503,,,0.701449434923766,,,,,11.198799999999999,,
1241,K07507,,,0.6779999999999999,,0.6459999999999999,,,2.9412,,5.1017
1242,K07537,,,0.674,,,,,2.5118,,
1243,K07560,,,0.6564653904223617,,,,,22.635199999999998,,
1244,K07566,,0.3841364885460171,0.6616774242478487,,,,16.0609,20.116699999999998,,
1245,K07568,,,0.5999692758606645,,,,,11.0998,,
1246,K07571,,,0.6559999999999999,,,,,6.0629,,
1247,K07572,,0.3298521545078764,,,,,10.581299999999999,,,
1248,K07573,,0.34,,,,,5.7895,,,
1249,K07588,,0.35100000000000003,,,,,8.4275,,,
1250,K07646,,,0.65,,,,,8.3616,,
1251,K07689,,,0.7070000000000001,,,,,5.6102,,
1252,K07693,,,0.629,,,,,2.3807,,
1253,K07696,,,0.7070000000000001,,,,,5.6102,,
1254,K07722,,0.3498774862335089,0.631,,,,18.0441,2.6516,,
1255,K07726,,,0.531,,,,,2.01,,
1256,K07727,,,0.4417916246085935,,,,,15.261700000000001,,
1257,K07732,,0.34543242480364755,,,,,14.385299999999999,,,
1258,K07733,,,,,0.615,,,,,5.2541
1259,K07734,,,0.6366241275504887,,,,,7.6139,,
1260,K07735,,,0.6835926408844699,,,,,24.9774,,
1261,K07736,,,0.5900233377962633,,0.5345872866177814,,,67.1724,,6.5964
1262,K07738,,,0.6215866887837447,,,,,51.32860000000001,,
1263,K07739,,0.37,,,,,6.3585,,,
1264,K07742,,,0.6287190226512692,,,,,12.7763,,
1265,K07743,,,,,0.525,,,,,2.7352
1266,K07746,,,0.581,,,,,2.1159,,
1267,K07755,0.342,0.5207325682712289,0.6310818178784932,,,6.9253,14.572199999999999,51.0428,,
1268,K07793,,,0.6283444618395626,,,,,440.8131999999999,,
1269,K07794,,,0.5965666687890971,,0.58,,,38.4082,,4.8979
1270,K07795,,,0.6506563717403964,,,,,75.1855,,
1271,K07979,,,0.6785694750496927,,,,,5.7257,,
1272,K08086,,,0.6378420779873004,,,,,5.6106,,
1273,K08096,,0.312007870073381,,,,,13.0039,,,
1274,K08097,,0.3539999999999999,0.667,,,,6.8855,9.3718,,
1275,K08223,,,0.6437652255753921,,,,,9.1896,,
1276,K08281,,,0.5965787038287778,,,,,11.053199999999999,,
1277,K08296,,0.38091928186297674,0.6189611443476396,,0.487,,33.3349,28.009400000000003,,3.8842
1278,K08304,,,0.5489999999999999,,,,,5.8146,,
1279,K08305,,,0.6533539535348383,,,,,21.7579,,
1280,K08307,,,0.5742490411408084,,,,,28.220299999999998,,
1281,K08309,,,0.6871865547529044,,,,,11.4747,,
1282,K08311,,,0.66,,,,,3.9585,,
1283,K08316,,,0.795,,,,,4.7275,,
1284,K08321,,0.404,,,,,7.2183,,,
1285,K08481,,,0.667,,0.546,,,2.6085,,2.4028
1286,K08482,,0.39439871914190716,0.6073382720611884,,,,21.0837,31.290100000000002,,
1287,K08591,,,0.6334006715969998,,,,,17.778399999999998,,
1288,K08602,,0.3191570627795745,0.5841186010080764,,,,22.851999999999997,22.9718,,
1289,K08641,,,0.6550520448721089,,,,,7.424100000000001,,
1290,K08646,,,0.5329999999999999,,,,,3.2511,,
1291,K08681,,0.34199999999999997,0.6669694697283757,,,,6.4588,6.461,,
1292,K08683,,,0.667214555805295,,,,,7.208,,
1293,K08722,,,0.5986354777908792,,,,,6.911899999999999,,
1294,K08726,,,0.659,,,,,2.3807,,
1295,K08738,,,0.5953763151274694,,,,,15.0191,,
1296,K08963,,0.3950000000000001,0.537,,,,4.9582,5.7957,,
1297,K08970,,,0.7034460488406087,,,,,18.1819,,
1298,K08972,,,0.6150377529485512,,,,,15.051799999999998,,
1299,K08973,,,0.5787272753178341,,,,,6.7490000000000006,,
1300,K08975,,0.364,,,,,6.3711,,,
1301,K08976,,,0.6216207322291497,,,,,11.5868,,
1302,K08979,,0.332,,,,,4.3341,,,
1303,K08981,,,0.599,,,,,3.9726,,
1304,K08982,,0.34600000000000003,,,,,12.0466,,,
1305,K08984,,,0.6559999999999999,,,,,6.6791,,
1306,K08992,,,0.6220266164768985,,0.6840731231642136,,,9.1249,,11.3305
1307,K08994,,,0.49800000000000005,,,,,9.181,,
1308,K08995,,,0.5346676995238433,,0.6046864352333032,,,7.4603,,5.1832
1309,K08996,,,0.6920000000000001,,,,,2.5929,,
1310,K08998,,,0.7086027765965086,,,,,12.860299999999999,,
1311,K08999,,,0.6222376379647625,,0.753,,,80.60079999999999,,6.7317
1312,K09001,,,0.6816195849102182,,,,,6.5143,,
1313,K09003,,,0.636,,,,,4.3062,,
1314,K09004,,,0.547,,,,,2.6089,,
1315,K09005,,0.33479851435894586,0.6695628246802435,,,,21.3294,19.3749,,
1316,K09012,,0.37671690348133313,,,,,6.8847000000000005,,,
1317,K09013,,0.3593599941761975,0.6179370247732755,,,,14.1919,46.065799999999996,,
1318,K09014,,0.386,0.626,,,,8.9291,15.5181,,
1319,K09015,,,0.644,,,,,8.8324,,
1320,K09019,,,0.667,,,,,5.8411,,
1321,K09022,,,0.6243718602078953,,0.487,,,42.7942,,3.4336
1322,K09117,,,0.6589656143090956,,,,,20.2959,,
1323,K09118,,,0.6023219206553582,,,,,52.8528,,
1324,K09120,,0.363,,,,,4.5774,,,
1325,K09121,,0.3469010269589207,,,,,11.1812,,,
1326,K09122,,0.29801068120338886,0.6579999999999999,,,,11.1928,4.288,,
1327,K09125,,,0.5757568211648544,,,,,10.5094,,
1328,K09128,,0.37399999999999994,0.7070000000000001,,,,6.795,2.9088,,
1329,K09129,,,0.542,,,,,6.9862,,
1330,K09131,,,0.6055322297406411,,0.6779999999999999,,,6.2151,,3.9558
1331,K09136,,0.3626163909173947,0.621,,,,17.085099999999997,3.6046,,
1332,K09140,,0.364,,,,,7.4093,,,
1333,K09141,,,0.54,,,,,3.8388,,
1334,K09143,,0.34952423091042073,0.725,,,,17.1221,3.0737,,
1335,K09148,,0.3018529583449632,,,,,14.4831,,,
1336,K09152,,0.37652288327146805,,,,,11.568000000000001,,,
1337,K09153,,,0.624,,,,,6.4772,,
1338,K09154,,,0.585,,,,,3.1978,,
1339,K09160,,,0.6280511733762831,,,,,7.162599999999999,,
1340,K09163,,,0.7040000000000001,,,,,5.6557,,
1341,K09164,,,0.6941636850202476,,,,,9.0951,,
1342,K09165,,0.3899806719463391,0.67,,0.623,,12.0573,3.9343,,5.9261
1343,K09166,,,0.6578786691135489,,,,,10.307200000000002,,
1344,K09167,,,0.758,,,,,6.3492,,
1345,K09386,,,0.682,,,,,5.804,,
1346,K09457,,,0.6120706862450783,,,,,15.390500000000001,,
1347,K09482,,0.337,,,,,6.7599,,,
1348,K09684,,,0.7490000000000001,,,,,8.1937,,
1349,K09694,,,0.551,,,,,3.0815,,
1350,K09700,,,0.589,,,,,3.4215,,
1351,K09702,,,0.7020000000000001,,,,,4.7134,,
1352,K09705,,0.3215955149726292,0.618,,,,10.4026,3.5845,,
1353,K09710,,,0.64565435579495,,,,,25.8182,,
1354,K09716,,0.33799999999999997,,,,,6.7554,,,
1355,K09721,,0.366,,,,,8.8236,,,
1356,K09722,,0.34756429929330307,,,,,15.9959,,,
1357,K09723,,0.31428479527923164,,,,,33.9683,,,
1358,K09735,,0.34216743260292315,,,,,8.9876,,,
1359,K09736,,0.365161084402959,,,,,13.9012,,,
1360,K09738,,0.342,,,,,5.382,,,
1361,K09747,,,0.6580863651975684,,0.6559999999999999,,,39.3085,,3.2009
1362,K09748,,,0.6358901179264473,,0.7152728720122594,,,28.3137,,11.1036
1363,K09760,,,0.5463366917430171,,,,,8.6028,,
1364,K09762,,,0.7790000000000001,,,,,6.6846,,
1365,K09763,,0.3287399150504068,0.5903082339859441,,,,17.1682,12.3035,,
1366,K09764,,,0.5898616840500588,,,,,12.338899999999999,,
1367,K09767,,,0.6443353549125842,,,,,21.383699999999997,,
1368,K09769,,,0.6837489939281989,,,,,9.329,,
1369,K09772,,,0.6524235142595033,,,,,27.3932,,
1370,K09774,,,0.6394847062949918,,,,,14.4973,,
1371,K09778,,,0.6920000000000001,,,,,3.0109,,
1372,K09779,,,,,0.6416616541353384,,,,,7.2105
1373,K09780,,,0.6689746112768518,,0.622201649603428,,,21.5106,,11.67
1374,K09791,,0.3085680921052631,0.5990610732448272,,,,14.596499999999999,12.697500000000002,,
1375,K09792,,,0.759,,,,,1.985,,
1376,K09793,,,0.5929025841101533,,0.6211832157137622,,,12.8949,,4.2376000000000005
1377,K09794,,,0.5139561494016478,,,,,19.622099999999996,,
1378,K09796,,,0.5327517454692872,,,,,8.6758,,
1379,K09798,,,0.6964127955544973,,,,,6.769299999999999,,
1380,K09800,,,0.537,,0.551,,,4.9286,,7.1593
1381,K09806,,,0.6224256263087617,,,,,6.7096,,
1382,K09807,,0.36247266932576355,0.5921711735823032,,0.7662566848115138,,13.3489,9.319500000000001,,8.9636
1383,K09811,,,0.6648962998739184,,,,,17.4936,,
1384,K09812,,,0.6409999999999999,,,,,9.5311,,
1385,K09817,,0.341,,,,,6.2963,,,
1386,K09823,,,0.667,,,,,5.4489,,
1387,K09826,,,0.6496470381794713,,,,,11.477,,
1388,K09857,,,0.582629070192436,,,,,7.313700000000001,,
1389,K09861,,,0.65,,,,,5.74,,
1390,K09862,,,0.7440000000000001,,,,,5.881,,
1391,K09888,,,0.6047644222794699,,0.6949999999999998,,,23.4059,,3.615
1392,K09898,,,,,0.5770000000000001,,,,,4.7284
1393,K09903,,0.3597665449393771,0.6654858739085572,,,,14.540700000000001,26.494500000000002,,
1394,K09913,,,0.7240000000000001,,,,,2.33,,
1395,K09914,,,,,0.659,,,,,3.0561
1396,K09915,,,0.6482123852524443,,,,,6.3852,,
1397,K09919,,,0.6113156231924426,,,,,14.750499999999999,,
1398,K09920,,,0.648,,,,,4.5092,,
1399,K09922,,,0.618,,,,,3.9501,,
1400,K09927,,,0.6643741907575819,,,,,46.0251,,
1401,K09928,,,0.6319999999999999,,,,,3.8644,,
1402,K09930,,,0.643664516013031,,,,,12.5449,,
1403,K09931,,,0.6140650394743064,,,,,18.3694,,
1404,K09932,,0.385,0.6668782066937595,,0.6605807063301673,,9.7145,25.8634,,11.344899999999999
1405,K09936,,,0.7090000000000001,,0.654,,,3.7055,,5.3029
1406,K09940,,,0.477,,,,,2.3277,,
1407,K09948,,,0.562,,,,,3.0791,,
1408,K09949,,,0.5978986232434909,,,,,9.128,,
1409,K09950,,,0.632,,,,,2.2486,,
1410,K09951,,,0.6395523531458014,,,,,22.1888,,
1411,K09955,,,0.618986137695276,,,,,15.457,,
1412,K09957,,,0.721,,0.7020000000000001,,,3.777,,2.3204
1413,K09958,,,0.616252737227658,,,,,11.9798,,
1414,K09966,,,0.60478534908462,,,,,14.2776,,
1415,K09973,,,0.6843698320573377,,,,,9.8139,,
1416,K09978,,,0.546,,,,,2.2457,,
1417,K09981,,,0.560609156627345,,,,,7.7506,,
1418,K09983,,,0.6559999999999999,,,,,3.4658,,
1419,K09984,,,0.635,,,,,1.8477,,
1420,K09985,,,0.609,,,,,3.7136,,
1421,K09986,,,0.6644400895177267,,,,,10.108799999999999,,
1422,K09989,,,0.621,,,,,10.7804,,
1423,K09990,,0.341,0.6172815616172619,,,,11.6477,12.513300000000001,,
1424,K09992,,,0.6009912039029938,,,,,18.8657,,
1425,K09994,,,,,0.672,,,,,2.0603
1426,K10026,,0.342,,,,,16.1351,,,
1427,K10046,,,0.507,,,,,3.8649,,
1428,K10200,,,0.682,,,,,5.8854,,
1429,K10218,,,0.662,,,,,2.3905,,
1430,K10532,,,0.628135701089252,,,,,9.6421,,
1431,K10536,,,0.5771948258684001,,,,,7.1507000000000005,,
1432,K10670,,,0.6894353741496597,,,,,11.1408,,
1433,K10672,,,0.613,,,,,2.7596,,
1434,K10674,,,0.599,,,,,8.7843,,
1435,K10713,,,0.62,,,,,6.2448,,
1436,K10725,,0.33134414258233674,,,,,28.1249,,,
1437,K10747,,0.3539999999999999,,,,,9.2759,,,
1438,K10773,,0.3477920193470375,0.7126420760802206,,,,14.6379,8.8321,,
1439,K10804,,,0.6164302277071828,,,,,8.1848,,
1440,K10806,,,0.7040000000000001,,,,,2.4592,,
1441,K10822,,,0.6785478809681514,,,,,74.57610000000003,,
1442,K10843,,,0.713,,,,,9.2718,,
1443,K10848,,0.331,,,,,7.7949,,,
1444,K10914,,,0.5725922858592273,,,,,17.1005,,
1445,K10917,,,0.6507598938526218,,,,,43.9166,,
1446,K10945,,0.408,0.6770000000000002,,,,13.6201,5.5512,,
1447,K10946,,0.429,,,,,10.1863,,,
1448,K10947,,,0.6490925676291481,,,,,140.079,,
1449,K10979,,0.36988021853811354,0.638722910869588,,,,13.9253,87.03190000000002,,
1450,K11065,,,0.5920000000000001,,,,,4.8755,,
1451,K11105,,,0.701,,,,,3.2929,,
1452,K11131,,0.415,,,,,6.1554,,,
1453,K11175,,0.3470000000000001,,,,,12.1212,,,
1454,K11178,,,0.5832955788607257,,,,,9.2001,,
1455,K11209,,,0.545,,,,,2.5348,,
1456,K11212,,0.36401274120401833,0.6582348832984262,,,,14.918600000000001,4.2780000000000005,,
1457,K11312,,,0.56,,,,,1.9478,,
1458,K11355,,,0.61,,,,,6.3897,,
1459,K11443,,,0.6192747574611805,,,,,23.453,,
1460,K11473,,,0.654,,,,,5.0148,,
1461,K11477,,,0.6259800810645497,,0.6559999999999999,,,56.68879999999999,,3.4758
1462,K11529,,0.327130042760776,0.546,,,,25.7225,4.2917,,
1463,K11530,,,0.615,,,,,3.0744,,
1464,K11600,,0.4097318184374469,,,,,10.5626,,,
1465,K11621,,,0.621,,,,,3.1289,,
1466,K11646,,0.34770642549463227,,,,,14.7264,,,
1467,K11690,,,0.6513480047223985,,,,,33.3191,,
1468,K11719,,,0.6612354716489883,,,,,6.4949,,
1469,K11741,,,0.555,,,,,4.9091,,
1470,K11749,,,0.5872183052983532,,,,,32.3096,,
1471,K11750,,,0.5625309480690116,,,,,9.1709,,
1472,K11752,,,0.768107515946825,,,,,13.831199999999999,,
1473,K11753,,,0.702516830162569,,,,,19.4836,,
1474,K11781,,0.374,,,,,4.9547,,,
1475,K11891,,,0.642,,,,,2.2127,,
1476,K11893,,,0.593,,,,,2.1283,,
1477,K11901,,,0.583,,,,,5.2405,,
1478,K11904,,,0.5895782071681676,,,,,7.0195,,
1479,K11940,,,0.5479999999999999,,,,,2.6687,,
1480,K11961,,,0.6890000000000001,,,,,8.1417,,
1481,K11991,,,0.6940000000000001,,,,,2.3548,,
1482,K12132,,,0.670359729586369,,,,,21.7721,,
1483,K12140,,,0.6683428449755865,,,,,19.0372,,
1484,K12152,,,0.706,,,,,2.9919,,
1485,K12234,,0.36171007412769185,0.7449961520819156,,,,11.9565,27.7416,,
1486,K12373,,,0.433,,,,,2.7489,,
1487,K12510,,,0.6227964281114184,,,,,9.3921,,
1488,K12511,,,0.640808460565866,,,,,29.457500000000003,,
1489,K12574,,,0.6750066870915802,,,,,76.52349999999998,,
1490,K12589,,0.38507060546476146,0.393,,,,14.0229,3.1114,,
1491,K12942,,,0.5856449555706301,,,,,11.8845,,
1492,K12972,,,0.696,,,,,4.4953,,
1493,K12984,,,0.5773818766751738,,,,,15.5663,,
1494,K13018,,0.35200000000000004,0.6495984048656737,,,,6.882,5.6116,,
1495,K13038,,,0.6167307623679026,,,,,11.180900000000001,,
1496,K13051,,,0.584,,,,,3.8271,,
1497,K13075,,,0.687437938683478,,,,,25.271600000000003,,
1498,K13256,,,0.544,,,,,5.4898,,
1499,K13280,,0.32108786108029397,,,,,20.2357,,,
1500,K13282,,,0.7191969102396978,,,,,8.1701,,
1501,K13288,,,0.6446024603036443,,,,,15.381699999999999,,
1502,K13292,,,0.6120621440721653,,,,,40.159,,
1503,K13444,,,0.5764126684896994,,,,,8.4695,,
1504,K13527,,,0.634,,,,,22.3046,,
1505,K13570,,,0.606,,,,,9.1068,,
1506,K13584,,,0.6146719868051158,,,,,25.6537,,
1507,K13592,,,0.645,,,,,5.4146,,
1508,K13628,,0.35576630562751804,0.5408131950883592,,,,12.9408,7.866099999999999,,
1509,K13640,,,0.6543945553159585,,,,,20.926000000000002,,
1510,K13693,,,0.6612876691070645,,,,,14.2136,,
1511,K13775,,,0.664,,,,,3.6822,,
1512,K13796,,,0.6487698114883794,,,,,12.9847,,
1513,K13924,,,0.61,,,,,2.6083,,
1514,K13985,,,0.6585317696325429,,,,,13.1713,,
1515,K13993,,,0.6283244373572848,,0.664,,,117.72699999999998,,3.5562
1516,K14058,,,0.6660675149860807,,,,,8.006,,
1517,K14060,,0.3906718829693513,0.6842057597897336,,,,12.940199999999999,32.428000000000004,,
1518,K14063,,,0.7120000000000001,,,,,6.4826,,
1519,K14415,,0.4047749968129626,,,,,13.244900000000001,,,
1520,K14445,,,0.693,,,,,5.7807,,
1521,K14475,,,0.718,,0.59,,,6.4481,,2.6597
1522,K14534,,0.392,,,,,9.317,,,
1523,K14568,,0.32371375546515424,,,,,14.7317,,,
1524,K14574,,0.35300000000000004,,,,,5.5178,,,
1525,K14654,,0.316,,,,,6.8547,,,
1526,K14656,,0.3374808341162882,,,,,12.841999999999999,,,
1527,K14673,,,0.575,,,,,5.8856,,
1528,K14696,,0.365,0.7040000000000001,,,,5.0932,8.1952,,
1529,K14728,,0.377,,,,,5.7576,,,
1530,K14731,,,0.604,,,,,8.5194,,
1531,K14742,,,0.6623933312293403,,,,,25.7745,,
1532,K14941,,,0.6620971923940623,,,,,8.9134,,
1533,K14986,,,0.5589999999999999,,,,,9.1766,,
1534,K14987,,,0.6192622966013279,,,,,11.7061,,
1535,K14998,,,0.6459999999999999,,,,,4.5916,,
1536,K15012,,,0.669,,,,,2.0369,,
1537,K15034,,,0.631,,,,,2.1787,,
1538,K15066,,,0.613,,,,,7.8199,,
1539,K15257,,,0.685,,,,,5.9494,,
1540,K15269,,,0.638,,,,,3.1595,,
1541,K15342,,,0.604,,,,,1.8242,,
1542,K15371,,,0.722,,,,,2.8568,,
1543,K15383,,0.34595728990329416,,,,,15.5851,,,
1544,K15429,,0.326,,,,,6.6193,,,
1545,K15449,,0.338,,,,,8.043,,,
1546,K15510,,0.37,,,,,8.4395,,,
1547,K15520,,,0.6759038122185491,,0.485,,,5.699,,3.3958
1548,K15532,,,0.5212975290515023,,,,,4.5936,,
1549,K15539,,,0.619,,0.632,,,3.7966,,3.2626
1550,K15633,,,0.6057803010247844,,,,,12.7925,,
1551,K15635,,0.3534942886856893,0.5829999999999999,,,,22.3876,3.6615,,
1552,K15724,,0.359,0.603,,,,6.6442,4.5627,,
1553,K15777,,,0.6616464853174154,,,,,6.6911,,
1554,K15888,,0.366,,,,,6.6893,,,
1555,K15916,,,0.770154259280627,,,,,8.456900000000001,,
1556,K15973,,,0.621,,,,,3.9944,,
1557,K15977,,0.35314446863752297,0.6050773283794649,,,,12.4393,29.099899999999998,,
1558,K16079,,,0.6299392493043672,,,,,16.1162,,
1559,K16080,,,0.613,,,,,3.0805,,
1560,K16137,,,0.6391677063692293,,,,,13.3294,,
1561,K16147,,,0.6433621996832798,,,,,18.130399999999998,,
1562,K16203,,,0.542,,,,,1.7321,,
1563,K16306,,0.391,,,,,5.0973,,,
1564,K16348,,,,,0.513,,,,,3.5248
1565,K16841,,0.687,0.5856361356888665,,,,2.8913,20.255399999999998,,
1566,K16842,,,0.6007930750848324,,,,,9.1359,,
1567,K16868,,,0.691,,,,,1.988,,
1568,K16937,,,0.6044718963715259,,,,,11.4422,,
1569,K17103,,,0.6551538766677215,,,,,22.855600000000003,,
1570,K17104,,0.36469450770948353,,,,,16.5628,,,
1571,K17225,,,0.672,,,,,9.0986,,
1572,K17226,,,0.6164094980371231,,,,,8.2863,,
1573,K17229,,,0.691,,,,,3.4906,,
1574,K17230,,,0.6728198214385289,,,,,8.352,,
1575,K17247,,,0.5930409336719104,,,,,16.4452,,
1576,K17285,,,0.6693598726688046,,,,,25.983600000000003,,
1577,K17330,,,0.6679999999999999,,,,,6.036,,
1578,K17331,,,0.645,,,,,5.8252,,
1579,K17662,,,0.57,,,,,3.2085,,
1580,K17675,,,0.659,,,,,6.2596,,
1581,K17717,,,0.541,,,,,5.6319,,
1582,K17763,,,0.664,,,,,10.4029,,
1583,K17828,,0.4,,,,,8.7233,,,
1584,K17836,,,0.614,,,,,4.9362,,
1585,K17865,,,0.627,,,,,9.4746,,
1586,K17884,,0.353,,,,,6.9287,,,
1587,K17892,,,0.6636741285372562,,,,,13.0351,,
1588,K18013,,,0.6377552740593682,,,,,22.7864,,
1589,K18067,,,0.645,,,,,3.3559,,
1590,K18068,,,0.6409999999999999,,,,,4.928,,
1591,K18189,,,0.629542450204347,,,,,38.136300000000006,,
1592,K18197,,,0.653734684149807,,,,,9.7814,,
1593,K18199,,,0.6456201294025491,,,,,33.7246,,
1594,K18235,,0.45299999999999996,0.5748832398822654,,,,8.4008,15.9746,,
1595,K18290,,,0.580350853363973,,,,,19.6526,,
1596,K18294,,,0.7479999999999999,,,,,6.6605,,
1597,K18301,,,0.693,,,,,2.7597,,
1598,K18346,,,0.674,,,,,7.1449,,
1599,K18446,,,0.590019346687846,,,,,5.2856000000000005,,
1600,K18453,,,0.657,,,,,4.1475,,
1601,K18455,,,0.738,,,,,5.6531,,
1602,K18476,,,0.7011071682277865,,0.7015895419516885,,,49.5607,,19.0073
1603,K18532,,0.30743530381720297,,,,,14.6922,,,
1604,K18588,,,0.6277897644324406,,,,,9.032,,
1605,K18622,,,0.63,,,,,8.6126,,
1606,K18672,,,0.607279373450425,,0.645,,,41.3401,,3.0047
1607,K18682,,,0.6653912607098814,,,,,91.4853,,
1608,K18691,,,0.52,,,,,3.6448,,
1609,K18700,,0.355,0.5704656316827167,,0.5920000000000001,,8.1336,9.6856,,4.0049
1610,K18779,,0.358,,,,,9.9626,,,
1611,K18831,,,0.535,,,,,4.3957,,
1612,K18843,,,0.6643629349736079,,,,,11.7904,,
1613,K18844,,,0.396,,,,,3.2817,,
1614,K18850,,,0.652,,,,,6.4684,,
1615,K18855,,0.37100000000000005,,,,,8.2453,,,
1616,K18882,,0.33411584647068054,,,,,15.1309,,,
1617,K18897,,,0.682,,,,,5.4619,,
1618,K18911,,0.328,,,,,5.7375,,,
1619,K18928,,,0.7350000000000001,,,,,7.4642,,
1620,K18939,,,0.716,,,,,2.6886,,
1621,K18955,,,0.6899784174422555,,,,,28.989800000000002,,
1622,K18958,,,0.7119778445738526,,,,,4.9588,,
1623,K18979,,,0.6777445408664783,,,,,21.8465,,
1624,K19055,,,0.635267976964246,,,,,5.694699999999999,,
1625,K19092,,,0.6559999999999999,,0.55,,,2.5948,,3.576
1626,K19159,,,0.5379999999999999,,,,,4.9395,,
1627,K19169,,,0.5670000000000001,,,,,3.5161,,
1628,K19221,,,0.6885341500202039,,,,,16.5745,,
1629,K19222,,,0.6993128340474148,,,,,5.0457,,
1630,K19267,,0.352,0.6419039028102614,0.593,,,4.9847,37.8598,4.7097,
1631,K19271,,,0.443,,,,,5.0297,,
1632,K19302,,0.362,,,,,6.3007,,,
1633,K19304,,,0.5422182165067635,,,,,8.619,,
1634,K19405,,,0.593,,,,,3.6346,,
1635,K19689,,,0.6718995047196047,,,,,12.3871,,
1636,K19710,,,0.541,,,,,3.403,,
1637,K19712,,0.31774422814595943,,,,,14.8062,,,
1638,K19713,,,0.63,,,,,4.0818,,
1639,K19745,,,0.5955018898079795,,,,,6.7714,,
1640,K19784,,,0.695,,,,,2.7355,,
1641,K19804,,,0.6878793086290822,,,,,8.6477,,
1642,K20074,,,0.6988436419277548,,,,,40.313900000000004,,
1643,K20265,,,0.612,,,,,4.2214,,
1644,K20444,,,0.5429999999999999,,,,,1.9706,,
1645,K20469,,,0.7190000000000001,,,,,4.9933,,
1646,K20483,,,0.724,,,,,5.7561,,
1647,K20523,,,0.5968935564265051,,,,,13.3161,,
1648,K20628,,,,,0.685,,,,,1.373
1649,K20807,,,0.716,,,,,4.9261,,
1650,K20881,,,0.5670000000000001,,,,,2.8643,,
1651,K20885,,0.3754592475624774,,,,,14.3934,,,
1652,K20968,,,0.5379999999999999,,,,,2.381,,
1653,K20976,,,0.667,,0.688,,,3.2857,,8.0221
1654,K20978,,,,,0.422,,,,,3.2735
1655,K21023,,,0.519,,,,,4.3213,,
1656,K21162,,,0.575,,,,,4.0305,,
1657,K21219,,0.349,,,,,6.2104,,,
1658,K21302,,,0.5329999999999999,,,,,2.9683,,
1659,K21349,,0.389,0.7229999999999999,,,,5.0828,9.6667,,
1660,K21394,,,0.6709999999999999,,,,,4.2773,,
1661,K21395,,,0.6235919332735085,,,,,61.82679999999999,,
1662,K21401,,,0.665,,,,,5.1606,,
1663,K21420,,,0.653,,,,,5.6894,,
1664,K21430,,,0.6290687608599912,,,,,10.8516,,
1665,K21470,,,0.6359131082941905,,0.62,,,16.4807,,2.1193
1666,K21471,,,0.708400975698157,,,,,5.952,,
1667,K21472,,,0.584288723158019,,,,,8.8422,,
1668,K21481,,,0.5624998476668925,,,,,5.6495,,
1669,K21498,,,0.568177206686124,,,,,9.2822,,
1670,K21600,,,0.632110824449068,,,,,14.371,,
1671,K21636,,0.3670000000000001,,,,,9.8078,,,
1672,K21677,,,0.6420000000000001,,,,,4.1458,,
1673,K21679,,,0.638,,,,,4.0674,,
1674,K21700,,,0.6475444210171963,,,,,13.514100000000001,,
1675,K21741,,,0.613,,,,,8.1886,,
1676,K21745,,,0.459,,,,,5.0442,,
1677,K21903,,,0.648,,,,,4.5914,,
1678,K21908,,0.41602977764693944,0.6040492222500519,0.66,0.5159525933746442,,24.496899999999997,21.316899999999997,4.0471,7.6474
1679,K21929,,0.3640864064977208,0.6667654468368767,,,,29.1541,75.36070000000001,,
1680,K21961,,,,,0.7390000000000001,,,,,5.2741
1681,K22010,,,0.6735494271347098,,,,,8.339,,
1682,K22072,,,0.648,,,,,4.5276,,
1683,K22077,,,0.605,,,,,3.9909,,
1684,K22085,,,0.701,,,,,2.1021,,
1685,K22107,,,0.713,,,,,6.1807,,
1686,K22108,,,0.623,,,,,4.9486,,
1687,K22210,,,0.69,,,,,5.9577,,
1688,K22225,,0.3652231181488954,,,,,12.6618,,,
1689,K22297,,,0.691,,,,,5.1593,,
1690,K22299,,,0.581,,,,,1.9178,,
1691,K22302,,,0.667,,,,,8.3178,,
1692,K22390,,0.3583072634579692,,,,,41.337,,,
1693,K22438,,,0.49,,,,,3.094,,
1694,K22452,,,0.6851825505447819,,,,,25.7598,,
1695,K22468,,,0.5710000000000001,,,,,6.441,,
1696,K22479,,,0.466,,,,,4.1244,,
1697,K22491,,,0.6990000000000001,,,,,10.5795,,
1698,K22522,,,0.6650964058357463,,,,,11.3902,,
1699,K22622,,,0.625454491205268,,,,,18.276799999999998,,
1700,K22684,,,0.622,,,,,2.3766,,
1701,K22699,,0.375,,,,,7.4612,,,
1702,K22719,,,0.679,,,,,2.7458,,
1703,K22736,,0.37072866676706495,0.6973567184546953,,,,28.219700000000003,53.797399999999996,,
1704,K22737,,,0.68,,,,,4.0911,,
1705,K22757,,,0.767,,,,,2.6161,,
1706,K22844,,,0.642,,,,,3.3315,,
1707,K22881,,0.3130979591867976,,,,,12.1295,,,
1708,K22894,,,0.739161247794402,,,,,10.0869,,
1709,K22900,,,0.6490465399716435,,,,,8.765,,
1710,K23262,,,0.6382752490042115,,,,,7.5322,,
1711,K23264,,0.326,0.6082032293585895,,,,6.4271,16.9435,,
1712,K23265,,0.365,0.6976383733809919,,,,7.2793,10.336500000000001,,
1713,K23356,,0.3528318850331821,0.7499635257205777,,,,27.842799999999997,10.1409,,
1714,K23424,,,0.526,,,,,2.9015,,
1715,K23536,,,0.663113993606563,,,,,21.000300000000003,,
1716,K23541,,,0.524,,,,,5.8164,,
1717,K23886,,0.385,0.6040899165161111,,,,9.6853,31.748599999999996,,
1718,K24104,,0.364,,,,,10.1184,,,
1719,K24105,,,0.616,,,,,2.6778,,
1720,K24131,,,0.6948579215984881,,,,,15.459400000000002,,
1721,K24410,,0.335,,,,,8.2593,,,
1722,K24450,,0.398,,,,,5.4579,,,
