,KEGG,GC_adj ,GC_adj Archaea,GC_adj Bacteria,GC_adj Duplodnaviria,GC_adj Eukaryota,GC_adjUnclassified,gene_counts ,gene_counts Archaea,gene_counts Bacteria,gene_counts Duplodnaviria,gene_counts Eukaryota,gene_countsUnclassified
0,K00031,,,0.65,,,,,,31.303,,,
1,K00033,,,0.6932022140494296,,,,,,21.7338,,,
2,K00053,,0.4732425646069576,0.666866157360516,,,,,12.648299999999999,45.6944,,,
3,K00054,0.469,0.481,,,,,5.9715,7.8363,,,,
4,K00067,,,0.6673463544221413,,,,,,21.7532,,,
5,K00075,,,0.6917788700218769,,,,,,29.890600000000003,,,
6,K00077,,,0.6811246716334071,,,,,,61.37229999999999,,,
7,K00082,,,0.721,,,,,,13.0125,,,
8,K00088,,0.412,0.718,,,,,4.9284,10.8091,,,
9,K00096,,0.464,0.659,,,,,4.9359,4.0196,,,
10,K00099,,,0.6750724136271762,,,,,,42.7083,,,
11,K00111,,,0.6968578606399487,,,,,,46.4929,,,
12,K00113,,,0.688,,,,,,5.7926,,,
13,K00122,,,0.649589099297563,,,,,,38.1347,,,
14,K00124,,,0.664,,,,,,8.1683,,,
15,K00127,,,0.7020000000000001,,,,,,3.4561,,,
16,K00134,,,0.635,,,,,,7.514,,,
17,K00145,,0.49,0.6759568921839151,,,,,9.6965,18.802,,,
18,K00163,,,0.6655541709665385,,,,,,89.32189999999999,,,
19,K00174,,,0.6563764539141912,,,,,,20.2469,,,
20,K00175,,0.509,0.6178584200074816,,,,,4.2107,36.8357,,,
21,K00180,,,0.6509999999999999,,,,,,2.6719,,,
22,K00200,,,0.6985640132233131,,,,,,19.569200000000002,,,
23,K00215,,,0.6826485747706843,,,,,,9.1004,,,
24,K00221,,,,,,0.6940000000000001,,,,,,4.121
25,K00228,,,0.6557842785075955,,,,,,10.007,,,
26,K00240,,,0.6552669751384765,,,,,,64.9094,,,
27,K00241,,0.482,0.619,,,0.634,,4.4715,3.0564,,,3.9033
28,K00242,,,0.6345760461918822,,,,,,6.7661999999999995,,,
29,K00249,,,0.6413906190721668,,,,,,19.5968,,,
30,K00254,,,0.6459999999999999,,,,,,4.4728,,,
31,K00259,,,0.6951471085952623,,,,,,24.9279,,,
32,K00263,,,0.696,,,,,,8.5446,,,
33,K00273,,,0.6559999999999999,,,,,,4.4589,,,
34,K00275,,0.475,0.710863248655113,,,,,4.6349,40.2268,,,
35,K00286,,,0.6724234163155316,,,,,,25.8914,,,
36,K00287,,,0.6920000000000001,,,,,,2.842,,,
37,K00297,,,0.6732848661512278,,,,,,21.1725,,,
38,K00304,,,0.6890000000000001,,,,,,5.9257,,,
39,K00311,,,0.589,,,,,,5.9571,,,
40,K00330,,,0.6049221550541766,,,,,,51.4546,,,
41,K00331,,,0.6401998400120367,,,,,,16.9947,,,
42,K00337,,,0.6259999999999999,,,,,,4.5255,,,
43,K00338,,,0.6686405541035416,,,,,,54.4745,,,
44,K00339,,,0.6671585478115052,,,,,,33.8656,,,
45,K00340,,0.40866717445615747,0.640606030762114,,,,,11.0869,53.2025,,,
46,K00343,,,0.6441493181896069,,,,,,11.258600000000001,,,
47,K00363,,,0.6836861762734259,,,,,,8.3555,,,
48,K00371,,,0.662,,,,,,13.3967,,,
49,K00374,,,0.645,,,,,,2.0019,,,
50,K00384,,,0.6850015021688597,,,,,,14.249199999999998,,,
51,K00389,,,0.636,,,,,,2.4855,,,
52,K00390,,0.4214543717953475,0.6742823475572259,,,,,10.8292,40.9001,,,
53,K00395,,,0.632,,,,,,10.474,,,
54,K00412,,,0.588,,,,,,6.8731,,,
55,K00413,,,0.6565790854107082,,,,,,10.212,,,
56,K00425,,,0.646003483625152,,,,,,151.5277,,,
57,K00426,,,0.7009964966657711,,,,,,48.0022,,,
58,K00428,,,0.5670000000000001,,,,,,2.803,,,
59,K00433,,,0.6426198220721663,,,,,,23.3104,,,
60,K00441,,,0.624,,,,,,4.3034,,,
61,K00448,,,0.6844274050108092,,,,,,8.5354,,,
62,K00450,,,0.738,,,,,,3.4157,,,
63,K00451,,,0.654257171600815,,,,,,110.34020000000001,,,
64,K00453,,,0.6594179018092371,,,,,,24.8194,,,
65,K00457,,,0.6462940237378497,,,,,,73.863,,,
66,K00459,,,0.6552183574063,,,,,,17.3205,,,
67,K00469,,,0.657,,,,,,3.8369,,,
68,K00481,,,0.619,,,,,,5.9463,,,
69,K00507,,,0.7012669748082199,,,,,,46.301,,,
70,K00518,,,0.6001534019407951,,,,,,13.7811,,,
71,K00525,,0.386,0.6486299063233173,,,,,3.8477,123.96700000000003,,,
72,K00540,,,0.6645468621897256,,,,,,55.419900000000005,,,
73,K00545,,0.35,0.67,,,,,6.8014,4.0721,,,
74,K00548,,0.42199999999999993,0.6534689414883789,,,,,3.9249,25.0771,,,
75,K00549,,,0.6465655697596656,,,,,,207.14919999999995,,,
76,K00554,,,0.6907716718177729,,,,,,32.665600000000005,,,
77,K00555,,0.4669487369985141,0.404,,,,,10.619499999999999,5.9112,,,
78,K00560,,,0.6559652348839489,,,,,,16.8574,,,
79,K00566,,,0.653,,,,,,5.3469,,,
80,K00567,,,0.6774383219519368,,,,,,8.466000000000001,,,
81,K00570,,,0.627,,,,,,2.6154,,,
82,K00573,,,0.688644128856008,,,,,,68.12809999999999,,,
83,K00574,,,0.7100936888112223,,,,,,29.2823,,,
84,K00575,,,0.7170000000000001,,,,,,7.6736,,,
85,K00588,,0.3728983164427643,0.6826814851740053,,,,,9.624600000000001,10.2429,,,
86,K00598,,,0.6884688670796576,,,,,,17.2636,,,
87,K00600,,0.4668482458416594,0.6774658808303281,,,,,12.8555,227.50700000000003,,,
88,K00602,,,0.6869651473604652,,,,,,67.4967,,,
89,K00605,,,0.657180613442789,,,,,,10.2643,,,
90,K00606,,0.4526491198054468,0.6420158953139432,,,,,10.7866,67.99210000000001,,,
91,K00609,,,0.6905795118009873,,,,,,15.6875,,,
92,K00611,,0.48299999999999993,0.596731515245327,,,,,3.7813,10.4665,,,
93,K00613,,,0.4729999999999999,,,,,,2.4667,,,
94,K00615,,,0.6608622045190258,,,,,,10.5872,,,
95,K00616,,,0.6333757679087623,,,,,,19.7142,,,
96,K00619,,,0.677,,,,,,4.3238,,,
97,K00620,,,0.701,,,,,,11.9932,,,
98,K00626,,,0.6981532579921876,,,,,,109.119,,,
99,K00635,,,0.7008621741851995,,,,,,65.988,,,
100,K00640,,,0.707837537346655,,,,,,31.1881,,,
101,K00641,,,0.6844222767355906,,,,,,82.32730000000001,,,
102,K00648,,,0.667,,,,,,5.8755,,,
103,K00655,,,0.680987899518151,,,0.762,,,48.3466,,,4.6868
104,K00657,,,0.6976399803846823,,,,,,9.2545,,,
105,K00661,,,0.639,,,,,,6.5866,,,
106,K00662,,,0.7124494988202327,,,,,,10.1811,,,
107,K00663,,,0.617,,,,,,2.1122,,,
108,K00677,,,0.6443519943821963,,,,,,16.4736,,,
109,K00683,,,0.6559999999999999,,,,,,3.8371,,,
110,K00684,,,0.583,,,,,,2.7632,,,
111,K00688,,,0.6868584076112267,,,,,,29.9782,,,
112,K00703,,,0.6444058690781049,,,,,,9.8117,,,
113,K00721,,,0.6889208306977137,,,,,,8.909699999999999,,,
114,K00728,,,0.6779999999999999,,,,,,3.6906,,,
115,K00729,,,0.727,,,,,,2.9053,,,
116,K00748,,,0.6657063563370179,,,,,,7.8984000000000005,,,
117,K00759,,,0.6696538075691041,,,,,,30.1002,,,
118,K00760,,,0.646778707114391,,,,,,96.3699,,,
119,K00762,,0.43167558438153975,0.6956647739558302,,,,,9.9694,9.3168,,,
120,K00763,,,0.6716664740428413,,,,,,24.4465,,,
121,K00764,,0.4805540750000984,0.6842105894865327,,,,,13.7789,119.52590000000001,,,
122,K00765,,0.401,0.6826326815454534,,,,,5.9715,41.6843,,,
123,K00766,,0.4155327637228758,0.7068258108096275,,,,,7.363099999999999,35.7966,,,
124,K00768,,,0.7259735460700529,,,,,,25.841299999999997,,,
125,K00772,,,0.665,,,,,,4.8396,,,
126,K00773,,,0.5962135089605471,,,,,,4.7225,,,
127,K00782,,,0.7126734538974343,,,,,,25.2389,,,
128,K00783,,,0.6643272185371906,,,,,,17.645000000000003,,,
129,K00784,,0.4778811717950053,0.6935506887394227,,,,,8.8824,55.566700000000004,,,
130,K00789,,0.47568963360185434,0.6907779342416538,,,,,8.9818,315.4742999999999,,,
131,K00790,,,0.6916398651378017,,,,,,24.1054,,,
132,K00791,,,0.6729999999999999,,,,,,3.8722,,,
133,K00793,,0.46552722840280014,0.6973939641602129,,,,,14.2638,28.8671,,,
134,K00794,,0.4356875804753166,0.7134732726061589,,,,,12.3979,60.9152,,,
135,K00796,,,0.743,,,,,,7.3591,,,
136,K00797,,,0.598946362773007,,,,,,19.7973,,,
137,K00798,,0.4709999999999999,0.7086456754161872,,,0.74,,8.8212,58.8343,,,2.5641
138,K00799,,,0.6345841969695728,,,,,,86.64069999999998,,,
139,K00800,,0.42300000000000004,0.7026211721308271,,,,,3.3426,16.8674,,,
140,K00809,,0.423,,,,,,7.8432,,,,
141,K00820,,,0.666053789617933,,,,,,85.6371,,,
142,K00826,,0.468,0.695,,,,,4.5395,4.2453,,,
143,K00831,,,0.642,,,,,,2.1169,,,
144,K00851,,,0.6813117514870138,,,,,,14.0794,,,
145,K00857,,,0.6764276099584046,,,,,,21.2669,,,
146,K00858,,0.34600000000000003,0.6896539810471124,,,,,4.6565,69.0721,,,
147,K00859,,,0.6706708963417782,,,,,,13.0235,,,
148,K00865,,,0.7242412105412976,,,0.7390000000000001,,,19.8826,,,1.9934
149,K00867,,,0.6236023851248321,,,,,,10.6882,,,
150,K00868,,,0.7269453306080356,,,,,,12.2395,,,
151,K00869,,0.399,,,,,,6.305,,,,
152,K00873,,,0.6857374908451418,,,,,,120.50890000000003,,,
153,K00876,,,0.6670415004092939,,,,,,8.8476,,,
154,K00878,,,0.73,,,,,,3.1972,,,
155,K00883,,,0.636,,,,,,3.1623,,,
156,K00886,,,0.716,,,,,,3.7288,,,
157,K00887,,,0.6238976311303254,,,,,,7.693899999999999,,,
158,K00906,,,0.6579999999999999,,,,,,4.4148,,,
159,K00912,,,0.665,,,,,,4.2615,,,
160,K00919,,,0.685,,,,,,3.6736,,,
161,K00925,,,0.6838623679410523,,,,,,21.4342,,,
162,K00926,,0.41410994778778853,0.6890610845700224,,,,,10.0256,23.438499999999998,,,
163,K00927,,0.4669411223497891,0.671107597889302,,,,,10.7409,77.0703,,,
164,K00928,,,0.629,,,,,,4.4616,,,
165,K00930,,,0.7190000000000001,,,,,,11.8035,,,
166,K00931,,,0.713,,,,,,15.8251,,,
167,K00936,,,0.6856467115508743,,,,,,13.3939,,,
168,K00937,,,0.6685066000339971,,,,,,27.767200000000003,,,
169,K00939,,,0.6606090661339387,,,,,,26.872500000000002,,,
170,K00940,,,0.6793191092012749,,,,,,34.658699999999996,,,
171,K00941,,,0.6890000000000001,,,,,,5.4587,,,
172,K00942,,,0.617,,,,,,5.6056,,,
173,K00943,,0.468,0.7128520106950568,,,,,7.8394,32.818200000000004,,,
174,K00945,,0.341,0.7096190422005858,,,0.757,,2.1335,27.748,,,3.0278
175,K00946,,,0.7207353580406611,,,,,,7.945399999999999,,,
176,K00948,,0.483,0.6505051598219336,,,,,5.2342,162.1726,,,
177,K00949,,,0.665,,,,,,4.0534,,,
178,K00950,,,0.7161140112236944,,,0.723,,,34.2453,,,2.1061
179,K00954,,,0.6389283119315196,,,,,,154.5647,,,
180,K00957,,,0.6704574636710094,,,,,,21.8084,,,
181,K00958,,0.369,0.6609428949297753,,,,,5.6,27.962699999999998,,,
182,K00962,,,0.667268442970479,,,,,,67.6656,,,
183,K00963,,,0.6481023139422118,,,,,,12.412600000000001,,,
184,K00969,,,0.6796748035461844,,,,,,36.619,,,
185,K00971,,,0.6747799438436163,,,,,,4.5863,,,
186,K00973,,,0.6778054286283238,,,,,,12.382,,,
187,K00978,,,0.654417605767522,,,,,,7.8278,,,
188,K00981,,,0.6751355358192468,,,,,,27.2269,,,
189,K00982,,,0.618,,,,,,1.9338,,,
190,K00986,,0.622,0.6203143292820777,,,,,2.6484,103.10520000000001,,,
191,K00989,,,0.7284207651893199,,,,,,44.331100000000006,,,
192,K00997,,,0.7051288616825189,,,,,,20.4667,,,
193,K01000,,,0.6225230629714662,,,,,,8.8193,,,
194,K01004,,,0.6592183585573099,,,,,,41.808600000000006,,,
195,K01005,,,0.6690190082808342,,,0.6305240647474206,,,91.24759999999999,,,8.8696
196,K01006,,0.507,0.6375796299081883,,,,,7.5702,10.058399999999999,,,
197,K01008,,,0.6774026059721483,,,,,,43.2228,,,
198,K01011,,0.365,0.71,,,,,7.0516,7.5161,,,
199,K01012,,,0.605,,,,,,3.0611,,,
200,K01023,,,0.605,,,,,,6.2738,,,
201,K01039,,,0.6843396602627113,,,,,,22.3804,,,
202,K01042,,,0.7019737622614619,,,,,,14.8826,,,
203,K01046,,,0.713,,,,,,3.0056,,,
204,K01047,,,0.55,,,,,,7.0591,,,
205,K01056,,,0.6920729008967833,,,,,,53.106399999999994,,,
206,K01057,,,0.7269719992442071,,,,,,7.110099999999999,,,
207,K01060,,,0.6509999999999999,,,,,,2.4705,,,
208,K01061,,0.39559490468776254,0.627517578846684,,,,,14.2561,43.4416,,,
209,K01066,,0.45,,,,,,5.8958,,,,
210,K01068,,,0.65,,,,,,4.3519,,,
211,K01069,,0.45299999999999996,0.6409999999999999,,,,,9.9777,5.9123,,,
212,K01070,,,0.6630171155962074,,,,,,22.9301,,,
213,K01077,,,0.677,,,,,,4.1677,,,
214,K01079,,0.45134549321958056,,,,,,15.9128,,,,
215,K01087,,,0.653,,,,,,7.3623,,,
216,K01091,,,0.6694084898059176,,,,,,10.830200000000001,,,
217,K01095,,,0.6851921082078782,,,,,,6.2709,,,
218,K01104,,,0.6683093433607835,,,,,,15.280000000000001,,,
219,K01113,,,0.6869787463456419,,,,,,49.43600000000001,,,
220,K01114,,,0.6121845227327104,,,,,,10.3559,,,
221,K01126,,,0.6782700456353393,,,,,,6.353400000000001,,,
222,K01129,,,0.6786134208288143,,,,,,76.80940000000001,,,
223,K01150,,,0.579,,,,,,1.8731,,,
224,K01151,,0.35,0.6855456343448549,,,,,2.4862,19.403799999999997,,,
225,K01159,,,0.7021483737877603,,,0.7259816540218065,,,46.344800000000006,,,7.064500000000001
226,K01170,,0.4275167165551319,,,,,,21.9277,,,,
227,K01173,,,0.6509999999999999,,,,,,2.9778,,,
228,K01174,,,0.6514559714034704,,,0.632,,,15.6364,,,4.5804
229,K01179,,,0.624,,,,,,5.636,,,
230,K01181,,,0.6912000056651695,,,,,,5.2056000000000004,,,
231,K01183,,,0.725,,,,,,5.2584,,,
232,K01185,,,0.678770622967387,0.579,,,,,6.1078,4.5231,,
233,K01194,,,0.711,,,,,,7.4583,,,
234,K01206,,,0.6145387978151099,,,,,,8.083499999999999,,,
235,K01207,,,0.72,,,,,,4.7995,,,
236,K01209,,,0.6444325378712795,,,,,,14.541400000000001,,,
237,K01218,,,0.6420000000000001,,,,,,5.251,,,
238,K01224,,,0.679,,,,,,2.7661,,,
239,K01233,,,0.625,,,,,,2.9581,,,
240,K01239,,,0.7252928648738505,,,,,,26.283199999999997,,,
241,K01241,,,0.6404894764420214,,,,,,15.0411,,,
242,K01246,,0.342,0.67779991548548,,,0.759,,3.9276,58.14190000000001,,,2.6416
243,K01247,,0.388,0.6824432006121303,,,,,3.3296,7.4613,,,
244,K01251,,0.4765825428535182,0.6667211515569493,,,,,33.987,161.7577,,,
245,K01255,,0.386,,,,,,2.7903,,,,
246,K01258,,,0.7090000000000001,,,,,,4.5585,,,
247,K01259,,,0.6776263013995085,,,,,,20.4024,,,
248,K01265,,0.46900000000000003,0.6877478640040356,,,,,7.863,73.9397,,,
249,K01266,,,0.6779067934361023,,,0.727,,,52.26690000000001,,,4.1746
250,K01273,,0.711,0.6455891024354125,,,,,3.7463,49.22579999999999,,,
251,K01283,,,0.6228975669477763,,,,,,8.7231,,,
252,K01286,,,0.6414460978271549,,,,,,10.6891,,,
253,K01295,,,0.6312087452376289,,,,,,5.771,,,
254,K01297,,,0.691268884666344,,,,,,24.3435,,,
255,K01299,,,0.695,,,,,,4.2764,,,
256,K01304,,,0.6629999999999999,,,,,,3.0709,,,
257,K01356,,,0.7057062248674061,,,,,,44.61130000000001,,,
258,K01358,,,0.643921735850239,,,,,,326.1913000000001,,,
259,K01372,,,0.5770000000000001,,,,,,2.544,,,
260,K01406,,,0.6271823690911641,,,0.458,,,61.87109999999999,,,6.1826
261,K01409,,0.47086393166029145,0.7087228238990332,,,,,15.707,39.6396,,,
262,K01419,,,0.6703569204841127,,,,,,20.7576,,,
263,K01423,,,0.69,,,,,,3.9625,,,
264,K01424,,0.43,0.596,,,,,5.222,2.0196,,,
265,K01425,,,0.6342901829722145,,,,,,11.0091,,,
266,K01426,,0.442,0.5660000000000001,,,,,3.969,4.2082,,,
267,K01432,,,0.669,,,,,,4.6256,,,
268,K01433,,0.433,0.6819490049931637,,,,,5.4233,12.6025,,,
269,K01443,,,0.7206932936487299,,,,,,15.7352,,,
270,K01447,,,0.6850419730205265,,,,,,16.9065,,,
271,K01448,,,0.6627404840930544,,,0.643,,,29.5548,,,4.5257
272,K01449,,,0.6619351086961129,,,,,,5.618,,,
273,K01455,,,0.6505712841855388,,,,,,47.778,,,
274,K01456,,0.382,,,,,,4.705,,,,
275,K01462,,,0.673641172777672,,,,,,117.7491,,,
276,K01465,,,0.68,,,,,,4.2751,,,
277,K01466,,,0.711,,,,,,4.9893,,,
278,K01470,,0.39417354708159813,0.6755911162588416,,,0.386,,12.4229,36.829800000000006,,,5.3285
279,K01476,,,0.7290000000000001,,,,,,5.0422,,,
280,K01477,,,0.7079371703138617,,,,,,25.342200000000002,,,
281,K01478,,,0.684350085702651,,,,,,5.6371,,,
282,K01480,,0.48499999999999993,0.6725922546238492,,,,,8.509,15.1418,,,
283,K01482,,,0.67,,,,,,5.0397,,,
284,K01483,,,0.7340000000000001,,,,,,2.0493,,,
285,K01485,,,0.677979745756284,,,,,,11.2514,,,
286,K01488,,,0.623,,,,,,4.056,,,
287,K01489,,,0.6687754209449737,,,,,,23.5931,,,
288,K01491,,0.674,,,,,,7.8645,,,,
289,K01493,,,0.6223594008440696,,,,,,16.968,,,
290,K01494,,,0.6361395481361168,,,,,,76.1711,,,
291,K01495,,0.373,0.6151642588014508,,,,,4.0561,79.75940000000001,,,
292,K01496,,,0.68092700951114,,,,,,24.6828,,,
293,K01497,,0.723,0.6843106781280193,,,,,5.6369,86.9616,,,
294,K01501,,,0.585,,,,,,6.5207,,,
295,K01507,,,0.6493815289659934,,,,,,57.089299999999994,,,
296,K01512,,0.6364208959687014,0.7099000265684897,,,,,9.8187,9.1391,,,
297,K01515,,,0.6478429238817995,,,,,,21.977899999999998,,,
298,K01518,,0.462,,,,,,5.7835,,,,
299,K01520,,,0.6566177661768158,,,,,,23.9473,,,
300,K01524,,,0.675,,,,,,6.0282,,,
301,K01551,,0.48076439025885326,0.665128311089865,,,,,19.724899999999998,76.8997,,,
302,K01554,,,0.6,,,,,,3.821,,,
303,K01555,,,0.7145351592581368,,,,,,24.736800000000002,,,
304,K01560,,,0.6589384045250642,,,,,,23.5371,,,
305,K01561,,,0.6546125077760653,,,,,,17.2839,,,
306,K01575,,,0.654,,,,,,4.2,,,
307,K01579,,,0.6868921738676986,,,,,,9.482099999999999,,,
308,K01588,,0.6247436293138416,0.7099181944028401,,,,,16.0375,7.9129,,,
309,K01589,,,0.6509999999999999,,,,,,3.8223,,,
310,K01593,,,0.703,,,,,,5.7469,,,
311,K01595,,,0.696249133861691,,,0.723122549617809,,,74.3213,,,6.6434
312,K01599,,0.65,0.701,,,,,5.6596,5.3846,,,
313,K01601,,,0.382,,,,,,4.5068,,,
314,K01602,,,0.669,,0.6859999999999999,,,,4.2717,,4.2108,
315,K01607,,,0.6477784835897444,,,0.721,,,104.13550000000001,,,4.5905
316,K01609,,,0.716,,,,,,7.0829,,,
317,K01610,,0.43209539062470004,0.656554735858635,,,,,20.2579,126.34829999999998,,,
318,K01611,,,0.5942867307296167,,,,,,17.4056,,,
319,K01613,,,0.6605963320449028,,,,,,9.9611,,,
320,K01619,,,0.6710178517055356,,,,,,73.8783,,,
321,K01620,,,0.6963519448492137,,,,,,53.486900000000006,,,
322,K01621,,,0.6758007285084786,,,,,,43.8728,,,
323,K01622,,0.45091578447129255,0.568531365636345,,,,,24.2241,5.743399999999999,,,
324,K01623,,,0.6638407015892507,,,,,,50.867200000000004,,,
325,K01624,,,0.6826402920730941,,,,,,28.914900000000003,,,
326,K01625,,,0.6964286437658558,,,,,,10.1188,,,
327,K01626,,,0.6881573715973925,,,,,,68.4383,,,
328,K01633,,,0.6975819369315278,,,,,,18.347099999999998,,,
329,K01637,,0.6729999999999999,0.6702966655535835,,,,,5.0431,22.2158,,,
330,K01638,,0.665,0.6546957452378915,,,,,3.2362,96.8201,,,
331,K01640,,,0.6975591250570191,,0.715,,,,51.784099999999995,,2.2208,
332,K01644,,0.381,0.6850344942228033,,,,,4.4313,24.527500000000003,,,
333,K01653,,0.349,0.6592018494337534,,,,,3.281,81.68700000000001,,,
334,K01658,,0.39100000000000007,0.643,,,,,4.6258,8.2593,,,
335,K01662,,,0.6920000000000001,,,,,,7.3359,,,
336,K01673,,,0.6376568728169495,,,,,,38.86,,,
337,K01686,,,0.686,,,,,,2.0942,,,
338,K01689,,0.4442767033352192,0.6735879939682554,,,,,22.8136,117.5176,,,
339,K01692,,0.4759999999999999,,,,,,7.0354,,,,
340,K01695,,0.4493135271138832,0.661267898233588,,,,,9.488900000000001,27.399700000000003,,,
341,K01698,,0.49977850571549,0.696293268278061,,,,,22.730700000000002,55.8806,,,
342,K01704,,0.39972451995704766,0.6474352439176994,,,,,14.749299999999998,24.8759,,,
343,K01711,,,0.66,,,,,,4.4584,,,
344,K01712,,,0.6709999999999999,,,,,,7.8323,,,
345,K01714,,,0.688,,,,,,5.6849,,,
346,K01715,,0.4759999999999999,,,,,,7.0354,,,,
347,K01719,,,0.7076790166555419,,,0.384,,,35.626,,,3.4966
348,K01724,,0.5203943593356327,0.6583295000811674,,,0.6660713684398648,,9.708,89.85479999999998,,,7.2623999999999995
349,K01728,,,0.629,,,,,,10.0372,,,
350,K01733,,0.46,0.6949892064515903,,,,,5.8425,40.206399999999995,,,
351,K01734,,,0.7075257827127059,,,,,,7.7614,,,
352,K01736,,0.4537142804498423,0.7075695112401047,,,,,9.998899999999999,29.597399999999997,,,
353,K01737,,0.34,0.6762088292221938,,,,,2.5472,65.5926,,,
354,K01740,,,0.629,,,,,,6.1343,,,
355,K01745,,,0.695,,,,,,4.8989,,,
356,K01749,,0.494,0.6398710301220097,,,,,7.0824,29.3806,,,
357,K01752,,,0.6828473150158398,,,,,,24.101899999999997,,,
358,K01754,,,0.6942766489907063,,,,,,12.5929,,,
359,K01755,,0.4590000000000001,0.6433548629091307,,,,,6.5197,65.8039,,,
360,K01756,,,0.7259999999999999,,,,,,9.4372,,,
361,K01759,,,0.6429003539186318,,,,,,35.616,,,
362,K01768,,,0.6670690199384497,,,,,,29.654100000000003,,,
363,K01772,,,0.7208033011612455,,,,,,28.104200000000002,,,
364,K01775,,,0.696277932873913,,,,,,47.03629999999999,,,
365,K01776,,0.453,0.6718368374405785,,,,,5.8587,73.6587,,,
366,K01778,,,0.7023403149059089,,,,,,31.8457,,,
367,K01784,,,0.652,,,,,,5.9052,,,
368,K01785,,,0.6646146706300182,,,,,,25.6365,,,
369,K01790,,,0.631,,,,,,5.0549,,,
370,K01795,,0.331,,,,,,5.3605,,,,
371,K01799,,,0.649,,,,,,7.5813,,,
372,K01800,,,0.6042411274014592,,,,,,5.1959,,,
373,K01802,,,0.68,,,,,,6.292,,,
374,K01803,,,0.6703321070161502,,,,,,36.547200000000004,,,
375,K01804,,,0.6940560374239743,,,,,,28.4306,,,
376,K01805,,,0.6906911536090357,,,,,,18.308300000000003,,,
377,K01807,,0.4197808322287488,0.7052480022276293,,,,,6.9381,21.325499999999998,,,
378,K01808,,,0.7115014466407464,,,,,,7.1375,,,
379,K01809,,,0.6885612652771976,,,,,,12.3149,,,
380,K01810,,,0.6596928783864766,,,,,,20.1426,,,
381,K01812,,,0.6629999999999999,,,,,,3.5632,,,
382,K01815,,,0.627,,,,,,3.2968,,,
383,K01816,,,0.6773510738648173,,,,,,16.7897,,,
384,K01820,,,0.6779999999999999,,,,,,5.0116,,,
385,K01821,,0.379129611152772,0.6480569911719001,,,0.517082283264959,,13.2073,13.0679,,,6.4304
386,K01823,,,0.711,,,,,,3.3672,,,
387,K01834,,,0.708,,,,,,4.7561,,,
388,K01838,,,0.674,,,,,,5.5766,,,
389,K01839,,,0.6789266750127578,,,,,,80.7647,,,
390,K01849,,0.44500000000000006,0.6947058065858107,,,,,5.5693,51.5034,,,
391,K01854,,,0.629533117079631,,,,,,29.7626,,,
392,K01858,,0.438,0.618,,,,,6.1623,19.3105,,,
393,K01866,,0.4448748674264068,0.6484654122257623,,,,,11.8061,44.911300000000004,,,
394,K01867,,,0.6715550597666804,,,,,,90.3942,,,
395,K01868,,0.4610000000000001,0.6651470037123899,,,,,7.0148,165.25130000000001,,,
396,K01872,,,0.6661310766731622,,,,,,65.336,,,
397,K01873,,,0.636,,,,,,7.9479,,,
398,K01874,,0.42,0.6491765847655758,,,,,5.3123,35.1288,,,
399,K01875,0.66,0.5172819429621242,0.6752246362747348,,,,3.5594,12.2037,140.61319999999998,,,
400,K01876,,,0.67,,,,,,5.9565,,,
401,K01880,,,0.6354233506306726,,,,,,17.490099999999998,,,
402,K01881,,0.4302310292917778,0.6645524967535877,,,,,8.3343,90.5538,,,
403,K01885,,,0.685,,,,,,3.3201,,,
404,K01887,,0.4058111862327991,0.6755648291061942,,,,,11.8347,80.8752,,,
405,K01889,,0.393,0.6729748494555804,,,,,4.5241,57.5009,,,
406,K01890,,0.378,0.6945401160750326,,,,,4.5996,53.203100000000006,,,
407,K01912,,,0.7133977620316314,,,,,,68.45870000000001,,,
408,K01915,,0.4291806739219181,0.6662220185165684,,,0.738,,27.7299,682.9419000000001,,,4.8412
409,K01918,,,0.6670000000000001,,,,,,6.4012,,,
410,K01919,,,0.6564134304207121,,,,,,13.0991,,,
411,K01920,,,0.6734971057790258,,,,,,10.0261,,,
412,K01921,,,0.6877121452123134,,,,,,65.2225,,,
413,K01923,,0.4234895416583604,0.6703310315992825,,,,,10.1356,47.6044,,,
414,K01924,,,0.657,,,,,,6.4473,,,
415,K01926,,,0.6663607593626117,,,,,,86.91229999999999,,,
416,K01933,,0.42199999999999993,0.6905395840631822,,,,,5.8362,38.438,,,
417,K01934,,,0.6021582329123155,,0.5720000000000001,0.6377845184612664,,,35.257,,7.2464,7.678100000000001
418,K01935,,0.43899999999999995,0.41999999999999993,,,,,5.8175,3.1828,,,
419,K01937,,0.4918825852169644,0.6707414868524009,,,,,6.788,234.49420000000003,,,
420,K01939,,0.397,0.677736251252718,,,,,4.3938,128.9882,,,
421,K01940,,0.4353800946498694,0.6666505860264547,,,,,16.7255,122.2021,,,
422,K01945,,,0.6819283686212679,,,,,,28.9813,,,
423,K01951,,0.4284492368056983,0.6775883021818795,,,,,20.573900000000002,177.51289999999997,,,
424,K01953,,0.49600000000000005,0.6881947617355828,,,,,4.7202,67.8,,,
425,K01962,,,0.706,,,,,,10.8028,,,
426,K01971,,,0.6788077071889443,,,,,,44.170500000000004,,,
427,K01972,,,0.6886547308948052,,,,,,186.93150000000006,,,
428,K01975,,0.418,0.7262936575918023,,,0.378,,6.5401,20.7765,,,5.7902
429,K01990,,0.491,0.7094151289655964,,,,,5.6095,32.6594,,,
430,K01994,,,0.579,,,,,,4.872,,,
431,K01997,,0.6809999999999999,0.6601229679840248,,,,,3.7612,45.843999999999994,,,
432,K01998,,,0.6785186352731818,,,,,,9.662600000000001,,,
433,K01999,,,0.638,,,,,,4.7396,,,
434,K02002,,,0.637939785249578,,,,,,36.5291,,,
435,K02003,,,0.647,,,,,,3.6225,,,
436,K02004,,0.419,0.6780725043517388,,,0.6907413604042324,,2.928,466.3611,,,9.220400000000001
437,K02005,,,0.6709999999999999,,,,,,6.9503,,,
438,K02007,,,0.7537717753037175,,,,,,8.5959,,,
439,K02015,,,0.7092786200347351,,,0.715,,,31.789,,,2.2247
440,K02016,,,0.679,,,,,,5.1408,,,
441,K02019,,,0.5770000000000001,,,,,,3.4383,,,
442,K02020,,,0.6662373418198486,,,,,,25.1529,,,
443,K02025,,,0.57,,,,,,4.4756,,,
444,K02026,,,0.6118069480896353,,,,,,8.3921,,,
445,K02028,,,0.6559999999999999,,,,,,13.0263,,,
446,K02029,,,0.6179056054041104,,,,,,24.8573,,,
447,K02030,,,0.6719147961006273,,,,,,33.9652,,,
448,K02033,,,0.6206773624923608,,,,,,36.609399999999994,,,
449,K02034,,,0.6512593863819293,,,,,,103.60970000000002,,,
450,K02036,,,0.6151433597129818,,,,,,12.3941,,,
451,K02037,,,0.638,,,,,,11.4324,,,
452,K02038,,,0.677,,,,,,9.9487,,,
453,K02039,,0.39285874322283176,0.6612711602687394,,,,,12.1973,44.1698,,,
454,K02040,,0.4395101609658817,0.6519762920064605,,,,,12.5841,67.25779999999997,,,
455,K02044,,0.438,0.569,,,,,7.6373,1.8893,,,
456,K02046,,,0.713,,,,,,4.9898,,,
457,K02050,,,0.6702926934014362,,,,,,74.9642,,,
458,K02051,,0.3886142984107702,0.6527025651264037,,,,,7.1682,28.2997,,,
459,K02054,,,0.628,,,,,,8.078,,,
460,K02066,,,0.6674916365017098,,,,,,101.15050000000001,,,
461,K02067,,,0.681563004963088,,,,,,37.1551,,,
462,K02073,,,0.66,,,,,,4.1048,,,
463,K02078,,,0.6196317840955138,,,0.6616973808772484,,,108.72200000000001,,,8.87
464,K02106,,,0.545,,,,,,4.4125,,,
465,K02107,,0.446,,,,,,4.3812,,,,
466,K02108,,,0.6304572435679977,,0.312,,,,20.9863,,4.6329,
467,K02109,,,0.69110460010758,,,0.6415641446387016,,,42.719899999999996,,,6.7036
468,K02110,,,0.6601502429674285,,0.39,,,,53.776599999999995,,4.6329,
469,K02111,,,0.6143077258885126,,,,,,15.9883,,,
470,K02113,,,0.6619669042147676,,0.6890000000000001,,,,84.833,,3.0829,
471,K02114,,,0.6965137897727094,,0.31200000000000006,,,,35.089400000000005,,4.3798,
472,K02116,,,0.6952115433157844,,,0.701,,,7.6552,,,2.7799
473,K02119,,0.444,,,,,,4.0846,,,,
474,K02121,,0.449,,,,,,5.2398,,,,
475,K02160,,,0.7053049030668783,,,,,,36.332300000000004,,,
476,K02171,,,0.6289573866937739,,,,,,9.518,,,
477,K02172,,,0.7154188282049683,,,,,,5.8096,,,
478,K02188,,0.478,0.6926745088878048,,,,,4.6139,24.0537,,,
479,K02189,,0.44379654270037533,,,,,,9.8077,,,,
480,K02194,,,0.6601122909185209,,,0.647,,,11.5534,,,4.4253
481,K02195,,,0.6809999999999999,,,,,,6.0678,,,
482,K02197,,,0.6644471461578987,,,,,,33.0857,,,
483,K02199,,,0.6669800901876607,,,,,,38.10509999999999,,,
484,K02200,,,0.6218759967932566,,,0.713,,,9.6164,,,4.4481
485,K02204,,,0.6784408419494696,,,,,,9.2823,,,
486,K02217,,0.38,0.5317414347746592,,,,,3.1702,11.6985,,,
487,K02221,,,0.6065383578469365,,,,,,53.7059,,,
488,K02224,,0.413575299947989,,,,,,18.2313,,,,
489,K02227,,0.44700000000000006,0.782,,,,,6.6919,4.5101,,,
490,K02231,,,0.7247177472297929,,,,,,6.0553,,,
491,K02233,,0.4489683420565616,,,,0.645,,12.0592,,,,3.2248
492,K02237,,,0.6718533911110715,,,,,,19.5785,,,
493,K02238,,,0.6810373431150133,,,0.6829999999999999,,,65.3481,,,4.5335
494,K02242,,,0.7020000000000002,,,,,,3.665,,,
495,K02257,,0.42700000000000016,0.7073915049130849,,,,,5.0833,28.3561,,,
496,K02258,,,0.6521882539558138,,,,,,13.3936,,,
497,K02259,,0.452,0.7035680391126432,,,,,3.0547,38.63020000000001,,,
498,K02275,,,0.7519999999999999,,,,,,3.3088,,,
499,K02276,,,0.6483392490601505,,,,,,21.0833,,,
500,K02277,,,0.637,,,0.631,,,6.4793,,,2.5648
501,K02279,,,0.6960249520303368,,,0.693,,,14.5756,,,2.1247
502,K02283,,,0.639,,,,,,3.815,,,
503,K02291,,,0.6638599352259553,,,,,,9.1976,,,
504,K02304,,,0.701,,,,,,17.7603,,,
505,K02313,,,0.651779766023878,,,,,,168.28,,,
506,K02314,,,0.662998452284394,,,,,,176.2304,,,
507,K02315,,,0.648,,,,,,9.9578,,,
508,K02316,,,0.6675638497291726,,,,,,81.29939999999999,,,
509,K02338,,,0.6595249904994733,,,,,,103.3933,,,
510,K02340,,,0.6594423315881368,,,,,,13.2239,,,
511,K02342,,,0.6773212593157211,,,0.645,,,29.2755,,,4.3128
512,K02343,,,0.6726245770266585,,,,,,28.697,,,
513,K02347,,0.487,0.645,,,,,5.2566,4.8555,,,
514,K02356,,,0.6589667771046568,,,,,,128.12230000000002,,,
515,K02357,,,0.6671781637282262,,,,,,60.099,,,
516,K02358,,,0.6408307570053982,,,,,,88.0821,,,
517,K02359,,0.43868597711650775,,,,,,11.0017,,,,
518,K02372,,,0.6404659763354493,,,,,,11.9209,,,
519,K02379,,,0.6582218146368966,,,,,,20.5665,,,
520,K02380,,,0.645,,,,,,2.3784,,,
521,K02393,,,0.627,,,,,,5.968,,,
522,K02405,,,0.6616338146243179,,,,,,30.9623,,,
523,K02406,,,0.654,,,,,,6.2714,,,
524,K02408,,,0.588,,,,,,4.6273,,,
525,K02410,,,0.7036877690201035,,,,,,11.3316,,,
526,K02418,,,0.6770072387426032,,,,,,7.4983,,,
527,K02420,,,0.6475204245406782,,,,,,8.9376,,,
528,K02422,,,0.672,,,,,,2.7606,,,
529,K02428,,,0.6888994119253415,,,,,,8.4584,,,
530,K02429,,,0.6759999999999999,,,,,,5.3831,,,
531,K02434,,,0.64,,,,,,6.9426,,,
532,K02435,,,0.6826343575417709,,,,,,25.6081,,,
533,K02437,,0.4744364325533623,0.5918593102963285,,,0.331,,14.9835,51.61399999999999,,,3.1405
534,K02448,,,0.652,,,,,,4.8619,,,
535,K02452,,,,,,0.637,,,,,,3.343
536,K02456,,,0.619,,,,,,3.8602,,,
537,K02460,,,0.564,,,0.7240000000000001,,,2.5553,,,4.5245
538,K02483,,,0.6428901155004539,,,,,,27.9141,,,
539,K02492,,0.426729681880149,0.7016327335467933,,,0.7446746525242471,,10.337299999999999,70.9203,,,12.5104
540,K02493,,,0.72,,,,,,4.0872,,,
541,K02500,,0.473,,,,,,6.1544,,,,
542,K02503,,0.479,0.6612804603819772,,,,,6.2836,38.3633,,,
543,K02510,,,0.6881588341242437,,,,,,18.0229,,,
544,K02518,,,0.6082258957532658,,,,,,70.7706,,,
545,K02519,,,0.6551709516141151,,,,,,30.502200000000002,,,
546,K02520,,,0.6381759982371368,,,,,,133.1787,,,
547,K02526,,,0.7070000000000001,,,,,,6.922,,,
548,K02536,,0.389,0.712,,,,,4.3009,2.1422,,,
549,K02556,,,0.6970000000000001,,,,,,4.2748,,,
550,K02563,,,0.627,,,,,,5.1758,,,
551,K02564,,,0.6684804950046475,,,,,,19.021,,,
552,K02600,0.578,0.41474240530978673,0.6764968527266678,,,,2.1327,12.7849,242.51730000000003,,,
553,K02601,,,0.64518603762347,,,,,,87.70519999999999,,,
554,K02609,,,0.6629457990987013,,,,,,44.9157,,,
555,K02610,,,0.669803771830799,,,,,,10.7712,,,
556,K02611,,,0.6960174331772991,,,,,,10.2851,,,
557,K02614,,,0.6373076771540486,,,,,,17.5736,,,
558,K02616,,,0.6770000000000002,,,,,,2.5336,,,
559,K02617,,,0.66,,,,,,3.8337,,,
560,K02626,,0.486,0.71707852726533,,,,,6.6806,12.4922,,,
561,K02634,,,0.302,,,,,,4.3514,,,
562,K02638,,0.513,0.77,,,,,4.973,3.712,,,
563,K02640,,,,,0.342,,,,,,3.4529,
564,K02650,,,0.6489758869317986,,,0.639,,,25.57,,,7.4272
565,K02651,,,0.648539147178781,,,0.6311412744700475,,,9.9414,,,5.4258
566,K02654,,,0.695,,,,,,4.7701,,,
567,K02656,,,0.644,,,,,,3.3318,,,
568,K02657,,,0.6409999999999999,,,,,,5.4612,,,
569,K02658,,,0.628,,,,,,5.4612,,,
570,K02659,,,0.7,,,,,,4.9339,,,
571,K02662,,,0.6,,,,,,2.9836,,,
572,K02664,,,0.6344313736908649,,,0.6025859990641086,,,9.3366,,,6.1563
573,K02671,,,,,,0.667,,,,,,5.2446
574,K02672,,,,,,0.575,,,,,,2.1903
575,K02687,,,0.7187830747078501,,,,,,20.108400000000003,,,
576,K02691,,,,,0.382,,,,,,4.3072,
577,K02697,,,,,0.315,,,,,,2.8977,
578,K02703,,,0.486,,0.409,,,,5.2953,,3.1069,
579,K02704,,,,,0.363,,,,,,4.4792,
580,K02707,,,0.333,,,,,,4.8765,,,
581,K02708,,,,,0.358,,,,,,4.8765,
582,K02710,,,,,,0.324,,,,,,4.9295
583,K02711,,,,,0.366,,,,,,4.8765,
584,K02724,,,0.339,,,,,,3.2869,,,
585,K02782,,,0.6819999999999999,,,,,,2.4008,,,
586,K02784,,,0.6708467726400784,,,,,,18.323600000000003,,,
587,K02793,,,0.6723827185465778,,,,,,10.8764,,,
588,K02800,,,0.6409999999999999,,,,,,3.281,,,
589,K02825,,,0.7043362484089364,,,,,,44.9377,,,
590,K02834,,,0.6616508762479689,,,,,,46.3353,,,
591,K02838,,,0.6528573963918911,,,,,,85.16859999999998,,,
592,K02860,,,0.6320144321576415,,,,,,22.4658,,,
593,K02863,,,0.6708529659801586,,,,,,94.23199999999999,,,
594,K02864,,,0.6737157689081404,,,,,,64.1863,,,
595,K02866,,0.46,,,,,,5.8657,,,,
596,K02867,,0.49099999999999994,0.6623292876802674,,,,,6.9435,136.3752,,,
597,K02869,,0.396,,,,,,2.9631,,,,
598,K02871,,,0.6457833896025754,,,,,,91.72060000000002,,,
599,K02874,,,0.6187450886746036,,,,,,49.3208,,,
600,K02876,,,0.6874434755340907,,,,,,82.6614,,,
601,K02877,,0.47100608037777036,,,,,,9.2092,,,,
602,K02878,,,0.6648549700868496,,,,,,127.8677,,,
603,K02879,,,0.701468104693284,,,,,,90.28340000000001,,,
604,K02881,,0.42787578853842734,0.6946322268023621,,,,,7.0722,80.37150000000001,,,
605,K02883,,0.466,,,,,,4.7064,,,,
606,K02884,,,0.674208038904383,,,,,,67.7987,,,
607,K02885,,0.4615228142059333,,,,,,9.0059,,,,
608,K02886,,,0.6942081370376055,,,,,,134.9546,,,
609,K02887,,,0.6505501732785306,,,,,,92.75580000000002,,,
610,K02888,,,0.6520226391369304,,,,,,79.11580000000001,,,
611,K02890,,,0.6890360492176589,,0.33,,,,91.6589,,4.1207,
612,K02892,,,0.6326997797765366,,,,,,61.906800000000004,,,
613,K02895,,,0.6640410594990943,,,,,,66.8304,,,
614,K02897,,,0.680795572398314,,,0.7163376854563661,,,58.869499999999995,,,21.4563
615,K02899,,,0.6895692219029904,,,,,,40.992599999999996,,,
616,K02902,,,0.6753934977773601,,,,,,36.2802,,,
617,K02904,,,0.6450285497204623,,,,,,95.88980000000001,,,
618,K02906,,,0.6923572366888566,,,,,,71.8412,,,
619,K02907,,,0.6436912241424902,,,0.667,,,40.5824,,,4.0566
620,K02909,,,0.6460521997510111,,,,,,47.027699999999996,,,
621,K02910,,0.4302884389904247,,,,,,12.8787,,,,
622,K02911,,,0.6656098951478446,,,,,,38.0711,,,
623,K02912,,0.4213661616860997,,,,,,7.4463,,,,
624,K02913,,,0.6033725444017604,,0.22699999999999998,,,,84.7995,,2.8977,
625,K02914,,,0.7478534956227496,,,,,,13.0373,,,
626,K02916,,,0.6543953837676774,,,,,,21.4591,,,
627,K02919,,,0.614,,,,,,3.4336,,,
628,K02926,,,0.7013479512991615,,,,,,48.03960000000001,,,
629,K02929,,0.373,,,,,,3.2646,,,,
630,K02931,,,0.6648418849393719,,,,,,135.2766,,,
631,K02933,,,0.6768128087276016,,,,,,56.16599999999999,,,
632,K02935,,,0.689592547898591,,,,,,88.8374,,,
633,K02936,,0.488,,,,,,6.5227,,,,
634,K02939,,,0.6900796929397314,,,,,,77.57579999999999,,,
635,K02945,,,0.6493234686475616,,,,,,139.8604,,,
636,K02946,,,0.6397694706075927,,,,,,102.99149999999999,,,
637,K02948,,,0.6813621090627758,,,,,,93.80789999999999,,,
638,K02950,,,0.6677217303803651,,,,,,146.3618,,,
639,K02952,,0.508,0.6672552852678852,,,,,5.1777,86.3698,,,
640,K02954,,,0.6647210864764127,,0.354,,,,71.7182,,2.3965,
641,K02956,,,0.6296726255214822,,,,,,68.0581,,,
642,K02959,,,0.6690512620047268,,,,,,64.4287,,,
643,K02961,,,0.6623956841284647,,,,,,48.659699999999994,,,
644,K02962,,0.39458900137300273,,,,,,16.9013,,,,
645,K02963,,,0.6417106975116057,,,,,,57.1678,,,
646,K02965,,,0.6389266405511628,,,,,,62.23859999999999,,,
647,K02966,,0.422504124226975,,,,,,15.124499999999998,,,,
648,K02967,,,0.633274740004475,,,,,,88.0301,,,
649,K02968,,,0.6931198010894635,,,0.6920000000000001,,,16.2202,,,3.6519
650,K02970,,,0.5883307972893276,,,,,,11.6471,,,
651,K02974,,0.456,,,,,,8.5303,,,,
652,K02975,,0.47492411612097707,,,,,,9.2975,,,,
653,K02979,,0.49568421729608225,,,,,,10.5854,,,,
654,K02982,,0.456,0.6652564243436488,,,,,3.2315,228.61749999999998,,,
655,K02984,,0.449,,,,,,4.7516,,,,
656,K02986,,,0.6403912556372447,,,,,,88.37439999999998,,,
657,K02987,,0.41,,,,,,4.5864,,,,
658,K02988,,0.4320000000000001,0.6526018218695689,,,,,4.5088,36.191900000000004,,,
659,K02990,,,0.6656194962539274,,,0.615,,,60.87049999999999,,,4.413
660,K02991,,0.4779999999999999,,,,,,6.1694,,,,
661,K02992,,0.453,0.6746812589763544,,,,,6.7884,123.7303,,,
662,K02994,,,0.6697513676792277,,0.336,,,,40.392300000000006,,4.7815,
663,K02995,,0.4320000000000001,,,,,,4.1053,,,,
664,K02996,,,0.6956382344277313,,,,,,74.21839999999999,,,
665,K03040,,,0.6504390650358882,,,,,,208.6252,,,
666,K03046,,,,,0.332,,,,,,5.6916,
667,K03047,,0.478,,,,,,6.8535,,,,
668,K03049,,0.446,,,,,,6.584,,,,
669,K03050,,0.43200000000000016,,,,,,7.3387,,,,
670,K03053,,0.396,,,,,,4.3618,,,,
671,K03058,,0.418150599267184,,,,,,7.881600000000001,,,,
672,K03060,,,0.643042170616117,,,0.7190000000000001,,,79.1756,,,1.9781
673,K03070,,,0.6188234724679261,,,,,,52.644,,,
674,K03071,,,0.6165376120476492,,,,,,5.408799999999999,,,
675,K03073,,,0.697466324198635,,,0.7376444619115274,,,31.8459,,,8.0082
676,K03075,,,0.6514738063602357,,,0.66,,,22.6113,,,9.2011
677,K03076,,,0.636,,,,,,6.0203,,,
678,K03077,,,0.6970000000000001,,,,,,6.684,,,
679,K03088,,0.735,0.6891504889122141,,0.767,0.6729999999999999,,6.2509,643.9317000000002,,3.3351,2.5891
680,K03089,,,0.631,,,,,,14.4206,,,
681,K03092,,,0.6491837428524003,,,,,,33.7653,,,
682,K03100,,,0.6361241718166207,,,,,,52.048199999999994,,,
683,K03101,,,0.6587482212842424,,,0.66,,,29.2811,,,5.5864
684,K03105,,0.41,,,,,,3.4561,,,,
685,K03106,,0.44,,,,,,4.3065,,,,
686,K03110,,,0.7070000000000001,,,,,,4.9458,,,
687,K03111,,,0.6227536743706215,,,,,,168.02289999999996,,,
688,K03113,,0.4096151517163346,,,,,,13.7777,,,,
689,K03116,,0.5063175209335534,0.6465441042233386,,,,,9.588000000000001,53.3116,,,
690,K03117,,,0.6340190414247592,,,,,,6.5166,,,
691,K03118,,0.434,0.6439140851334395,,,0.6203427977291003,,8.6935,68.8506,,,14.184999999999999
692,K03120,,0.4137746280789442,,,,,,9.500499999999999,,,,
693,K03124,,0.4030063837236573,,,,,,34.442499999999995,,,,
694,K03136,,0.4143672391251619,,,,,,13.669,,,,
695,K03147,,,0.6568001741293216,,,,,,163.33859999999999,,,
696,K03149,,,0.695748483574468,,,,,,20.467,,,
697,K03151,,,0.6509999999999999,,,,,,2.3753,,,
698,K03154,,,0.5957920289512099,,,0.7270273356317627,,,7.2233,,,8.0452
699,K03163,,0.46,,,,,,4.591,,,,
700,K03177,,,0.649,,,,,,4.6169,,,
701,K03186,,,0.7039396317270985,,,,,,18.4585,,,
702,K03187,,,0.73,,,0.47044771243983136,,,3.1203,,,6.1866
703,K03188,,0.43899999999999995,,,,,,3.9589,,,,
704,K03189,,0.4089999999999999,,,,,,5.746,,,,
705,K03190,,0.4472516902846904,,,,,,9.8704,,,,
706,K03197,,,0.72,,,,,,1.6937,,,
707,K03210,,,0.6429650135224922,,,0.6778167749501399,,,8.2725,,,8.6813
708,K03216,,,0.696,,,,,,5.6787,,,
709,K03217,,,0.6278147497492266,,,,,,45.450500000000005,,,
710,K03218,,,0.7104252316340416,,,,,,16.0554,,,
711,K03236,,0.4057942455342303,,,,,,7.842499999999999,,,,
712,K03238,,0.415,,,,,,3.8954,,,,
713,K03242,,0.469,,,,,,5.0398,,,,
714,K03263,,0.42700000000000005,,,,,,3.4239,,,,
715,K03264,,0.41,,,,,,4.9064,,,,
716,K03265,,0.4290265694783118,,,,,,16.049200000000003,,,,
717,K03269,,,0.6998057545621956,,,,,,8.511,,,
718,K03271,,,0.6864645600475461,,,,,,15.5774,,,
719,K03273,,,0.583,,,,,,2.8548,,,
720,K03282,,,0.6106597582103805,,,0.6556744253034988,,,16.8862,,,4.6487
721,K03284,,0.32299999999999995,0.650699549641005,,,,,4.5827,43.8797,,,
722,K03299,,,0.6663779822473848,,,,,,32.3039,,,
723,K03301,,,0.575309115558908,,,,,,5.6788,,,
724,K03303,,,0.6628351451534367,,,,,,35.995999999999995,,,
725,K03312,,,0.6829999999999999,,,,,,7.7552,,,
726,K03313,,0.5329999999999999,0.6871395465119031,,,,,4.2128,106.8113,,,
727,K03315,,,0.672,,,,,,2.1229,,,
728,K03320,,0.5237794206709183,0.6787681263021843,,,,,25.619699999999998,98.12429999999998,,,
729,K03325,,,0.6787115769701497,,,,,,9.761099999999999,,,
730,K03327,,,0.6509999999999999,,,,,,4.0589,,,
731,K03335,,,0.6464352099228784,,,,,,7.3208,,,
732,K03337,,,0.6265461813904697,,,,,,10.7151,,,
733,K03365,,,0.6936775545632277,,,,,,16.125500000000002,,,
734,K03386,,,0.539,,,,,,2.4004,,,
735,K03394,,0.45711658601629895,0.747,,,,,10.8172,2.0709,,,
736,K03402,,,0.7058400893360371,,,,,,16.613999999999997,,,
737,K03405,,,0.644,,,,,,4.5804,,,
738,K03406,,,0.6775946631186073,,,,,,35.4945,,,
739,K03408,,,0.606908597867811,,,,,,5.6162,,,
740,K03410,,,0.632,,,,,,2.5398,,,
741,K03411,,,0.733,,,,,,4.777,,,
742,K03413,,,0.6707403970398214,,,,,,13.9308,,,
743,K03424,,,0.6681727824492649,,,,,,16.2917,,,
744,K03426,,,0.6740263979881466,,,,,,6.7684999999999995,,,
745,K03427,,,0.615,,,,,,2.3099,,,
746,K03431,,,0.669,,,,,,5.0575,,,
747,K03432,,,0.6387019236263006,,,,,,11.912600000000001,,,
748,K03433,,0.48,0.715,,,,,4.8182,13.4962,,,
749,K03438,,,0.7016816361723708,,,0.679,,,46.506800000000005,,,4.3097
750,K03449,,,0.7046817116275986,,,,,,12.947,,,
751,K03455,,0.405833124943193,0.6609843965976336,,,,,39.7969,53.101400000000005,,,
752,K03457,,,0.6291305261757959,,,,,,7.8207,,,
753,K03464,,,,,,0.504,,,,,,9.0816
754,K03465,,,0.6463271021400392,,,,,,20.7817,,,
755,K03466,,,0.6762350729491166,,,,,,217.97379999999998,,,
756,K03469,,,0.6200750084231155,,,,,,20.2168,,,
757,K03470,,,0.6931244066655592,,,,,,41.1724,,,
758,K03474,,,0.6698541822523418,,,,,,8.3504,,,
759,K03478,,,0.6481692120892549,,,,,,27.2977,,,
760,K03495,,,0.6613945420401791,,,,,,7.8926,,,
761,K03496,,,0.6394512905054919,,,,,,113.82170000000004,,,
762,K03497,,0.42458831300504,0.6824971348781196,,,,,12.2305,55.2707,,,
763,K03498,,,0.6151452886980072,,,,,,60.5248,,,
764,K03501,,,0.6625977213634459,,,,,,16.8468,,,
765,K03517,,,0.621487479061349,,,,,,81.75890000000001,,,
766,K03518,,,0.625361325540448,,,,,,18.8489,,,
767,K03521,,0.404,0.6778394502198131,,,,,2.5962,57.0803,,,
768,K03522,,0.42708239316596786,0.6839388497665653,,,0.6518532783628586,,9.2662,179.67239999999998,,,6.374599999999999
769,K03523,,,0.6989907148095268,,,,,,25.7449,,,
770,K03524,,,0.7274351757070021,,,,,,11.087299999999999,,,
771,K03525,,,0.6822562305201977,,,,,,64.0643,,,
772,K03526,,,0.6770299605692144,,,,,,134.7032,,,
773,K03527,,,0.6763936776293412,,,,,,132.43579999999997,,,
774,K03528,,,0.669,,,,,,1.6718,,,
775,K03530,,,0.5972149355866647,,,,,,30.2974,,,
776,K03531,,,0.6774446920617543,,,,,,122.3405,,,
777,K03534,,,0.6539565555188288,,,,,,14.0694,,,
778,K03536,,,0.7462804731315734,,,0.728,,,16.1918,,,6.6143
779,K03538,,0.398,,,,,,8.8469,,,,
780,K03544,,,0.6372328181164093,,,,,,107.39920000000001,,,
781,K03545,,,0.6849581031921198,,,0.52,,,91.68229999999998,,,3.7648
782,K03547,,0.4494835835243982,0.676536654906349,,,,,11.0906,7.8362,,,
783,K03549,,,0.6049702239851505,,,,,,9.469,,,
784,K03550,,,0.70000347809393,,,,,,58.0517,,,
785,K03551,,,0.7055400892686466,,,,,,118.8852,,,
786,K03552,,0.45699999999999996,,,,,,7.5163,,,,
787,K03553,,,0.6670963330074262,,,,,,142.8579,,,
788,K03556,,,0.6374598529830758,,,,,,126.0472,,,
789,K03559,,,0.6409350750026337,,,,,,26.688,,,
790,K03561,,,0.6583230480956468,,,,,,26.825599999999998,,,
791,K03563,,,0.6260000000000001,,,,,,8.6112,,,
792,K03564,,,0.644,,,,,,3.9775,,,
793,K03565,,,0.6876712133849725,,,0.6809999999999999,,,9.0948,,,4.5921
794,K03568,,,0.735,,,,,,15.6189,,,
795,K03569,,,0.6557899900782718,,,,,,253.02450000000007,,,
796,K03570,,,0.6630628558549558,,,0.658160308913856,,,15.369299999999999,,,7.1843
797,K03571,,,0.6773118631252717,,,0.7240000000000001,,,15.2422,,,3.9586
798,K03574,,0.4261539303563715,0.6868018757193965,,,,,10.788499999999999,30.996999999999993,,,
799,K03575,,,0.7309855046558533,,,,,,6.3277,,,
800,K03584,,,0.7131461274389977,,,,,,71.8004,,,
801,K03586,,,,,,0.6908766001344385,,,,,,5.6482
802,K03587,,,0.669,,,,,,3.771,,,
803,K03589,,,0.6931812899060545,,,0.664,,,19.124599999999997,,,2.6912
804,K03590,,,0.6776371451676361,,,,,,27.5013,,,
805,K03593,,0.42689036113276174,0.6769791980033679,,,,,5.6898,38.0673,,,
806,K03594,,,0.6322273214041371,,,,,,20.047,,,
807,K03595,,,0.6485349600609223,,,,,,28.6396,,,
808,K03598,,,0.6509999999999999,,,,,,5.1398,,,
809,K03599,,,0.518,,,,,,2.1571,,,
810,K03601,,,0.7335414186078829,,,,,,42.60979999999999,,,
811,K03602,,,0.6551510999437242,,,,,,11.0185,,,
812,K03609,,,0.6759999999999999,,,,,,8.9812,,,
813,K03621,,,0.6589463500518723,,,,,,21.241400000000002,,,
814,K03622,,0.438,,,,,,6.042,,,,
815,K03624,,,0.66,,,,,,14.4798,,,
816,K03625,,,0.6742363418221631,,,,,,25.880699999999997,,,
817,K03627,,0.44200000000000006,,,,,,7.7952,,,,
818,K03628,,,0.6536040153167363,,,,,,161.32619999999997,,,
819,K03629,,,0.6736366941464944,,,,,,35.9715,,,
820,K03630,,,0.6242981835200253,,,,,,15.2967,,,
821,K03631,,,0.7160000000000001,,,,,,3.835,,,
822,K03634,,,0.6148631976164243,,,,,,5.5662,,,
823,K03635,,,0.6150803301925706,,,,,,26.804499999999997,,,
824,K03636,,,0.6746525157618698,,,0.6528574725557479,,,46.2755,,,8.4683
825,K03637,,,0.67319762852349,,,,,,42.114799999999995,,,
826,K03638,,,0.6551579831643597,,,,,,12.5658,,,
827,K03639,,0.399,0.6582997895258484,,,,,3.6063,64.2792,,,
828,K03640,,,0.6445618945782314,,,,,,16.7685,,,
829,K03641,,,0.6718778987201154,,,,,,21.4657,,,
830,K03642,,,0.6729954193314834,,,0.6402633935227048,,,32.106700000000004,,,12.8034
831,K03644,,0.49799999999999994,0.6780500267996051,,,,,4.0112,159.9551,,,
832,K03650,,,0.6980000000000001,,,,,,3.7476,,,
833,K03651,,,0.6771127317261989,,,,,,25.1923,,,
834,K03652,,0.4576938368111156,0.7087810863497854,,,,,14.7834,48.8755,,,
835,K03655,,,0.6454401686698624,,,,,,11.3915,,,
836,K03657,,,0.706,,,,,,7.0704,,,
837,K03664,,,0.6662774496005744,,,,,,42.515800000000006,,,
838,K03665,,0.4093252365201751,0.7051122538913767,,,,,16.23,91.40769999999999,,,
839,K03667,,,0.653,,,,,,6.4861,,,
840,K03668,,,0.6970000000000001,,,,,,2.8583,,,
841,K03670,,,0.684,,,,,,3.7871,,,
842,K03671,,0.44392674976161905,0.615724981207372,,,,,17.925900000000002,50.4005,,,
843,K03685,,,0.655,,,,,,4.1341,,,
844,K03687,,0.408,0.6684377396275458,,,0.71,,5.0684,40.359399999999994,,,4.2269
845,K03698,,,0.643,,,,,,4.9295,,,
846,K03701,,0.44286112031828306,0.6570907633758838,,,,,10.9969,48.0919,,,
847,K03702,,0.454,0.6202312067726771,,,,,7.5818,28.8581,,,
848,K03703,,,0.6544724281114935,,,,,,43.1942,,,
849,K03704,,,0.6189877904282781,,,,,,173.4184,,,
850,K03705,,,0.6898922932447918,,,0.695,,,74.6541,,,3.7
851,K03709,,0.4303851983046315,0.7026710102139637,,,,,12.637,68.387,,,
852,K03711,,,0.6559431560896225,,,,,,17.0031,,,
853,K03718,,0.4243934100673404,,,,,,12.2278,,,,
854,K03719,,,0.6729282359198875,,,,,,12.6451,,,
855,K03722,,,0.6681580068344206,,,,,,11.3793,,,
856,K03724,,0.411,0.7290000000000001,,,,,5.6405,8.8193,,,
857,K03734,,,0.725,,,,,,4.1462,,,
858,K03741,,,0.7120651609385599,,,,,,21.2302,,,
859,K03742,,,0.6729999999999999,,,,,,8.0728,,,
860,K03743,,,0.727,,,,,,4.6732,,,
861,K03744,,,0.6447755671784356,,,,,,40.177800000000005,,,
862,K03750,,,0.707225073164291,,,,,,45.741,,,
863,K03752,,,0.6688759183585608,,,,,,5.0598,,,
864,K03768,,,0.628,,,,,,4.5959,,,
865,K03781,,,0.6087304589173881,,,,,,63.3066,,,
866,K03783,,,0.6609086843678307,,,,,,14.8872,,,
867,K03786,,,0.6495414945654822,,,,,,12.8152,,,
868,K03787,,,0.666927640925855,,,,,,28.419,,,
869,K03789,,,0.6768785027748879,,,,,,47.14560000000001,,,
870,K03790,,,0.5639941184697396,,,,,,18.238599999999998,,,
871,K03793,,,0.69,,,,,,4.5505,,,
872,K03795,,,0.640140972909081,,,,,,12.9314,,,
873,K03797,,,0.6539346375577144,,,0.6759999999999999,,,59.065799999999996,,,4.7554
874,K03799,,,0.6667522433828887,,,,,,71.0498,,,
875,K03801,,,0.735,,,,,,4.493,,,
876,K03808,,,0.7,,,,,,2.1732,,,
877,K03809,,,0.6731950120552239,,,,,,27.7596,,,
878,K03814,,,0.662,,,,,,5.0784,,,
879,K03820,,,0.6472247150929092,,,,,,8.828100000000001,,,
880,K03821,,,0.6163794297033444,,,,,,79.4433,,,
881,K03824,,,0.5429999999999999,,,,,,3.8632,,,
882,K03825,,,0.6869524235402419,,,,,,19.088,,,
883,K03829,,,0.657,,,,,,3.685,,,
884,K03832,,,0.6438919438871948,,,0.6582478800421531,,,20.0038,,,12.9271
885,K03841,,,0.6552509549191824,,,,,,13.3072,,,
886,K03885,,,0.660229723531589,,,,,,15.412099999999999,,,
887,K03892,,,0.6957549920072013,,,,,,41.921600000000005,,,
888,K03921,,,0.6464733348978793,,,,,,18.3206,,,
889,K03924,,0.6480000000000001,0.6858949284982784,,,,,2.9533,217.9039,,,
890,K03925,,,0.6901879978059766,,,0.688,,,66.5549,,,2.9006
891,K03926,,0.3921781311995707,0.698,,,0.735,,15.651400000000002,2.5211,,,4.6722
892,K03928,,,0.6851717182072722,,,,,,15.8439,,,
893,K03969,,,0.6602360849624025,,,,,,55.82789999999999,,,
894,K03973,,,0.7319444711863985,,,0.7585434141303007,,,25.0218,,,24.709100000000003
895,K03975,,,0.6636079373253115,,,0.6381266934055981,,,77.4829,,,10.3951
896,K03978,,,0.6622661710433331,,,,,,8.2393,,,
897,K03979,,,0.6924791695417589,,,,,,36.193599999999996,,,
898,K03980,,,0.6609999999999999,,,,,,6.9141,,,
899,K04028,,,0.674,,,,,,4.1862,,,
900,K04037,,,,,0.321,,,,,,4.7143,
901,K04047,,0.452,0.504744910819374,,,,,4.4186,10.5891,,,
902,K04062,,,0.539,,,0.645,,,2.4948,,,3.6917
903,K04063,,,0.682774235795177,,,,,,9.9513,,,
904,K04065,,,0.6681473978018116,,,,,,19.9308,,,
905,K04066,,,0.7169916571874972,,,,,,50.53750000000001,,,
906,K04069,,0.3720000000000001,0.617,,,,,5.8732,2.9075,,,
907,K04070,,,0.698,,,,,,4.883,,,
908,K04074,,,0.6613942295559144,,,0.6650240461162127,,,34.4161,,,10.6492
909,K04075,,,0.6953037833549338,,,,,,23.1235,,,
910,K04077,,,0.66398690302912,,,,,,444.04930000000013,,,
911,K04078,,,0.6467144972951885,,,0.7190000000000001,,,183.24329999999998,,,5.4322
912,K04080,,,0.618,,,,,,3.7571,,,
913,K04083,,,0.618,,,,,,2.5593,,,
914,K04085,,0.425,0.594,,,,,4.0301,2.0734,,,
915,K04087,,,0.6168408938901707,,,,,,12.2044,,,
916,K04088,,,0.6511403013797025,,,,,,10.591,,,
917,K04096,,,0.7091244801743316,,,0.7609999999999999,,,51.5622,,,3.37
918,K04343,,,0.7323635524256505,,,,,,10.6922,,,
919,K04485,,,0.705958937619643,,,,,,112.10680000000002,,,
920,K04486,,,0.7057297838001318,,,,,,12.934099999999999,,,
921,K04488,,0.429,0.6425699297477362,,,,,4.0757,13.4912,,,
922,K04561,,,0.648063116697067,,,,,,43.0777,,,
923,K04564,,0.41956856534823167,0.6505389359572576,,,0.667,,16.304,117.77399999999997,,,3.9367
924,K04567,,,0.6405779343374708,,,,,,10.61,,,
925,K04651,,,0.6885100154820812,,,0.6859562512659573,,,6.8298,,,7.2166999999999994
926,K04652,,,0.6351572159696416,,,,,,27.1222,,,
927,K04653,,,0.6256969260940684,,,,,,21.3714,,,
928,K04654,,,0.6680359310289959,,,,,,54.8942,,,
929,K04655,,,0.6881118638283845,,,,,,13.5816,,,
930,K04656,,,0.6963575357063594,,,,,,41.35960000000001,,,
931,K04719,,0.37100000000000005,,,,,,4.8136,,,,
932,K04744,,,0.6789919609550051,,,,,,14.1855,,,
933,K04749,,,0.6501125026711317,,,0.583,,,72.73299999999999,,,8.8271
934,K04750,,0.5101339633358233,0.5705012641961122,,,,,22.5205,79.04820000000001,,,
935,K04751,,,0.627227958427579,,,,,,50.4144,,,
936,K04752,,,0.6310000000000001,,,,,,9.8397,,,
937,K04754,,,0.6379598657618358,,,,,,5.241,,,
938,K04755,,,0.6459999999999999,,,,,,3.8926,,,
939,K04756,,,0.664,,,,,,2.0317,,,
940,K04757,,,0.7090410418410333,,,0.6987286197357144,,,41.180400000000006,,,11.125499999999999
941,K04758,,,0.745,,,,,,4.9679,,,
942,K04759,,,0.6903698006111213,,,,,,12.9359,,,
943,K04760,,,0.649,,,,,,13.9845,,,
944,K04762,,,0.7205991835252262,,,0.748,,,24.176299999999998,,,3.8428
945,K04763,,,0.6888753860518209,,,,,,20.1094,,,
946,K04767,,,0.6475708636256351,,,,,,36.8873,,,
947,K04771,,0.39499999999999996,,,,,,5.3676,,,,
948,K04773,,,0.6509999999999999,,,,,,6.5828,,,
949,K04794,,0.4789999999999999,,,,0.524,,4.2703,,,,2.5274
950,K04796,,0.42890519682887185,,,,,,11.5671,,,,
951,K04798,,0.4553188123343215,,,,,,12.951,,,,
952,K04799,,0.363,,,,,,6.8485,,,,
953,K04802,,0.462,,,,,,6.8508,,,,
954,K05337,,,0.6926106649612568,,,0.7070000000000001,,,27.807699999999997,,,2.8605
955,K05520,,,0.6619116145551901,,,,,,12.7213,,,
956,K05524,,,0.5843904003048563,,,,,,63.1759,,,
957,K05555,,,0.6704420275675714,,,,,,9.3974,,,
958,K05558,,,0.6559999999999999,,,,,,1.4679,,,
959,K05567,,,0.6579999999999999,,,,,,6.3672,,,
960,K05581,,,0.327,,,,,,3.4369,,,
961,K05582,,,,,0.31,,,,,,4.0017,
962,K05589,,,0.588,,,,,,1.9933,,,
963,K05595,,0.40819695549070395,0.6859999999999999,,,,,11.4668,4.2944,,,
964,K05606,,,0.6502843340746686,,,,,,45.322199999999995,,,
965,K05710,,0.396,0.6675005572103444,,,,,5.5414,26.378800000000002,,,
966,K05770,,,0.599889868887778,,,0.5720000000000001,,,9.7188,,,3.8924
967,K05773,,,0.696,,,,,,3.5537,,,
968,K05782,,,0.614,,,,,,2.8806,,,
969,K05786,,,0.7340000000000001,,,,,,4.4372,,,
970,K05788,,,0.5922270010572673,,,,,,13.0745,,,
971,K05794,,0.39317423939795304,0.6129088032469074,,,,,13.3991,24.3724,,,
972,K05799,,,0.6842451549995071,,,,,,23.5823,,,
973,K05800,,,0.58,,,,,,3.642,,,
974,K05805,,,0.594,,,,,,3.8583,,,
975,K05807,,,0.6033163238319151,,,,,,13.687399999999998,,,
976,K05808,,,0.6355358124856485,,,,,,8.2453,,,
977,K05810,,,0.6871813857684026,,,,,,14.741,,,
978,K05827,,0.447,,,,,,3.431,,,,
979,K05828,,0.42299999999999993,,,,,,7.1536,,,,
980,K05838,,,0.6992019345759982,,,,,,9.0543,,,
981,K05845,,,0.6612276069065066,,,,,,65.7128,,,
982,K05846,,,0.6590777205553511,,,,,,19.5304,,,
983,K05873,,,0.701,,,,,,2.7819,,,
984,K05879,,,0.6740498364294506,,,,,,8.2812,,,
985,K05881,,,0.679,,,,,,6.9266,,,
986,K05896,,0.384,0.6992643059891744,,,,,6.5019,66.0102,,,
987,K05913,,,0.6515765408433217,,0.6570000000000001,,,,50.5855,,2.8701,
988,K05947,,0.407,,,,,,4.4383,,,,
989,K05979,,,0.6768348835493638,,,0.7240000000000001,,,21.4805,,,5.7255
990,K05989,,,0.6509999999999998,,,,,,3.6975,,,
991,K05995,,,0.6977123423901581,,,,,,17.6621,,,
992,K06001,,,0.652,,,,,,4.7459,,,
993,K06006,,,,,,0.7197776692452498,,,,,,6.392200000000001
994,K06013,,,0.7010717763215283,,,,,,6.664300000000001,,,
995,K06015,,,0.6545405424943741,,,,,,15.368500000000001,,,
996,K06019,,,0.672,,,,,,5.6923,,,
997,K06023,,,0.665780461491415,,,,,,13.161,,,
998,K06024,,0.3720000000000001,0.7242469161551173,,,,,4.1053,54.122699999999995,,,
999,K06041,,,0.6976519667093167,,,,,,6.3875,,,
1000,K06042,,0.45000000000000007,0.6963287876860226,,,,,5.8759,20.6355,,,
1001,K06048,,,0.6776893023154407,,,,,,190.206,,,
1002,K06076,,,,,,0.7020000000000002,,,,,,4.7408
1003,K06077,,,0.6944776423188986,,,,,,6.8551,,,
1004,K06113,,,0.6920000000000001,,,,,,3.8861,,,
1005,K06118,,,0.618,,,,,,6.7552,,,
1006,K06131,,,0.6555340978393169,,,,,,12.6919,,,
1007,K06133,,,0.57,,,,,,4.5326,,,
1008,K06136,,,0.669,,,,,,6.3148,,,
1009,K06137,,0.4403735375327744,0.6958307337188994,,,,,8.5685,31.137700000000002,,,
1010,K06140,,,0.5843207400491118,,,,,,5.9814,,,
1011,K06142,,,0.481,,,0.6859999999999999,,,1.8178,,,7.0196
1012,K06152,,,0.637987145586457,,,,,,29.941000000000003,,,
1013,K06153,,,0.6805096290384731,,,,,,77.6851,,,
1014,K06167,,,0.6629999999999999,,,,,,2.9515,,,
1015,K06174,,0.443,,,,,,5.3843,,,,
1016,K06176,,0.495,,,,,,6.1511,,,,
1017,K06187,,,0.6864259478804421,,,,,,80.59020000000001,,,
1018,K06190,,,0.7040000000000001,,,,,,1.6897,,,
1019,K06196,,,0.6744142593958466,,,,,,13.391399999999999,,,
1020,K06197,,0.467,0.6070007669726311,,,,,6.9745,12.3169,,,
1021,K06199,,,0.687,,,0.51,,,5.666,,,4.0865
1022,K06200,,,0.6657377510957241,,,,,,36.174,,,
1023,K06204,,,0.6501356313395078,,,,,,47.434,,,
1024,K06207,,,0.672,,,,,,6.4619,,,
1025,K06208,,,0.6895510812981286,,,,,,27.4855,,,
1026,K06213,,,0.6375043573647833,,,,,,39.8444,,,
1027,K06215,0.684,0.46993742919349546,0.6943435772499873,,,,3.6903,17.4194,118.4556,,,
1028,K06217,,,0.6449481960347851,,,,,,80.9128,,,
1029,K06223,,,0.3772701447737728,,,,,,14.7973,,,
1030,K06287,,,0.7273192669591019,,,,,,13.0859,,,
1031,K06317,,,,,,0.608,,,,,,2.6286
1032,K06346,,,0.6846266159959544,,,,,,28.5233,,,
1033,K06378,,,0.657,,,0.583,,,8.2641,,,8.8271
1034,K06381,,,0.6898533397110236,,,,,,23.5412,,,
1035,K06384,,,0.6970000000000001,,,,,,2.5833,,,
1036,K06400,,,0.6058798023029817,,,,,,8.3049,,,
1037,K06402,,,0.6549507932645671,,,,,,19.267200000000003,,,
1038,K06413,,,0.6810800850036882,,,,,,30.331599999999998,,,
1039,K06442,,,0.7187502134373094,,,0.7759999999999999,,,47.4443,,,2.1596
1040,K06859,,,0.6940000000000001,,,,,,6.6501,,,
1041,K06861,,,0.654,,,,,,3.7067,,,
1042,K06862,,,0.667,,,,,,8.5476,,,
1043,K06863,,0.3720000000000001,0.365,,,,,5.8129,5.2039,,,
1044,K06864,,0.4486615941559354,0.6662949130773484,,,,,8.846599999999999,28.736199999999997,,,
1045,K06867,,,0.6951625070972148,,0.7440000000000002,,,,6.2413,,2.7404,
1046,K06869,,0.413,,,,,,4.043,,,,
1047,K06872,,,0.6759999999999999,,,,,,3.4903,,,
1048,K06875,,0.4662801061595463,,,,,,8.8946,,,,
1049,K06877,,,0.693,,,,,,8.6607,,,
1050,K06878,,,0.6752693546527797,,,,,,15.997800000000002,,,
1051,K06880,,,0.679,,,,,,4.1499,,,
1052,K06881,,,0.579,,,,,,2.2759,,,
1053,K06884,,0.509,0.6868707935140369,,0.677,,,7.4915,11.4374,,6.084,
1054,K06886,,,0.6275993307200839,,,,,,27.0434,,,
1055,K06888,,0.41660652651285957,0.6866197163491731,,,,,20.2821,84.067,,,
1056,K06890,,,0.626,,,,,,6.574,,,
1057,K06891,,,0.6095983211752455,,,,,,32.610299999999995,,,
1058,K06893,,0.53,0.6261730977105092,,,0.5617775234372453,,5.2143,37.4015,,,35.7304
1059,K06897,,0.41594320592829553,0.6905602499099259,,,,,8.952200000000001,15.4108,,,
1060,K06898,,0.512,0.7040000000000001,,,,,3.1697,6.4317,,,
1061,K06901,,,0.6650446940029869,,,,,,28.953899999999997,,,
1062,K06902,,,0.671,,,,,,9.1295,,,
1063,K06907,,,0.69,,,,,,10.481,,,
1064,K06911,,,0.663995198167778,,,0.6324649234671891,,,42.683499999999995,,,8.2006
1065,K06915,,0.519,0.6490364661124916,,,,,6.0829,23.2865,,,
1066,K06917,,,0.639,,,,,,4.0971,,,
1067,K06920,,0.42378802075603683,,,,,,8.049,,,,
1068,K06923,,,0.6677591390510628,,,,,,28.478300000000004,,,
1069,K06925,,,0.6904821056613549,,,,,,27.763699999999996,,,
1070,K06926,,,0.6779999999999999,,,,,,3.4262,,,
1071,K06927,,,,,0.378,,,,,,2.8392,
1072,K06928,,,0.6719526672490147,,,,,,8.5892,,,
1073,K06929,,0.3784734513815616,0.6145610222271107,,,,,20.7175,23.3184,,,
1074,K06932,,0.417,,,,,,4.7434,,,,
1075,K06934,,,0.5960400026117708,,,,,,13.769100000000002,,,
1076,K06937,,0.43998321842598015,,,,,,24.510799999999996,,,,
1077,K06940,,0.4271273648561408,,,,,,11.5114,,,,
1078,K06941,,,0.6882020400637598,,,,,,109.8694,,,
1079,K06945,,,0.6778966446592796,,,,,,31.982599999999998,,,
1080,K06949,,,0.7409415248529329,,,,,,12.6127,,,
1081,K06953,,0.47500000000000003,,,,,,4.5401,,,,
1082,K06958,,,0.6733228320894148,,,,,,23.8784,,,
1083,K06960,,,0.6858985971283258,,,,,,37.8291,,,
1084,K06963,,0.4442749002290211,,,,,,13.013,,,,
1085,K06973,,,0.6617674617641175,,,,,,36.715900000000005,,,
1086,K06974,,,0.3460000000000001,,,,,,8.2893,,,
1087,K06975,,,0.6559999999999999,,,0.6784696728358096,,,5.0232,,,4.0881
1088,K06976,,,0.7252763928912836,,,,,,8.9036,,,
1089,K06982,,0.4405733459295697,,,,,,11.736,,,,
1090,K06985,,,0.677,,,,,,2.9235,,,
1091,K06987,,,0.6729999999999999,,,,,,1.9211,,,
1092,K06988,,0.433,0.5294321922703776,,,,,4.9955,8.645800000000001,,,
1093,K06989,,0.469,,,,,,5.2988,,,,
1094,K06991,,,0.7170000000000001,,,,,,3.3661,,,
1095,K06994,,,0.6982005407439702,,,,,,28.999899999999997,,,
1096,K06996,,0.3720000000000001,0.6783955229160334,,,0.7086594046524861,,5.5707,56.9653,,,13.626
1097,K06997,,,0.6697841930399626,,,,,,52.4111,,,
1098,K06998,,0.662,0.6921478732859868,,,,,5.8071,22.8515,,,
1099,K06999,,,0.5913452320420767,,,,,,18.3319,,,
1100,K07001,,,0.6999850085412672,,0.736,,,,8.9025,,2.799,
1101,K07004,,,0.7215515123300883,,,,,,13.3035,,,
1102,K07005,,0.335,0.6796857169453872,,,0.68,,6.4704,5.7021,,,2.1504
1103,K07009,,,0.6855121411249112,,,,,,43.9244,,,
1104,K07010,,,0.6871569732660789,,,,,,55.3125,,,
1105,K07018,,,0.6598468137623793,,,,,,10.7673,,,
1106,K07020,,,0.6902465083593374,,,,,,24.171499999999998,,,
1107,K07023,,,0.687,,,0.36099999999999993,,,4.8856,,,5.8983
1108,K07025,,,0.7040000000000001,,,,,,5.3642,,,
1109,K07026,,,,,,0.35700000000000004,,,,,,6.0128
1110,K07029,,0.37900000000000006,0.6696609256695835,,,,,3.704,42.8447,,,
1111,K07030,,,0.6886091248864007,,,,,,21.6813,,,
1112,K07032,,,0.6216633389197997,,,,,,35.6941,,,
1113,K07034,,,0.68,,,,,,6.2104,,,
1114,K07037,,,0.545,,,,,,1.6077,,,
1115,K07038,,0.484,0.6748144489032739,,,,,2.4357,11.676599999999999,,,
1116,K07039,,,0.732,,,,,,5.2662,,,
1117,K07040,,,0.6828669996046584,,,0.6847416412405164,,,37.9567,,,10.0716
1118,K07042,,,0.6806396725861251,,,,,,63.426500000000004,,,
1119,K07046,,,0.5878196679166782,,,,,,17.807000000000002,,,
1120,K07051,,0.4709999999999999,0.6495180839743516,,,,,3.15,10.1933,,,
1121,K07052,,0.5252096363021712,0.6466061865866884,,,0.6609442188767378,,20.3006,62.1909,,,7.2186
1122,K07053,,,0.6865414665353806,,,,,,18.031599999999997,,,
1123,K07054,,,0.6777314552147132,,,,,,62.416399999999996,,,
1124,K07056,,,0.7706760776333307,,,,,,7.7075,,,
1125,K07057,,,0.71,,,,,,4.9441,,,
1126,K07058,,,0.6408209300524327,,,0.6422180875926624,,,197.96590000000003,,,51.358700000000006
1127,K07063,,,0.512,,,0.511,,,7.0629,,,10.288
1128,K07064,,,0.6816338166162326,,,,,,4.6916,,,
1129,K07065,,,0.7190000000000001,,,0.417,,,2.9517,,,8.2014
1130,K07068,,,0.6839378339235466,,,,,,54.6179,,,
1131,K07071,,,0.6945044394900868,,,,,,27.816999999999997,,,
1132,K07074,,,0.7410000000000001,,,,,,2.8659,,,
1133,K07076,,,0.6890000000000001,,,,,,4.2083,,,
1134,K07079,,,0.624,,,,,,5.4498,,,
1135,K07080,,,0.6453237006505802,,,0.71,,,33.5256,,,4.2495
1136,K07082,,,0.6488018135546519,,,0.716,,,51.8242,,,5.8702
1137,K07089,,,0.6829999999999999,,,,,,2.7088,,,
1138,K07090,,0.452,0.6436577922428282,,,0.5586038542699449,,4.5473,109.91799999999999,,,31.6544
1139,K07092,,,0.648,,,,,,2.451,,,
1140,K07093,,,0.6672442045837448,,,,,,45.5524,,,
1141,K07095,,0.36687886084126364,0.7240000000000001,,,,,7.9475999999999996,4.2784,,,
1142,K07096,,,0.6351267614926468,,,,,,13.802,,,
1143,K07098,,,0.6830143502406978,,,,,,22.373900000000003,,,
1144,K07100,,0.4379445441275968,0.621867668004427,,,,,12.3561,76.81930000000001,,,
1145,K07104,,,0.6323281540214508,,,,,,50.31069999999999,,,
1146,K07106,,,0.657,,,,,,4.8512,,,
1147,K07107,,0.659,0.6516308766100344,,,0.67,,3.526,53.00649999999999,,,4.7993
1148,K07112,,,0.6928477897328402,,,,,,16.0082,,,
1149,K07114,,,0.7092032160777016,,,,,,17.8447,,,
1150,K07120,,,0.7179006720804011,,,,,,17.727700000000002,,,
1151,K07126,,,0.711,,,,,,4.5547,,,
1152,K07127,,,0.7180773232846575,,,,,,10.5074,,,
1153,K07130,0.5304851422323034,0.4522851422421941,,,,,3.6121,10.9296,,,,
1154,K07131,,,0.695,,,,,,6.3861,,,
1155,K07141,,,0.6557066536575311,,,,,,16.8674,,,
1156,K07142,,0.3810800005646591,,,,,,9.2624,,,,
1157,K07145,,,0.634,,,,,,3.9207,,,
1158,K07147,,,0.579,,,,,,10.921,,,
1159,K07148,,,0.6771883976724679,,,,,,4.2626,,,
1160,K07150,,,0.6528761826958857,,,,,,18.476599999999998,,,
1161,K07152,,,0.6685238971858646,,,,,,31.768399999999996,,,
1162,K07154,,,0.721,,,,,,2.292,,,
1163,K07156,,0.378,0.7371694852514367,,,0.7065449334165352,,4.6126,15.5938,,,8.5212
1164,K07157,,,0.6940000000000001,,,,,,6.6098,,,
1165,K07158,,0.366,,,,,,3.927,,,,
1166,K07159,,0.404,,,,,,5.9509,,,,
1167,K07160,,,0.7091511947678054,,,,,,14.4514,,,
1168,K07161,,,0.6946711487232438,,,,,,33.7455,,,
1169,K07164,,,0.6779999999999999,,,,,,3.4372,,,
1170,K07165,,,,,,0.695,,,,,,2.4843
1171,K07166,,,0.706,,,,,,4.8014,,,
1172,K07167,,,0.7,,,,,,4.962,,,
1173,K07171,,,0.6885913320222391,,,,,,8.398200000000001,,,
1174,K07176,,,,,,0.397,,,,,,5.8644
1175,K07177,,,0.7072524577908835,,,,,,18.2322,,,
1176,K07182,,,0.68,,,,,,4.5104,,,
1177,K07192,,,0.6771992505009405,,,,,,28.5225,,,
1178,K07213,,,0.6940000000000001,,,0.6759999999999999,,,6.0098,,,3.8146
1179,K07215,,,0.5579999999999999,,,,,,5.5735,,,
1180,K07220,,0.36495516129032257,0.6415813321548344,,,0.722,,10.54,26.526899999999998,,,5.0945
1181,K07226,,,0.6975823365602584,,,,,,12.3204,,,
1182,K07228,,,0.6673141192934061,,,0.545,,,23.556400000000004,,,8.5681
1183,K07238,,,0.577306905973019,,,,,,8.3585,,,
1184,K07240,,,0.638756632860554,,,,,,51.3998,,,
1185,K07241,,,0.701,,,,,,2.0,,,
1186,K07243,,0.4190164540335233,0.6887908603503207,,,,,14.7834,10.8672,,,
1187,K07244,,,0.644,,,,,,4.4068,,,
1188,K07254,,0.369,,,,,,3.0073,,,,
1189,K07259,,,0.6916723229129218,,,,,,16.4294,,,
1190,K07260,,,0.6650000000000001,,,,,,2.8716,,,
1191,K07261,,,0.6950228366326239,,,,,,14.3098,,,
1192,K07262,,,0.669,,,,,,3.2854,,,
1193,K07263,,,0.536,,,,,,5.5041,,,
1194,K07273,,,0.6517954497615656,,,,,,9.2951,,,
1195,K07284,,,0.6397963766514387,,,,,,69.23589999999999,,,
1196,K07300,,0.4044832642771639,0.6724484983795267,,,,,12.7562,105.19959999999999,,,
1197,K07302,,,0.6629999042653248,,,,,,12.0232,,,
1198,K07304,,,0.6626237046542027,,,,,,98.59270000000001,,,
1199,K07305,,,0.661022170408308,,,,,,36.3188,,,
1200,K07315,,,0.6328965941581453,,,,,,106.05900000000001,,,
1201,K07321,,,0.6940000000000001,,,,,,8.372,,,
1202,K07323,,,0.6509999999999999,,,,,,3.6703,,,
1203,K07334,,,0.5479999999999999,,,,,,1.6057,,,
1204,K07335,,0.444,0.6722461857128288,,,,,3.0886,46.6118,,,
1205,K07337,,,0.585,,,,,,4.454,,,
1206,K07339,,,0.5720000000000001,,,,,,2.0058,,,
1207,K07343,,,0.6709999999999999,,,,,,3.9104,,,
1208,K07390,,,0.6827057593723456,,,,,,28.6441,,,
1209,K07391,,,0.7095203626375158,,,,,,53.358,,,
1210,K07393,,,0.5902139322646076,,,,,,7.5965,,,
1211,K07397,,,0.6432250435457632,,,,,,20.1408,,,
1212,K07398,,0.398,,,,,,4.4385,,,,
1213,K07399,,,0.7,,,,,,2.4823,,,
1214,K07400,,,0.7004208853152315,,,,,,15.406600000000001,,,
1215,K07402,,,0.6884568148693491,,,0.728,,,74.34420000000001,,,3.0366
1216,K07403,,0.452,0.6824581840900836,,,0.7120000000000001,,3.6221,45.9034,,,5.5748
1217,K07404,,,0.6773274198967718,,,,,,7.285,,,
1218,K07407,,,0.6789999999999999,,,,,,5.8083,,,
1219,K07441,,,0.624,,,,,,3.8464,,,
1220,K07442,,0.4492404960853844,0.6861140447562484,,,,,14.6997,18.8296,,,
1221,K07447,,,0.6899701619143429,,,,,,21.22,,,
1222,K07451,,,0.6630668093803376,,,,,,51.11469999999999,,,
1223,K07458,,,0.7,,,,,,5.0798,,,
1224,K07460,,,0.6993629069941052,,,,,,20.282400000000003,,,
1225,K07461,,,0.6759999999999999,,,,,,1.8537,,,
1226,K07462,,,0.700515118623018,,,,,,99.7262,,,
1227,K07465,,,0.727,,,,,,8.6475,,,
1228,K07473,,,0.406,,,,,,11.8158,,,
1229,K07477,,0.433,0.747,,,,,5.5609,2.3955,,,
1230,K07478,,,0.6920075495298722,,,,,,51.1109,,,
1231,K07480,,,0.48164809918767076,,,,,,74.7474,,,
1232,K07481,,,0.6110675429811613,,,,,,98.0252,,,
1233,K07482,,,0.6396120415660117,,,,,,155.51639999999998,,,
1234,K07483,,0.679,0.6382712530377068,,,0.5820000000000001,,3.5124,146.64749999999998,,,31.7087
1235,K07484,,,0.6547305578533411,,,,,,117.03239999999998,,,
1236,K07485,,0.5614889009012829,0.603041455454072,,,0.5484840905618665,,18.800600000000003,176.4063,,,12.2077
1237,K07486,,,0.6666242366864102,,,0.647003828483214,,,1279.1757000000002,,,30.692700000000006
1238,K07487,,,0.6216224564785654,,,,,,43.365500000000004,,,
1239,K07488,,,0.6402261881006618,,,,,,57.24979999999999,,,
1240,K07491,,,0.5664816588364575,,,,,,87.0039,,,
1241,K07492,,,0.6192662821272183,,,,,,1084.9075000000005,,,
1242,K07493,,,0.6883622914606734,,,,,,331.12780000000004,,,
1243,K07494,,0.5760000000000001,0.6182305511756323,,0.4962401774058716,0.6837602506846298,,10.835,792.2335999999997,,15.415899999999999,24.0154
1244,K07495,0.425,0.5674493414317271,0.5837029208561815,,,0.5888884850185058,4.5195,27.583299999999998,159.29719999999998,,,42.0617
1245,K07496,,,0.6270898015649228,,,,,,72.40019999999998,,,
1246,K07497,,,0.6230122207199105,,,,,,1074.3658999999993,,,
1247,K07498,,,0.6712708097791072,,,,,,100.1498,,,
1248,K07499,,,0.6454281159199299,,0.682,0.5745735612156329,,,277.3515,,19.0481,17.8996
1249,K07503,,,0.7106555193958439,,,,,,13.307,,,
1250,K07504,,,0.508,,,,,,3.5571,,,
1251,K07506,,,0.727,,,,,,7.1982,,,
1252,K07507,,0.4061285624854926,0.7075853831033891,,,,,14.3946,14.1294,,,
1253,K07558,,0.412,,,,,,5.7766,,,,
1254,K07560,,,0.6908404782895777,,,,,,33.4455,,,
1255,K07566,,,0.710323597543217,,,,,,21.346499999999995,,,
1256,K07568,,,0.6724951892238614,,,,,,6.4468,,,
1257,K07569,,0.451,,,,,,2.8014,,,,
1258,K07572,,0.428,,,,,,6.3241,,,,
1259,K07573,,0.47,,,,,,7.914,,,,
1260,K07583,,0.38184789797803076,,,,,,9.437100000000001,,,,
1261,K07586,,,0.531,,,,,,2.1659,,,
1262,K07646,,,0.578,,,,,,1.6341,,,
1263,K07667,,,0.688,,,,,,5.754,,,
1264,K07669,,,0.6920000000000001,,,,,,5.1533,,,
1265,K07682,,,0.738,,,,,,3.3986,,,
1266,K07721,,0.353,,,,,,6.8116,,,,
1267,K07722,,0.36894626383201684,,,,,,11.8717,,,,
1268,K07726,,,0.609,,,,,,2.485,,,
1269,K07727,,,0.6329741457019379,,,,,,14.819799999999999,,,
1270,K07729,,,0.595,,,0.375,,,2.1446,,,3.1211
1271,K07732,,0.4313594798611528,,,,,,9.678899999999999,,,,
1272,K07733,,,0.606,,,0.5917430931314037,,,7.638,,,12.886000000000001
1273,K07734,,,0.633,,,,,,7.4072,,,
1274,K07736,,,0.6417118591086969,,,,,,98.6267,,,
1275,K07738,,,0.6288294815127408,,,,,,76.17000000000002,,,
1276,K07739,,0.436,,,,,,5.2204,,,,
1277,K07742,,,0.682066595223515,,,,,,9.7336,,,
1278,K07755,,0.39160071822180603,0.6952085729712779,,,,,12.735,26.896199999999997,,,
1279,K07778,,,0.675,,,,,,4.8916,,,
1280,K07793,,,0.6659162197671605,,,,,,228.59450000000004,,,
1281,K07794,,,0.6624336271297011,,,0.552,,,12.3159,,,3.501
1282,K07795,,,0.66980393748061,,,,,,88.74130000000001,,,
1283,K07814,,,0.684,,,,,,6.0236,,,
1284,K07979,,,0.6714803945938631,,,,,,20.2828,,,
1285,K08086,,,0.6884772535947595,,,0.655,,,7.1451,,,2.5726
1286,K08096,,0.45,,,,0.37599999999999995,,4.9332,,,,3.6115
1287,K08097,,,0.6541038359342031,,,,,,18.9217,,,
1288,K08177,,,0.602,,,,,,5.532,,,
1289,K08221,,,0.6459999999999999,,,,,,4.6837,,,
1290,K08234,,,0.622,,,,,,6.9201,,,
1291,K08256,,,0.736,,,,,,8.3361,,,
1292,K08281,,,0.6623741379012209,,,,,,22.9332,,,
1293,K08296,,,0.5632046410135038,,,,,,15.634599999999999,,,
1294,K08303,,,0.698,,,,,,4.1401,,,
1295,K08305,,,0.6814197415044305,,,,,,5.0783000000000005,,,
1296,K08307,,,0.6580212523749653,,,,,,15.4789,,,
1297,K08309,,,0.6846444114456383,,,,,,8.189,,,
1298,K08311,,,0.6743838398429542,,,,,,5.5205,,,
1299,K08316,,,0.6609538099013251,,,,,,22.648600000000002,,,
1300,K08482,,,0.6527464678543627,,,,,,27.4909,,,
1301,K08591,,,0.6435309519492294,,,,,,10.8297,,,
1302,K08602,,0.402,0.7059999999999998,,,,,5.2045,9.3249,,,
1303,K08640,,,0.612,,,0.721,,,3.9206,,,4.2916
1304,K08641,,,0.6662965207957454,,,0.749,,,10.4756,,,4.2868
1305,K08681,,,0.6916781125302586,,,,,,29.016,,,
1306,K08683,,,0.7242735485617492,,,,,,9.7609,,,
1307,K08738,,,0.6658840264994922,,,,,,7.3321000000000005,,,
1308,K08884,,,0.703,,,,,,5.4914,,,
1309,K08968,,,0.6581091263096085,,,,,,7.9863,,,
1310,K08970,,,0.7257647190663745,,,,,,10.1675,,,
1311,K08972,,,0.6775319733835466,,,0.634,,,15.2176,,,4.245
1312,K08973,,,0.6286842011253013,,,,,,5.1350999999999996,,,
1313,K08975,,0.4634596084361858,,,,,,14.6004,,,,
1314,K08977,,,0.6970000000000001,,,,,,2.9745,,,
1315,K08979,,0.43086447745655376,,,,,,9.5114,,,,
1316,K08981,,,0.7007260118929227,,,,,,9.4635,,,
1317,K08982,,,0.6532968486102873,,,0.657550067102472,,,10.3004,,,16.5077
1318,K08983,,,0.688,,,0.709,,,3.7072,,,3.4055
1319,K08992,,,0.652,,,0.6720392943769777,,,4.109,,,15.3006
1320,K08995,,,0.6987637411949712,,,0.6906836359633715,,,18.978199999999998,,,11.1158
1321,K08996,,,0.7090000000000001,,,0.7490000000000001,,,6.1083,,,6.6373
1322,K08997,,,0.695,,,,,,13.4388,,,
1323,K08998,,,0.6853634885860623,,,,,,32.6862,,,
1324,K08999,,0.4183131713059589,0.6425261294658028,,,0.7205190080431456,,11.4589,96.57949999999998,,,6.1709
1325,K09001,,,0.6971032012055666,,,,,,12.3257,,,
1326,K09005,,0.3477677545575413,0.6678757023205383,,,,,12.4678,24.642,,,
1327,K09007,,,0.607,,,,,,5.9521,,,
1328,K09008,,,0.619,,,,,,3.9948,,,
1329,K09009,,,0.675,,,,,,6.0282,,,
1330,K09013,,0.44676729034735324,0.6389498810533992,,,,,12.0062,122.2209,,,
1331,K09014,,0.4529583773630411,0.6145867516693367,,,,,13.5821,19.4377,,,
1332,K09015,,,0.624,,,,,,5.0508,,,
1333,K09022,,0.4040000000000001,0.6663283405212812,,,,,3.77,52.1098,,,
1334,K09023,,,0.6609999999999999,,,,,,2.1941,,,
1335,K09117,,,0.6729985678724653,,,,,,50.50480000000001,,,
1336,K09118,,,0.6128767712318131,,,,,,31.989599999999996,,,
1337,K09120,,,,,,0.43000000000000005,,,,,,4.5417
1338,K09125,,,0.6574488687804592,,,,,,9.4058,,,
1339,K09128,,0.4386266347449715,,,,,,10.909,,,,
1340,K09131,,0.5690000000000001,0.7105931061990269,,,0.703,,2.236,15.4299,,,3.2699
1341,K09136,,0.4580072932219584,0.7168051847033053,,,,,15.371799999999999,6.9437,,,
1342,K09137,,,0.593,,,,,,3.4385,,,
1343,K09140,,0.35700000000000004,,,,0.392,,4.3648,,,,3.5693
1344,K09142,,0.4161949554181059,,,,,,11.9184,,,,
1345,K09143,,0.3979654454771062,,,,,,13.261899999999999,,,,
1346,K09148,,0.44099999999999995,,,,,,6.3429,,,,
1347,K09152,,0.385,,,,,,4.0178,,,,
1348,K09153,,,0.659,,,,,,6.0448,,,
1349,K09160,,,0.693,,,,,,2.2148,,,
1350,K09161,,,,,,0.555,,,,,,12.2434
1351,K09163,,,0.636,,,,,,7.0935,,,
1352,K09164,,,0.737,,,,,,3.4502,,,
1353,K09165,,0.4016490806478126,0.6147995537502214,,,0.602,,8.3284,46.215900000000005,,,4.3313
1354,K09166,,,0.6803320875274247,,,,,,32.7911,,,
1355,K09167,,,0.7425540928267362,,,,,,14.256,,,
1356,K09190,,,0.696682884164208,,,,,,9.0756,,,
1357,K09386,,,0.6802727420308267,,,,,,20.573099999999997,,,
1358,K09457,,,0.6540068609077755,,,,,,12.7728,,,
1359,K09471,,,0.65,,,,,,3.7694,,,
1360,K09539,,,0.712,,,,,,3.7013,,,
1361,K09684,,,0.7170810440056155,,,,,,22.6726,,,
1362,K09694,,,0.6616743419849667,,,,,,57.9785,,,
1363,K09700,,,0.691,,,,,,3.0068,,,
1364,K09703,,,0.7038290312034869,,,,,,4.475,,,
1365,K09705,,0.39638879087047035,0.6834512810318926,,,,,9.9793,16.911299999999997,,,
1366,K09710,,,0.6536442408757406,,,,,,50.8314,,,
1367,K09716,,0.4262647083949143,,,,,,8.686499999999999,,,,
1368,K09721,,0.43599999999999994,,,,,,6.1924,,,,
1369,K09723,,0.40072401437613936,,,,,,12.0617,,,,
1370,K09735,,,,,,0.43,,,,,,1.5485
1371,K09736,,0.457,,,,,,4.5636,,,,
1372,K09744,,0.403,,,,,,6.0359,,,,
1373,K09747,,,0.6654419141464741,,,,,,49.918499999999995,,,
1374,K09748,,,0.6715935709376335,,,0.717948586318016,,,64.0995,,,6.7995
1375,K09760,,,0.6863539233649835,,,,,,26.5801,,,
1376,K09761,,,0.6688190032294443,,,0.6906989990051836,,,17.4593,,,8.3753
1377,K09762,,,0.727282336361881,,,,,,24.6201,,,
1378,K09763,,0.43,0.6116087748728839,,,,,6.0256,18.950400000000002,,,
1379,K09764,,,0.6428679723105629,,,,,,41.5705,,,
1380,K09766,,,0.6492888496483498,,,,,,11.275400000000001,,,
1381,K09767,,,0.6057160032091127,,,,,,14.938899999999999,,,
1382,K09769,,,0.6912994519449288,,,,,,28.438599999999997,,,
1383,K09771,,0.4354952244069599,0.619,,,,,16.148699999999998,1.1811,,,
1384,K09772,,,0.6743164900454343,,,,,,84.4608,,,
1385,K09774,,,0.5760000000000001,,,,,,4.606,,,
1386,K09779,,,,,,0.653,,,,,,2.873
1387,K09780,,,0.7010806237127011,,,,,,11.3702,,,
1388,K09781,,,0.7006371802577374,,,,,,12.7303,,,
1389,K09786,,,0.642,,,,,,4.9773,,,
1390,K09791,,0.4498111051466909,0.6263103656019484,,,,,9.8899,11.107800000000001,,,
1391,K09793,,,0.6253447573487061,,,,,,6.5805,,,
1392,K09794,,,0.6579999999999999,,,,,,3.0128,,,
1393,K09796,,,0.6680004222953985,,,,,,10.3709,,,
1394,K09798,,,0.6801770393892149,,,,,,6.410699999999999,,,
1395,K09799,,,0.6779999999999999,,,,,,3.3594,,,
1396,K09807,,0.321,0.6792731642603642,,,,,3.3245,8.7092,,,
1397,K09811,,,0.6562285409564713,,,0.596,,,45.406400000000005,,,1.8063
1398,K09817,,0.35200000000000004,,,,,,5.4395,,,,
1399,K09858,,,0.75,,,,,,5.2414000000000005,,,
1400,K09861,,,0.742,,,,,,4.2112,,,
1401,K09880,,,0.7032800182797436,,,,,,4.1511,,,
1402,K09882,,,0.652,,,,,,13.7178,,,
1403,K09883,,,0.6406496266513497,,,,,,13.5128,,,
1404,K09903,,0.4324782622871596,0.6609327624143431,,,,,11.847000000000001,82.2174,,,
1405,K09915,,,0.6883070253106417,,,,,,13.111600000000001,,,
1406,K09919,,,0.6648711623666838,,,,,,27.0215,,,
1407,K09921,,,0.693,,,,,,5.7325,,,
1408,K09922,,,0.629,,,,,,2.9664,,,
1409,K09927,,,0.7097029483380528,,,0.787,,,40.3112,,,2.3618
1410,K09928,,,0.711,,,,,,3.9234,,,
1411,K09930,,,0.6648974747749581,,,,,,3.9099,,,
1412,K09931,,,0.6928836952083752,,,,,,9.6527,,,
1413,K09932,,0.4320000000000001,0.6385603607762607,,,0.6650059345146702,,4.6132,16.0991,,,8.166599999999999
1414,K09933,,,0.6545474802030427,,,,,,9.106200000000001,,,
1415,K09934,,,0.583,,,,,,2.8891,,,
1416,K09936,,,0.6873956432764456,,,0.6964514643234155,,,34.0252,,,29.113000000000003
1417,K09937,,,0.64,,,,,,5.1663,,,
1418,K09940,,,0.6307890196745776,,,,,,26.346199999999996,,,
1419,K09946,,0.514,0.693,,,,,3.7276,3.225,,,
1420,K09949,,,0.653390115671421,,,,,,10.3651,,,
1421,K09951,,,0.6681222448444849,,,0.645,,,22.3471,,,4.3128
1422,K09955,,,0.6708846360047337,,,,,,10.5698,,,
1423,K09956,,,,,,0.7,,,,,,3.6548
1424,K09957,,,0.6836240104851299,,,,,,20.3308,,,
1425,K09958,,,0.647688884046145,,,,,,18.6863,,,
1426,K09959,,,0.667,,,,,,2.1164,,,
1427,K09962,,,0.685,,,,,,2.8697,,,
1428,K09966,,,0.7107556666710217,,,,,,15.5153,,,
1429,K09967,,,0.5956316340353323,,,,,,8.296899999999999,,,
1430,K09973,,,0.6950000000000001,,,,,,3.761,,,
1431,K09981,,0.39908878354114985,0.6585846632675624,,,,,8.3095,14.410899999999998,,,
1432,K09988,,,0.7190000000000001,,,,,,5.2373,,,
1433,K09989,,,0.6285302103113013,,,,,,10.0878,,,
1434,K09992,,,0.6803555900251098,,,,,,56.431400000000004,,,
1435,K09994,,,0.713,,,,,,2.1707,,,
1436,K10026,,,0.6837011606296535,,,,,,6.0838,,,
1437,K10218,,,0.716,,,,,,4.631,,,
1438,K10232,,,0.6426493122267786,,,,,,7.9327000000000005,,,
1439,K10536,,0.5489999999999999,0.648,,,,,2.4511,5.7037,,,
1440,K10563,,,0.6691880060266336,,,,,,20.6554,,,
1441,K10670,,,0.664,,,,,,10.5529,,,
1442,K10713,,,0.644,,,,,,10.2237,,,
1443,K10725,,0.35,,,,,,6.4408,,,,
1444,K10773,,0.331,0.6443170614817527,,,,,2.6345,36.9547,,,
1445,K10804,,,0.6282812576797795,,,,,,6.5395,,,
1446,K10806,,0.409,0.6930317536465643,,,,,3.6357,9.3879,,,
1447,K10822,,,0.6730062422529886,,,,,,7.2608999999999995,,,
1448,K10848,,0.40613241107455883,,,,,,10.2743,,,,
1449,K10914,,,0.7009999999999998,,,,,,10.6386,,,
1450,K10917,,,0.6786775801861021,,,,,,35.546400000000006,,,
1451,K10944,,0.473,,,,,,5.5421,,,,
1452,K10945,,0.45514510253576546,,,,,,9.0542,,,,
1453,K10946,,0.4119999999999999,,,,,,10.1052,,,,
1454,K10947,,,0.6706983977980475,,,,,,229.79759999999993,,,
1455,K10979,,0.3984795910540555,0.6411167097372719,,,,,26.748199999999997,96.5265,,,
1456,K11068,,,0.6346351287138617,,,,,,8.7879,,,
1457,K11071,,,0.628,,,,,,8.078,,,
1458,K11105,,,0.68,,,,,,4.8984,,,
1459,K11163,,,0.6975516964735486,,,,,,9.3566,,,
1460,K11175,,0.433,0.691,,,,,5.4233,2.5655,,,
1461,K11178,,,0.6779999999999999,,,,,,3.6796,,,
1462,K11212,,0.639,0.7136069749448056,,,,,6.7438,18.9071,,,
1463,K11355,,,0.631,,,,,,7.1163,,,
1464,K11472,,,0.6940000000000001,,,,,,6.4411,,,
1465,K11475,,,0.6729999999999999,,,,,,3.8053,,,
1466,K11477,,,0.6759364792941797,,,0.618,,,69.708,,,4.0279
1467,K11529,,0.456,0.65,,,,,6.337,2.801,,,
1468,K11530,,,0.6660800271940729,,,,,,5.4909,,,
1469,K11600,,0.457,,,,,,6.1787,,,,
1470,K11611,,,0.6859999999999999,,,,,,3.7217,,,
1471,K11621,,,0.662,,,,,,3.6556,,,
1472,K11690,,,0.6495973230548089,,,,,,24.727500000000003,,,
1473,K11719,,,0.6302437990072742,,,,,,7.1601,,,
1474,K11741,,,0.6336082171912187,,,,,,12.6762,,,
1475,K11749,,,0.6519985932918243,,,,,,76.6312,,,
1476,K11752,,,0.7173247870672915,,,,,,22.6895,,,
1477,K11753,,,0.7109216700440291,,,,,,35.9931,,,
1478,K11755,,,0.6629999999999999,,,,,,6.8794,,,
1479,K11782,,,0.657,,,,,,3.9455,,,
1480,K11891,,,0.6939897743932343,,,,,,14.8846,,,
1481,K11895,,,0.71,,,,,,5.75,,,
1482,K11898,,,0.6920000000000001,,,,,,5.9027,,,
1483,K11901,,,0.627,,,,,,5.91,,,
1484,K11902,,,0.7020000000000001,,,,,,7.1745,,,
1485,K11903,,,0.6559999999999998,,,,,,4.8,,,
1486,K11939,,,0.715752345459162,,,,,,14.062899999999999,,,
1487,K11940,,,0.598,,,,,,2.3686,,,
1488,K11991,,,0.6825739180968302,,,,,,18.7879,,,
1489,K11995,,,0.601,,,,,,2.3917,,,
1490,K12132,,,0.6787118459090272,,,,,,62.1159,,,
1491,K12234,,,0.7015041588553509,,,,,,21.0598,,,
1492,K12349,,,0.594,,,,,,2.9983,,,
1493,K12373,,,0.6824732573021062,,,,,,24.3084,,,
1494,K12410,,,0.6952753137110738,,,,,,7.390000000000001,,,
1495,K12510,,,0.6537128473271057,,,0.649,,,25.8885,,,4.7491
1496,K12511,,,0.6925640810562699,,,,,,14.4231,,,
1497,K12574,,,0.669134507785328,,,,,,102.55619999999999,,,
1498,K12587,,0.457,,,,,,6.1787,,,,
1499,K12942,,,0.579,,,,,,3.4302,,,
1500,K12976,,,0.6890000000000001,,,,,,4.1576,,,
1501,K12994,,,0.527,,,,,,8.1154,,,
1502,K12997,,,0.6759999999999999,,,,,,3.8808,,,
1503,K13018,,0.441,0.687472687376919,,,,,5.7346,28.2419,,,
1504,K13038,,,0.67,,,,,,4.5895,,,
1505,K13075,,,0.6680434060718751,,,,,,22.072699999999998,,,
1506,K13280,,0.4506422444301576,,,,,,10.0856,,,,
1507,K13281,,,0.6392612156706586,,,,,,16.5604,,,
1508,K13282,,,0.6649232615941175,,,,,,13.1491,,,
1509,K13288,,,0.7145912918836727,,,,,,7.0876,,,
1510,K13292,,,0.6714249761358165,,,,,,82.19080000000001,,,
1511,K13356,,,0.6682725690427731,,,,,,7.508699999999999,,,
1512,K13444,,,0.6459999999999999,,,,,,8.1376,,,
1513,K13483,,,0.706,,,,,,10.3955,,,
1514,K13570,,,0.641923965036947,,,,,,19.0768,,,
1515,K13573,,,0.6629999999999999,,,,,,5.7144,,,
1516,K13584,,,0.6092091179964546,,,,,,38.1196,,,
1517,K13592,,,0.6829999999999999,,,,,,4.7704,,,
1518,K13628,,0.45224417540145556,0.695,,,,,12.5124,14.8732,,,
1519,K13639,,,0.6937224290383617,,,,,,20.802500000000002,,,
1520,K13640,,,0.6413594854344384,,,,,,29.0105,,,
1521,K13643,,,0.6629999999999999,,,,,,4.7627,,,
1522,K13665,,,0.7040000000000001,,,,,,3.6129,,,
1523,K13693,,,0.713,,,,,,8.8159,,,
1524,K13787,,,0.7509999999999999,,,,,,3.2786,,,
1525,K13816,,,0.649,,,,,,5.2547,,,
1526,K13985,,,0.6645239990762564,,,,,,17.523500000000002,,,
1527,K13993,,,0.5982342348609702,,,0.540359704083912,,,58.605599999999995,,,13.3383
1528,K13995,,,0.615,,,,,,4.1593,,,
1529,K14054,,,0.703,,,,,,5.225,,,
1530,K14058,,,0.6548031707209984,,,,,,12.248000000000001,,,
1531,K14060,,0.421,0.5481615618031112,,,,,3.2915,23.0925,,,
1532,K14083,,,0.6720700974770005,,,,,,28.6435,,,
1533,K14136,,,0.6920000000000001,,,,,,4.0271,,,
1534,K14188,,,0.607,,,,,,6.006,,,
1535,K14340,,,0.6279451012508787,,,,,,14.5314,,,
1536,K14393,,,0.633,,,,,,8.361,,,
1537,K14415,,0.48333367539328087,0.7120000000000001,,,,,10.9487,7.4505,,,
1538,K14445,0.655,0.4,0.6369262613344917,,,,4.2915,3.441,19.5913,,,
1539,K14568,,0.434,,,,,,5.7281,,,,
1540,K14591,,,0.75,,,,,,3.5842,,,
1541,K14652,,,0.667,,,,,,5.8006,,,
1542,K14673,,,0.722,,,,,,5.3558,,,
1543,K14742,,,0.7065991271588833,,,,,,24.197,,,
1544,K14941,,,0.6916037188347605,,,0.5397615104686188,,,9.3577,,,7.811
1545,K14956,,,0.6913073716456277,,,,,,11.0302,,,
1546,K14977,,,0.6609999999999999,,,,,,3.1478,,,
1547,K14998,,,,,,0.6970000000000001,,,,,,2.8329
1548,K15019,,0.4759999999999999,,,,,,7.0354,,,,
1549,K15034,,,0.6765522280274836,,,,,,14.1105,,,
1550,K15257,,,0.6655426131599551,,,,,,10.9742,,,
1551,K15371,,,0.6596044824768924,,,,,,68.8498,,,
1552,K15383,,0.344,,,,,,5.3,,,,
1553,K15429,,0.452,,,,,,6.6462,,,,
1554,K15495,,0.376,,,,0.7170000000000001,,4.8299,,,,4.5494
1555,K15518,,,0.5579999999999999,,,,,,3.8937,,,
1556,K15520,,,0.6599381507461759,,,0.681,,,11.1125,,,2.4162
1557,K15521,,,0.7759999999999999,,,,,,8.6753,,,
1558,K15532,,,0.726,,,,,,3.6493,,,
1559,K15539,,,0.6646871914398629,,,0.6712492337275304,,,37.7871,,,10.244
1560,K15633,,0.644,0.6955038284611296,,,,,1.8358,41.7885,,,
1561,K15634,,,0.7040000000000001,,,,,,6.1744,,,
1562,K15635,,0.4624325253245404,0.6956172945702771,,,,,21.636300000000002,16.9997,,,
1563,K15724,,0.4343558083483385,,,,,,9.3109,,,,
1564,K15777,,,0.6492196842851247,,,,,,6.4487,,,
1565,K15876,,,0.643,,,,,,2.1145,,,
1566,K15916,,,0.6859999999999999,,,,,,6.1865,,,
1567,K15923,,,0.671767154384526,,,,,,11.5347,,,
1568,K15973,,,0.58,,,,,,4.0873,,,
1569,K15977,,,0.6536243343490724,,,0.374,,,35.3856,,,3.4605
1570,K16025,,,0.607,,,,,,6.006,,,
1571,K16079,,,0.6575843549529634,,,,,,10.2188,,,
1572,K16137,,,0.6890000000000001,,,,,,10.7613,,,
1573,K16147,,,0.6564518182620679,,,,,,47.1652,,,
1574,K16168,,,0.648,,,,,,3.1132,,,
1575,K16203,,,0.7031183792674769,,,,,,16.891199999999998,,,
1576,K16238,,,0.647,,,,,,7.7742,,,
1577,K16267,,,0.655,,,,,,3.7917,,,
1578,K16645,,,0.7759999999999999,,,,,,5.4276,,,
1579,K16650,,,0.6709999999999999,,,,,,4.6967,,,
1580,K16785,,,0.684,,,,,,3.5084,,,
1581,K16789,,,0.638,,,,,,5.1149,,,
1582,K16841,,,0.6519278356793515,,,,,,20.261699999999998,,,
1583,K16842,,,0.633,,,,,,2.2477,,,
1584,K16845,,,0.596,,,,,,4.687,,,
1585,K16869,,,0.7202733027779736,,,,,,10.8613,,,
1586,K16904,,,0.574,,,,,,4.3405,,,
1587,K16905,,,,,,0.691,,,,,,4.4836
1588,K16922,,,0.6329086758255029,,,,,,8.8555,,,
1589,K16927,,,0.7005699298954229,,,,,,10.6583,,,
1590,K16928,,,0.669,,,,,,3.513,,,
1591,K16937,,,0.6890000000000001,,,,,,5.8245,,,
1592,K17103,,,0.6805904278898275,,,,,,32.0539,,,
1593,K17104,,0.4626998566666003,,,,,,10.4544,,,,
1594,K17223,,,0.7090000000000001,,,,,,6.0255,,,
1595,K17226,,,0.6579999999999999,,,,,,2.239,,,
1596,K17227,,,0.626,,,,,,5.0262,,,
1597,K17231,,0.6779999999999999,,,,0.6970000000000002,,2.6697,,,,6.219
1598,K17243,,,0.63,,,,,,5.3009,,,
1599,K17247,,,0.6791726698042666,,,,,,7.1201,,,
1600,K17285,,,0.668,,,,,,21.3109,,,
1601,K17290,,,0.6990000000000001,,,,,,4.915,,,
1602,K17675,,,0.667,,,,,,2.7231,,,
1603,K17733,,,0.7020000000000002,,,,,,3.7542,,,
1604,K17752,,,0.638,,,,,,1.9955,,,
1605,K17762,,,0.6627842908177148,,,,,,26.6169,,,
1606,K17763,,,0.6685505221785482,,,,,,39.393299999999996,,,
1607,K17830,,0.461,,,,,,5.9872,,,,
1608,K17836,,,0.6497784783254894,,,0.676,,,62.4332,,,5.7508
1609,K17865,,,0.562,,,,,,1.9224,,,
1610,K17947,,,0.674,,,,,,7.0851,,,
1611,K18013,,,0.6452639667858578,,,,,,29.03,,,
1612,K18189,,,0.6852626467991173,,,,,,78.96009999999998,,,
1613,K18197,,,0.664,,,,,,6.0502,,,
1614,K18199,,0.436,0.6900000000000001,,,,,6.12,5.7869,,,
1615,K18208,,,0.6397439307783601,,,,,,6.8787,,,
1616,K18226,,,0.626,,,,,,7.3658,,,
1617,K18235,,,0.468,,,,,,4.3149,,,
1618,K18290,,,0.6520071273566863,,,,,,72.4007,,,
1619,K18294,,,0.716,,,,,,2.553,,,
1620,K18320,,,0.663,,,,,,10.8138,,,
1621,K18382,,,0.71,,,,,,5.9036,,,
1622,K18456,,,0.73,,,,,,5.7878,,,
1623,K18476,,,0.6823788107361938,,,,,,57.9232,,,
1624,K18481,,,,,,0.7,,,,,,3.4372
1625,K18578,,,0.657,,,,,,2.6382,,,
1626,K18581,,,0.625,,0.6809999999999999,,,,3.6887,,2.7866,
1627,K18672,,0.597,0.6662013250884419,,,,,1.447,9.7517,,,
1628,K18682,,,0.6836892612811463,,,,,,148.26900000000003,,,
1629,K18697,,,0.653,,,,,,4.6005,,,
1630,K18700,,0.491,0.669,,,,,2.854,3.6901,,,
1631,K18778,,,0.667,,,,,,5.937,,,
1632,K18815,,,,,,0.528,,,,,,2.7273
1633,K18817,,,0.655,,,0.684,,,3.4266,,,4.0049
1634,K18827,,,0.644,,,,,,4.5586,,,
1635,K18841,,,0.6809999999999999,,,,,,4.9583,,,
1636,K18843,,,0.6405119786116308,,,0.598,,,8.7673,,,6.6261
1637,K18882,,0.42428414910370243,,,,,,7.7745,,,,
1638,K18910,,,0.693,,,,,,7.7383,,,
1639,K18911,,0.369,,,,,,5.6747,,,,
1640,K18917,,,0.6811364817013628,,,,,,5.0804,,,
1641,K18928,,,0.672,,,,,,4.9384,,,
1642,K18955,,,0.6916709988310223,,,,,,24.6423,,,
1643,K18958,,,0.7319654774009997,,,,,,13.8748,,,
1644,K18960,,,0.514,,,,,,3.6313,,,
1645,K18979,,,0.6891926381721223,,,,,,39.07900000000001,,,
1646,K19055,,,0.63,,,,,,4.5117,,,
1647,K19092,,,,,,0.606,,,,,,2.9854
1648,K19147,,,0.7040000000000001,,,,,,2.1671,,,
1649,K19156,,,0.508,,,0.515,,,3.0755,,,21.2369
1650,K19157,,,0.425,,,,,,11.8158,,,
1651,K19159,,,0.593,,,,,,2.186,,,
1652,K19165,,,0.6579999999999999,,,,,,2.3525,,,
1653,K19166,,,0.655,,,,,,2.0497,,,
1654,K19221,,0.471,0.663146967423107,,,,,6.0033,21.5269,,,
1655,K19222,,,0.6537464757461128,,,,,,17.605900000000002,,,
1656,K19225,,,0.6675673423806787,,,,,,15.155100000000001,,,
1657,K19244,,,0.6629999999999999,,,,,,5.2066,,,
1658,K19267,,,0.6995731540033351,,,,,,12.3133,,,
1659,K19270,,,0.726,,,,,,3.8007,,,
1660,K19302,,,0.6805642654432531,,,,,,35.35980000000001,,,
1661,K19304,,,0.7240000000000001,,,,,,6.2727,,,
1662,K19411,,,0.69,,,,,,4.8912,,,
1663,K19689,,,0.6859999999999999,,,,,,13.6375,,,
1664,K19702,,,0.6990000000000001,,,,,,4.1624,,,
1665,K19745,,,0.69,,,,,,4.814,,,
1666,K19784,,0.383,0.6245571813039225,,,,,7.9753,25.9125,,,
1667,K19804,,,0.6607948443281744,,,,,,13.0764,,,
1668,K20074,,,0.6824411100037676,,,,,,49.4401,,,
1669,K20469,,,0.701,,,,,,4.0452,,,
1670,K20525,,,0.639,,,,,,3.6014,,,
1671,K20989,,0.43399999999999994,,,,,,3.3883,,,,
1672,K21000,,,,,0.688,,,,,,5.9163,
1673,K21014,,,0.68,,,,,,2.9612,,,
1674,K21023,,,0.6439175341687312,,,,,,28.681199999999997,,,
1675,K21071,,,0.632,,,,,,5.9159,,,
1676,K21140,,,0.7030765506205962,,,,,,12.0802,,,
1677,K21349,,,0.705,,,,,,2.5587,,,
1678,K21394,,,0.645888521222895,,,,,,7.8945,,,
1679,K21395,,,0.6238562121281528,,,0.6759999999999999,,,23.921599999999998,,,1.7394
1680,K21430,,0.4292567910231634,0.6432540899923084,,,,,12.3629,10.5156,,,
1681,K21470,,,0.6582539530305266,,,0.645,,,25.974199999999996,,,3.9174
1682,K21471,,,0.6629999999999999,,,,,,7.5066,,,
1683,K21472,,,0.6958108706980314,,,,,,23.994500000000002,,,
1684,K21481,,,0.6478581751708027,,,,,,10.6416,,,
1685,K21495,,,0.6488103208072896,,,,,,5.151,,,
1686,K21498,,,0.6155563467817189,,,,,,9.6891,,,
1687,K21572,,,0.6441776883452126,,,,,,37.5636,,,
1688,K21600,,,0.6175655487742886,,,,,,33.0767,,,
1689,K21679,,,0.622,,,,,,4.913,,,
1690,K21687,,,0.7900000000000001,,,,,,6.2494,,,
1691,K21700,,,0.5909273189093673,,,0.4599840737636211,,,4.9885,,,6.7469
1692,K21744,,,0.578,,,,,,2.855,,,
1693,K21745,,,0.7090000000000001,,,,,,5.0447,,,
1694,K21817,,,0.6970000000000001,,,,,,2.8958,,,
1695,K21834,,,0.65,,,,,,5.2908,,,
1696,K21908,,0.452,0.6808374280398476,,,0.6077225117693426,,6.5862,5.3483,,,10.262
1697,K21929,,0.44563373170634457,0.6769869402611297,,,0.6990000000000001,,16.354,182.1546,,,3.9053
1698,K21961,,,,,,0.7040000000000001,,,,,,3.6762
1699,K22010,,,0.7073744426304295,,,,,,38.3636,,,
1700,K22081,,,0.636,,,,,,2.8034,,,
1701,K22082,,,0.7240000000000001,,,,,,10.777,,,
1702,K22083,,,0.705,,,,,,23.2782,,,
1703,K22105,,,0.7240000000000001,,,,,,5.8604,,,
1704,K22108,,,0.521,,,0.629,,,4.2192,,,5.0048
1705,K22130,,,0.7390000000000001,,,,,,3.3227,,,
1706,K22205,,,0.691,,,,,,4.6623,,,
1707,K22210,,,0.7084430689574966,,,,,,7.1177,,,
1708,K22225,,0.467,0.628,,,,,3.5053,8.7812,,,
1709,K22278,,,0.6909725657840566,,,,,,7.3225,,,
1710,K22296,,,0.672,,,,,,4.0435,,,
1711,K22297,,,0.713,,,,,,4.1175,,,
1712,K22299,,,0.599,,,,,,2.2284,,,
1713,K22336,,,0.6704908293816711,,,,,,18.292099999999998,,,
1714,K22390,,,0.570783472821404,,,,,,19.0424,,,
1715,K22419,,,0.718,,,,,,3.7013,,,
1716,K22438,,,0.603,,,,,,4.8404,,,
1717,K22451,,,0.6920000000000001,,,,,,5.2402,,,
1718,K22452,,,0.6896321150017307,,,,,,48.7303,,,
1719,K22468,,,0.6459999999999999,,,,,,9.0414,,,
1720,K22479,,,0.633,,,,,,2.0479,,,
1721,K22522,,,0.568,,,,,,2.8708,,,
1722,K22622,,,0.586,,,,,,1.976,,,
1723,K22684,,,0.68,,,,,,2.6447,,,
1724,K22719,,,0.7273134955020107,,,,,,9.5471,,,
1725,K22736,,,0.6490091301535079,,,,,,36.1712,,,
1726,K22757,,,0.669,,,,,,2.0665,,,
1727,K22881,,,0.677,,,0.363,,,2.9343,,,2.9833
1728,K22894,,,0.7543267796970811,,,,,,24.000200000000003,,,
1729,K22900,,,0.6409999999999999,,,,,,3.2878,,,
1730,K22905,,,0.727,,,,,,2.3678,,,
1731,K23258,,,0.65,,,,,,3.9213,,,
1732,K23262,,,0.6634988088760327,,,,,,67.5788,,,
1733,K23264,,0.409,0.6893704746022697,,,0.7020000000000001,,4.4643,41.197500000000005,,,2.6388
1734,K23265,,0.428,0.6294092388815151,,,,,4.1143,8.0907,,,
1735,K23356,,0.44686460788250154,,,,0.331,,12.041599999999999,,,,2.1352
1736,K23359,,0.384,,,,,,6.0769,,,,
1737,K23498,,,0.615,,,,,,2.1561,,,
1738,K23518,,,0.6951523635167522,,,,,,9.7193,,,
1739,K23536,,0.448,,,,,,4.7531,,,,
1740,K23684,,,0.6813979014143217,,,,,,17.0024,,,
1741,K23886,,,0.542,,,,,,3.3754,,,
1742,K23988,,,0.711,,,,,,6.4295,,,
1743,K23997,,,0.7509999999999999,,,,,,5.2015,,,
1744,K24104,,0.47617115259678644,,,,,,12.4312,,,,
1745,K24105,,,0.635,,,,,,6.0863,,,
1746,K24129,,0.41200000000000003,,,,,,5.0105,,,,
1747,K24131,,,0.6476373906333454,,,,,,16.9231,,,
1748,K24160,,0.6709999999999999,,,,,,6.7727,,,,
1749,K24450,,0.436,,,,,,3.6644,,,,
