,KEGG,GC_adj ,GC_adj Archaea,GC_adj Bacteria,GC_adj Eukaryota,GC_adj Varidnaviria,GC_adjUnclassified,gene_counts ,gene_counts Archaea,gene_counts Bacteria,gene_counts Eukaryota,gene_counts Varidnaviria,gene_countsUnclassified
0,K00003,,,0.7455079965651036,,,,,,23.2408,,,
1,K00009,,,0.72,,,,,,10.0163,,,
2,K00014,,,0.759,,,,,,3.9466,,,
3,K00020,,,0.7376625179326894,,,,,,19.462699999999998,,,
4,K00023,,,0.69,,,,,,15.5919,,,
5,K00029,,,0.731147703970143,,,,,,24.8911,,,
6,K00033,,,0.7301490559354018,,,,,,85.8605,,,
7,K00036,,,0.7050814640385746,,,,,,31.1406,,,
8,K00042,,,0.77,,,,,,5.5938,,,
9,K00053,,,0.708,,,,,,24.0253,,,
10,K00059,,,0.7273327455574136,,,,,,35.481500000000004,,,
11,K00067,,,0.7386761703686086,,,,,,18.2857,,,
12,K00075,,,0.7758851596272129,,,,,,27.1177,,,
13,K00077,,0.735,0.7437916530454816,,,,,6.7952,12.680900000000001,,,
14,K00088,,,0.7731813506840347,,,,,,20.6937,,,
15,K00096,,,0.7635010012783655,,,,,,13.2574,,,
16,K00099,,,0.7438746182299509,,,,,,30.1691,,,
17,K00108,,,0.7340000000000001,,,,,,9.7739,,,
18,K00111,,,0.752,,,,,,15.9246,,,
19,K00112,,,0.785,,,0.7863895284795639,,,11.5912,,,22.0181
20,K00124,,,0.7071964743794932,,,,,,62.4445,,,
21,K00134,,,0.68,,,,,,17.1004,,,
22,K00140,,,0.7090000000000001,,,,,,9.1949,,,
23,K00145,,,0.775,,,,,,7.5079,,,
24,K00163,,0.735,0.7051968170426954,,,,,6.0732,162.6395,,,
25,K00175,,,0.6824601098230478,,,,,,68.4493,,,
26,K00208,,,0.741,,,,,,8.764,,,
27,K00215,,,0.7,,,,,,5.6365,,,
28,K00221,,,0.736,,,0.691,,,4.4151,,,5.7391
29,K00240,,0.446,0.6717158598135929,,,,,4.0,65.2586,,,
30,K00241,,,0.6382915521857387,,,,,,19.4658,,,
31,K00242,,,0.7040000000000002,,,,,,20.0821,,,
32,K00259,,,0.708,,,,,,10.7429,,,
33,K00273,,,0.674,,,,,,3.8785,,,
34,K00274,,,0.782,,,,,,10.6692,,,
35,K00275,,,0.7457216716522016,,,,,,24.5779,,,
36,K00286,,,0.7042105017134491,,,,,,16.4068,,,
37,K00299,,,0.7200737104257869,,,,,,16.7659,,,
38,K00330,,,0.645753854744112,,,,,,73.5053,,,
39,K00331,,,0.6765391774475311,,,,,,38.9776,,,
40,K00333,,,0.711,,,,,,16.0869,,,
41,K00334,,,0.7453964798699663,,,,,,18.5704,,,
42,K00338,,,0.6875819669870588,,,,,,28.992399999999996,,,
43,K00339,,,0.715,,,,,,17.4337,,,
44,K00340,,,0.619,,,,,,8.6577,,,
45,K00343,,,0.7162216428357351,,,,,,35.5186,,,
46,K00371,,,0.662,,,,,,11.476,,,
47,K00389,,,0.7820000000000001,,,,,,8.1257,,,
48,K00390,,,0.7318239371382423,,,,,,34.9632,,,
49,K00425,,,0.7258978625015263,,,,,,16.523600000000002,,,
50,K00426,,,0.7005405856676821,,,,,,11.4877,,,
51,K00433,,,0.6641356466956546,,,,,,29.224,,,
52,K00441,,0.737,0.727,,,,,12.5341,8.8218,,,
53,K00448,,,0.762,,,,,,5.7874,,,
54,K00449,,,0.7307555238051975,,,,,,42.4096,,,
55,K00450,,,0.6509999999999999,,,,,,2.9852,,,
56,K00451,,,0.6897252868638988,,,,,,60.972699999999996,,,
57,K00453,,,0.7290000000000001,,,,,,9.2808,,,
58,K00456,,,0.664,,,,,,5.94,,,
59,K00457,,,0.6815785173134125,,,,,,56.176700000000004,,,
60,K00459,,,0.7978662369806392,,,,,,17.9824,,,
61,K00481,,,0.7429514234058371,,,,,,18.6561,,,
62,K00500,,,0.69,,,,,,4.5696,,,
63,K00507,,,0.6526209425401179,,,,,,8.665600000000001,,,
64,K00518,,,0.649,,,,,,13.359,,,
65,K00525,,,0.6552223755305823,,,,,,39.7224,,,
66,K00529,,,0.737,,,,,,8.7293,,,
67,K00540,,,0.7254717734402107,,,,,,19.8919,,,
68,K00548,,,0.665,,,,,,5.7212,,,
69,K00549,,,0.7219367908389135,,,,,,120.68990000000001,,,
70,K00554,,,0.7564041092189232,,,,,,35.834900000000005,,,
71,K00563,,,0.807,,,,,,6.7101,,,
72,K00573,,,0.7457610571922811,,,,,,39.752900000000004,,,
73,K00574,,,0.696,,,,,,3.5172,,,
74,K00575,,,0.6920000000000001,,,,,,11.6694,,,
75,K00588,,,0.7290000000000001,,,,,,14.2854,,,
76,K00598,,,0.7537368376541992,,,,,,19.1528,,,
77,K00600,,,0.698658871001335,,,,,,125.18140000000001,,,
78,K00602,,,0.7727997774047266,,,,,,48.94,,,
79,K00605,,,0.745,,,,,,6.0814,,,
80,K00606,,0.5620103036575332,0.7215806090950768,,,,,9.9953,25.4347,,,
81,K00609,,,0.711,,,,,,15.5782,,,
82,K00611,,0.7350000000000001,,,,,,8.7696,,,,
83,K00615,,,0.7303326997102635,,,,,,46.6938,,,
84,K00616,,0.458,,,,,,4.1337,,,,
85,K00620,,,0.7739101661843374,,,,,,10.1175,,,
86,K00626,,,0.7265299148007353,,,,,,91.5959,,,
87,K00635,,,0.7162913077530486,,,,,,9.2432,,,
88,K00640,,,0.6863623235764156,,,,,,16.2287,,,
89,K00641,,,0.6602249557423581,,,,,,24.439300000000003,,,
90,K00645,,,0.753,,,,,,10.8944,,,
91,K00648,,,0.7420000000000001,,,,,,17.843,,,
92,K00655,,,0.7252640266744619,,,,,,19.655,,,
93,K00657,,,0.655,,,,,,2.6399,,,
94,K00661,,,0.7061010874757114,,,,,,11.457699999999999,,,
95,K00663,,,0.726,,,,,,7.1854,,,
96,K00674,,,0.6925848013794066,,,,,,22.2409,,,
97,K00677,,,0.703,,,,,,5.7269,,,
98,K00682,,,0.721,,,,,,3.9878,,,
99,K00684,,,0.7473720885070735,,,,,,18.6332,,,
100,K00688,,,0.7196527695927858,,,,,,40.5629,,,
101,K00694,,,0.727,,,,,,6.2672,,,
102,K00700,,,0.6872520372689899,,,,,,44.2746,,,
103,K00705,,,0.7840000000000001,,,,,,8.1248,,,
104,K00721,,,0.7406656003039728,,,,,,20.1727,,,
105,K00759,,0.49700000000000016,,,,,,5.7014,,,,
106,K00760,,,0.6905683231677241,,,,,,61.087,,,
107,K00761,,,0.7490000000000001,,,,,,9.2086,,,
108,K00763,,,0.7455137233021286,,,,,,9.3139,,,
109,K00764,,,0.7175168927184918,,,,,,63.9149,,,
110,K00765,,,0.718,,,,,,15.7797,,,
111,K00766,,,0.7630845658301159,,,,,,25.8701,,,
112,K00768,,,0.810907602348814,,,,,,32.108399999999996,,,
113,K00772,,,0.716,,,,,,5.7272,,,
114,K00782,,,0.7663501341491348,,,,,,14.0597,,,
115,K00783,,,0.71,,,,,,6.0941,,,
116,K00784,,,0.7539999999999999,,,,,,10.9395,,,
117,K00789,,0.71,0.7041528651360455,,,,,3.9152,78.35090000000001,,,
118,K00790,,,0.6854886252521235,,,,,,14.3652,,,
119,K00791,,,0.7688923422264665,,,,,,21.1543,,,
120,K00793,,0.44384811996510865,0.6828629141986655,,,,,6.0061,6.1033,,,
121,K00794,,,0.7662545604866751,,,,,,30.8441,,,
122,K00796,,,0.757757313367895,,,,,,22.955800000000004,,,
123,K00797,,0.371,0.69,,,,,3.2041,6.8588,,,
124,K00798,,,0.7157066008047963,,,,,,32.5319,,,
125,K00799,,,0.5708618080999112,,,,,,16.7123,,,
126,K00800,,0.461,0.8031956211212551,,,0.813,,3.4885,12.204,,,5.3398
127,K00806,,,0.74,,,,,,6.9764,,,
128,K00817,,,0.7659999999999999,,,,,,16.9493,,,
129,K00820,,,0.6941476674613883,,,,,,72.05900000000001,,,
130,K00826,,,0.7040000000000001,,,,,,5.5704,,,
131,K00847,,,0.728,,,,,,5.013,,,
132,K00848,,,0.7559999999999999,,,,,,4.0924,,,
133,K00850,,,0.7070000000000001,,,,,,11.0795,,,
134,K00857,,,0.6849999999999999,,,,,,3.5416,,,
135,K00858,,,0.7186023886357957,,,,,,45.7773,,,
136,K00859,,,0.7179972824000915,,,,,,27.9621,,,
137,K00865,,,0.785889730343101,,,,,,37.6636,,,
138,K00873,0.725,,0.7067449378891933,,,,6.3996,,49.7643,,,
139,K00876,,,0.6809999999999999,,,,,,11.0624,,,
140,K00886,,,0.6450793225308707,,,,,,8.0475,,,
141,K00891,,,0.74,,,,,,8.6885,,,
142,K00919,,,0.760664803331996,,,,,,15.139199999999999,,,
143,K00925,,,0.7019562671349338,,,,,,34.243700000000004,,,
144,K00926,,,0.7500173901233532,,,,,,19.1617,,,
145,K00927,,0.428,0.7210952058218613,,,,,3.8021,48.8458,,,
146,K00936,,,0.7467475597090827,,,,,,25.5348,,,
147,K00937,,,0.7152610369248572,,,,,,49.7416,,,
148,K00939,,0.755,,,,,,9.4798,,,,
149,K00940,,,0.7138778532002998,,,,,,31.5224,,,
150,K00941,,,0.741,,,,,,7.8668,,,
151,K00942,,,0.7020000000000002,,,,,,6.7661,,,
152,K00943,,,0.7770108694640068,,,,,,14.668099999999999,,,
153,K00945,,,0.7629481760215576,,,0.7559999999999999,,,26.671899999999997,,,4.2212
154,K00946,,,0.7923263042996576,,,,,,26.985699999999998,,,
155,K00948,,,0.6850953961178067,,,,,,70.9575,,,
156,K00950,,,0.756373061956471,,,,,,14.2196,,,
157,K00952,,0.465,,,,,,5.2217,,,,
158,K00954,,,0.6574973109128236,,,,,,45.1033,,,
159,K00957,,,0.711,,,,,,11.1931,,,
160,K00958,,,0.754,,,,,,12.4407,,,
161,K00962,,,0.6974731595706981,,,,,,50.4759,,,
162,K00965,,,0.752,,,,,,7.6867,,,
163,K00969,,,0.7280853010052247,,,,,,33.922399999999996,,,
164,K00975,,,0.6901718942983331,,,,,,29.6102,,,
165,K00978,,,0.67,,,,,,10.6047,,,
166,K00981,,,0.7227376093418448,,,0.7103861129749934,,,33.8735,,,34.2198
167,K00982,,,,0.7909999999999999,,,,,,10.9633,,
168,K00986,,,0.6527711610861796,,,,,,26.465500000000002,,,
169,K00989,,,0.737401102841176,,,,,,15.291,,,
170,K00990,,,0.7843632217040618,,,,,,16.037599999999998,,,
171,K00997,,,0.7533167607441644,,,,,,21.1299,,,
172,K01000,,,0.6974406084017382,,,,,,20.0681,,,
173,K01005,,,0.7297971105505835,,,,,,115.94500000000002,,,
174,K01006,,,0.7064254095755839,,,,,,25.8453,,,
175,K01008,,,0.7493915860161192,,,,,,25.6387,,,
176,K01011,,,0.7090993310152124,,,,,,29.4701,,,
177,K01039,,,0.7339409112499874,,,,,,28.7506,,,
178,K01040,,,0.7041486512847873,,,,,,12.9351,,,
179,K01042,,,0.7909999999999999,,,,,,10.5962,,,
180,K01046,,,0.784,,,,,,9.7013,,,
181,K01048,,,0.679,,,,,,3.4178,,,
182,K01051,,,0.6639227970084445,,,,,,3.8906,,,
183,K01053,,,0.7190000000000001,,,,,,6.7917,,,
184,K01054,,,,,,0.7,,,,,,9.4614
185,K01055,,,0.7120000000000001,,,,,,5.8982,,,
186,K01056,,,0.7449507812611352,,,,,,21.0181,,,
187,K01057,,,0.807,,,,,,9.25,,,
188,K01061,,,0.7276657323447608,,,0.7764315749265172,,,34.033,,,14.9556
189,K01066,,,0.7388140407185745,,,,,,20.7916,,,
190,K01069,,,0.7386736109286514,,,,,,26.6149,,,
191,K01083,,,0.687,,,,,,5.6549,,,
192,K01104,,,0.7467708030673103,,,,,,18.4448,,,
193,K01113,,,0.7525917530468769,,,,,,24.2412,,,
194,K01114,,,0.7040000000000001,,,,,,3.8676,,,
195,K01115,,,0.754,,,,,,11.5413,,,
196,K01126,,,0.713,,,,,,3.6128,,,
197,K01129,,,0.762,,,,,,19.6446,,,
198,K01151,,,0.7562705127239226,,,,,,46.1815,,,
199,K01155,,,0.635,,,,,,1.8424,,,
200,K01159,,,0.7492950846091392,,,,,,31.398399999999995,,,
201,K01174,,,0.7711100305340405,,,,,,13.8132,,,
202,K01179,,,0.653,,,,,,4.3074,,,
203,K01181,,,0.7106250719578195,,,,,,14.1618,,,
204,K01195,,,0.6920000000000001,,,,,,7.9283,,,
205,K01206,,,0.6803404065855647,,,,,,6.3643,,,
206,K01207,,,0.79,,,,,,5.9616,,,
207,K01209,,,0.692634981139578,,,,,,17.7235,,,
208,K01246,,,0.7174153943089153,,,,,,38.3748,,,
209,K01251,,,0.6878202122971762,,,,,,167.88439999999997,,,
210,K01255,,,0.7340000000000001,,,,,,14.7854,,,
211,K01259,,,0.7308270612773242,,,,,,9.039200000000001,,,
212,K01262,,,0.764,,,,,,7.3605,,,
213,K01265,,,0.7440791128661361,,,,,,40.3106,,,
214,K01266,,,0.6892270513380602,,,,,,15.9969,,,
215,K01271,,,0.764,,,,,,7.3605,,,
216,K01273,,,0.688,,,,,,5.2454,,,
217,K01286,,,0.714,,,,,,3.4015,,,
218,K01295,,,0.7746154068254851,,,,,,16.2056,,,
219,K01297,,,0.75,,,,,,7.2655,,,
220,K01356,,,0.7145294958642713,,,,,,38.058299999999996,,,
221,K01358,,,0.6945870410271368,,,,,,129.1375,,,
222,K01372,,,0.611,,,,,,2.9417,,,
223,K01409,,,0.744883306929971,,,,,,45.797799999999995,,,
224,K01417,,,0.7020000000000001,,,,,,6.3385,,,
225,K01426,,,0.7752334024760608,,,,,,27.0136,,,
226,K01443,,,0.7621432779821335,,,,,,21.5264,,,
227,K01447,,,0.616,,,,,,5.8632,,,
228,K01455,,,0.6941645205533755,,,,,,75.8532,,,
229,K01462,,,0.7101730839881817,,,,,,35.6006,,,
230,K01463,,,0.71,,,,,,10.307,,,
231,K01470,,0.742,0.699716473916106,,,,,9.5443,21.4444,,,
232,K01477,,,0.74,,,,,,8.9469,,,
233,K01478,,,0.7296715813442434,,,,,,42.1352,,,
234,K01480,,,0.753,,,,,,17.1224,,,
235,K01482,,,0.7867075303260467,,,,,,12.1711,,,
236,K01485,,,0.7340000000000001,,,,,,5.7634,,,
237,K01489,,,0.772,,,0.8109999999999999,,,7.945,,,16.004
238,K01493,,,0.6559999999999999,,,,,,8.8803,,,
239,K01494,,,0.6913521236937004,,,,,,20.7739,,,
240,K01495,,,0.6884330565412913,,,,,,61.4597,,,
241,K01497,,,0.7169533257149361,,,,,,30.906499999999998,,,
242,K01501,,,0.687,,,,,,6.4441,,,
243,K01507,,,0.6793787564462153,,,,,,45.4525,,,
244,K01512,,0.7909999999999999,0.737,,,,,5.8125,10.4916,,,
245,K01524,,,0.765,,,,,,5.277,,,
246,K01551,,,0.7075584394424843,,,,,,67.9933,,,
247,K01556,,,0.7608713906944363,,,,,,14.147,,,
248,K01560,,,0.7428562792349431,,,,,,23.662799999999997,,,
249,K01561,,,0.723,,,,,,8.4332,,,
250,K01579,,,0.655,,,,,,4.4251,,,
251,K01581,,,0.73,,,,,,3.4433,,,
252,K01588,,,0.7166808348380079,,,,,,30.731700000000004,,,
253,K01595,,,0.7685199353150868,,,,,,75.99159999999999,,,
254,K01596,,,0.6779999999999999,,,,,,26.7315,,,
255,K01599,,,0.7403656242037328,,,,,,24.5437,,,
256,K01607,,,0.6987372903494155,,,,,,46.296400000000006,,,
257,K01610,,,0.6778509598780603,,,,,,52.281299999999995,,,
258,K01619,,,0.7136693416411356,,,,,,84.9757,,,
259,K01620,,,0.766,,,,,,16.5673,,,
260,K01621,,,0.6922697603087524,,,,,,62.4297,,,
261,K01623,,,0.7259158079811296,,,,,,35.66460000000001,,,
262,K01624,,,0.6969296932715333,,,,,,33.6111,,,
263,K01625,,,0.789,,,,,,6.4411,,,
264,K01626,,,0.7373292326307039,,,,,,39.4329,,,
265,K01628,,,0.7779999999999999,,,,,,8.6933,,,
266,K01633,,,0.745,,,,,,13.6951,,,
267,K01637,,0.726,0.7430120423419178,,,,,6.4694,40.6292,,,
268,K01638,,,0.7140599326919336,,,,,,64.9763,,,
269,K01640,,,0.777,,,,,,5.4029,,,
270,K01644,,,0.662,,,,,,13.3568,,,
271,K01653,,0.43,0.7125390940558901,,,,,2.6848,26.0032,,,
272,K01662,,,0.729091516957187,,,,,,18.6942,,,
273,K01673,,,0.6905602630586286,,,,,,27.8677,,,
274,K01689,,,0.7022046913617741,,,,,,134.9276,,,
275,K01692,,,0.74,,,,,,13.3061,,,
276,K01695,,,0.792141844524104,,,,,,32.4598,,,
277,K01698,,,0.746535510783568,,,,,,42.0226,,,
278,K01704,,,0.7129626213533752,,,,,,35.1802,,,
279,K01712,,,0.7382800269723254,,,,,,31.1432,,,
280,K01719,,0.7689999999999999,0.7400275671655062,,,0.8000000000000002,,7.8013,30.3136,,,7.016
281,K01720,,,0.767,,,,,,11.8594,,,
282,K01724,,,0.7419409814110789,,,0.705,,,18.4661,,,5.3782
283,K01725,,,0.551,,,,,,3.0934,,,
284,K01730,,,0.664,,,,,,3.0931,,,
285,K01733,,,0.7586168906099401,,,,,,24.5141,,,
286,K01736,,0.5920000000000001,0.779243795684335,,,,,3.0659,16.398200000000003,,,
287,K01737,,,,,,0.7659999999999999,,,,,,11.4202
288,K01749,,0.464,0.7906453823779608,,,,,4.0913,26.3154,,,
289,K01752,,,0.7390000000000001,,,,,,5.09,,,
290,K01754,,,0.769363481538915,,,,,,23.580399999999997,,,
291,K01755,,,0.7587467906264783,,,,,,22.2498,,,
292,K01756,,,0.7559999999999999,,,,,,10.7042,,,
293,K01768,,,0.6780760199942285,,,,,,26.0175,,,
294,K01772,,,0.7364196066880166,,,0.757,,,18.677500000000002,,,8.347
295,K01775,,,0.7773455200349908,,,,,,17.6565,,,
296,K01776,,,0.732127896188889,,,,,,24.3405,,,
297,K01778,,,0.7463988225999568,,,,,,25.2748,,,
298,K01779,,,0.737,,,,,,7.4194,,,
299,K01783,,,0.745149843448806,,,,,,17.0479,,,
300,K01784,,,0.7490000000000001,,,,,,12.861,,,
301,K01785,,,0.725958917676395,,,,,,52.417699999999996,,,
302,K01790,,,0.723,,,,,,8.6303,,,
303,K01795,,,0.721,,,,,,2.0522,,,
304,K01803,,,0.7420109988856111,,,,,,25.373900000000003,,,
305,K01804,,,0.743,,,,,,7.484,,,
306,K01805,,,0.7039953898022909,,,,,,32.1512,,,
307,K01807,,,0.7631678743430294,,,,,,12.4728,,,
308,K01808,,,0.735446937795234,,,,,,14.610699999999998,,,
309,K01809,,,0.77,,,,,,12.2042,,,
310,K01810,,,0.7027008160714707,,,,,,81.78829999999999,,,
311,K01812,,,0.747,,,,,,9.1832,,,
312,K01816,,,0.7609999999999999,,,,,,14.1059,,,
313,K01820,,,0.6759999999999999,,,,,,6.0612,,,
314,K01821,,0.401,0.703,,,,,3.2115,5.0557,,,
315,K01823,,,0.7492620779494874,,,,,,12.714400000000001,,,
316,K01839,,,0.7367515340180976,,,,,,23.3326,,,
317,K01845,,,0.73095572977935,,,,,,42.0196,,,
318,K01849,,,0.7190000000000001,,,,,,9.2403,,,
319,K01854,,,0.6373558512991103,,,,,,36.0818,,,
320,K01858,,0.444,0.6609277696409434,,,,,4.2429,71.1421,,,
321,K01865,,,0.603,,,,,,1.8507,,,
322,K01866,,,0.6654796450267817,,,,,,33.9993,,,
323,K01867,,,0.7112392081680531,,,,,,33.78,,,
324,K01868,,0.459,0.6928282577117079,,,,,5.3916,133.2032,,,
325,K01872,,,0.6996305558342294,,,,,,52.2196,,,
326,K01874,,,0.7270937929001182,,,,,,44.645700000000005,,,
327,K01875,,,0.7087843900676426,,,,,,53.90480000000001,,,
328,K01880,,,0.7099040626764207,,,,,,36.799800000000005,,,
329,K01881,,,0.6976673462537788,,,,,,54.0165,,,
330,K01883,,,0.731,,,,,,14.9338,,,
331,K01887,,,0.7221852475158914,,,,,,31.997799999999998,,,
332,K01889,,,0.7376617815350319,,,,,,53.2201,,,
333,K01890,,,0.7559999999999999,,,,,,12.0785,,,
334,K01912,,,0.729043033539824,0.7390000000000002,,,,,66.3617,7.3178,,
335,K01915,,0.701,0.6906554781396325,,,,,8.6652,328.14560000000006,,,
336,K01918,,,0.775,0.76,,,,,11.3341,2.2262,,
337,K01920,,,0.643,,,,,,2.949,,,
338,K01921,,,0.7102922243540374,,,,,,32.8709,,,
339,K01923,,,0.7584218640081861,,,,,,19.9788,,,
340,K01926,,,0.6940985076870602,,,,,,57.6584,,,
341,K01933,,,0.7392911537361583,,,,,,54.2606,,,
342,K01934,,,0.6981932326647668,,,,,,30.769999999999996,,,
343,K01937,,,0.6879548653611612,,,,,,98.1607,,,
344,K01939,,,0.7040505761738234,,,,,,65.6741,,,
345,K01940,,,0.7225815469964787,,,,,,45.072500000000005,,,
346,K01945,,,0.7776615590196893,,,,,,39.533100000000005,,,
347,K01951,,,0.710889749427877,,,,,,108.866,,,
348,K01953,,,0.622,,,,,,2.8033,,,
349,K01971,,,0.7375557195866359,,,,,,36.8129,,,
350,K01972,,,0.7175078834257526,,,,,,132.98420000000002,,,
351,K01974,,,0.701,,,,,,4.833,,,
352,K01975,,,0.7931734181352987,,,,,,20.1773,,,
353,K01990,,,0.7471590979016494,,,,,,104.32339999999999,,,
354,K01991,,,0.6859999999999999,,,,,,2.8737,,,
355,K01992,,,0.7248066723455767,,,,,,13.4202,,,
356,K01995,,,0.7058402729914529,,,,,,20.0765,,,
357,K01996,,,0.7238963828333669,,,,,,39.2655,,,
358,K01997,,,0.7062011331551405,,,,,,13.4488,,,
359,K01998,,,0.7090000000000001,,,,,,7.6331,,,
360,K01999,,,0.6910228099112212,,,,,,22.0813,,,
361,K02002,,,0.602,,,,,,5.0736,,,
362,K02003,,,0.6959222164552967,,,,,,26.8661,,,
363,K02004,,,0.7305060037744945,,,0.773,,,127.35779999999998,,,5.5232
364,K02008,,,0.746,,,,,,9.364,,,
365,K02015,,,0.7580688223872508,,,0.8,,,21.982599999999998,,,8.9628
366,K02016,,,0.7275811120500414,,,,,,19.4028,,,
367,K02018,,,0.7609999999999999,,,,,,15.1871,,,
368,K02020,,,0.73,,,,,,14.1929,,,
369,K02027,,,0.6739664748206153,,,,,,15.0081,,,
370,K02029,,,0.7016414204487386,,,,,,42.551300000000005,,,
371,K02030,,,0.6841604860721171,,,,,,57.5017,,,
372,K02032,,,0.6859999999999999,,,,,,32.3512,,,
373,K02033,,,0.6741318953352199,,,,,,40.298199999999994,,,
374,K02034,,,0.6983435155548777,,,,,,47.666,,,
375,K02035,,,0.649,,,,,,13.353,,,
376,K02039,,,0.6913070749077026,,,,,,20.7301,,,
377,K02040,,,0.6840621954722446,,,,,,31.009099999999997,,,
378,K02046,,,0.706,,,,,,15.4328,,,
379,K02050,,,0.6656263969295954,,,,,,21.8225,,,
380,K02051,,,0.65,,,,,,6.6399,,,
381,K02057,,,0.6709999999999999,,,,,,20.4199,,,
382,K02066,,,0.6684747537276908,,,,,,100.3409,,,
383,K02067,,,0.7020000000000001,,,,,,1.9031,,,
384,K02078,,,,,,0.6692824381340899,,,,,,17.8074
385,K02101,,,0.742,,,,,,11.0884,,,
386,K02108,,,0.6546434854478338,,,,,,21.7073,,,
387,K02109,,,0.7141302091326088,,,,,,21.7073,,,
388,K02110,,,0.6841727628738593,,,,,,36.324799999999996,,,
389,K02113,,,0.751,,,0.755,,,4.8851,,,10.4165
390,K02114,,,0.7609999999999999,,,,,,7.5021,,,
391,K02115,,,0.723,,,,,,11.6564,,,
392,K02116,,,0.7139967226786764,,,,,,21.9112,,,
393,K02188,,,,,,0.644,,,,,,3.698
394,K02192,,,,,,0.736,,,,,,6.5584
395,K02197,,,0.723,,,,,,2.0817,,,
396,K02199,,,0.7710594786357982,,,,,,30.390799999999995,,,
397,K02221,,,0.6017178731369834,,,0.5924407228522909,,,13.3277,,,25.424300000000002
398,K02231,,,0.7529969290621419,,,,,,21.2256,,,
399,K02233,,,0.8081893105687237,,,0.799,,,7.5816,,,9.6318
400,K02237,,,0.8359999999999999,,,,,,4.7932,,,
401,K02238,,,0.7474920022843905,,,,,,16.7805,,,
402,K02242,,,0.682,,,,,,2.3418,,,
403,K02257,,,0.7120465511985942,,,,,,32.7457,,,
404,K02259,,,0.7550887531270334,,,,,,21.2147,,,
405,K02275,,,0.6778372765160374,,,,,,33.496300000000005,,,
406,K02276,,,0.6835565655364907,,,,,,29.8641,,,
407,K02279,,,0.8320000000000001,,,0.7659999999999999,,,5.9339,,,7.4202
408,K02283,,,0.703,,,,,,19.6731,,,
409,K02300,,,0.624,,,,,,3.5171,,,
410,K02304,,,0.718,,,,,,13.5024,,,
411,K02313,,,0.6890743401871285,,,,,,49.860200000000006,,,
412,K02314,,,0.6966191580076011,,,,,,88.18470000000002,,,
413,K02316,,,0.7251957239035064,,,,,,39.939,,,
414,K02338,,,0.698736283679835,,,0.7292036776238799,,,46.374,,,17.0247
415,K02340,,,,,,0.7681455914244522,,,,,,17.714100000000002
416,K02342,,,0.7301528662563993,,,,,,20.6589,,,
417,K02343,,,0.7120000000000001,,,,,,16.3347,,,
418,K02351,,,0.7564477573549326,,,,,,25.6092,,,
419,K02356,,,0.6795253139709819,,,,,,42.652100000000004,,,
420,K02357,,,0.6969927846916875,,,,,,29.2783,,,
421,K02358,,,0.6655471077694007,,,,,,68.449,,,
422,K02379,,,0.753,,,,,,11.0044,,,
423,K02380,,,0.75,,,,,,4.1392,,,
424,K02385,,,0.7290000000000001,,,0.691,,,9.796,,,5.4233
425,K02405,,,0.672,,,,,,13.3748,,,
426,K02408,,,0.562,,,,,,2.528,,,
427,K02416,,,0.6259765157921685,,,,,,8.4535,,,
428,K02426,,,0.7515796879021304,,,,,,24.755899999999997,,,
429,K02428,,,0.7759999999999999,,,,,,9.8744,,,
430,K02429,,,0.633,,,,,,7.9411,,,
431,K02431,,,0.74,,,,,,6.8046,,,
432,K02435,,,0.7187623814273714,,,,,,18.7164,,,
433,K02437,,,0.6962501386523274,,,,,,22.0423,,,
434,K02440,,,0.6890000000000001,,,,,,10.7426,,,
435,K02443,,,0.664,,,,,,4.8163,,,
436,K02459,,,,,,0.703,,,,,,5.83
437,K02466,,,,,,0.7585019700158215,,,,,,8.524799999999999
438,K02476,,,0.731,,,,,,8.3819,,,
439,K02483,,,0.7230698009439456,,,,,,24.808100000000003,,,
440,K02484,,,0.7290000000000001,,,,,,7.087,,,
441,K02492,,0.45299999999999996,0.7626867367147385,,,,,2.6505,44.088199999999986,,,
442,K02503,,,0.7251290742420087,,,,,,19.4622,,,
443,K02510,,,0.7780000000000001,,,,,,6.7113,,,
444,K02518,,,0.646723884194363,,,,,,31.3249,,,
445,K02519,,,0.727,,,,,,15.9629,,,
446,K02520,,,0.6819528522317784,,,,,,56.08320000000001,,,
447,K02553,,,0.742,,,,,,7.4958,,,
448,K02556,,,0.6521978265168709,,,,,,6.933,,,
449,K02563,,,0.7871643276636732,,,,,,18.8706,,,
450,K02564,,,0.684,,,,,,3.6705,,,
451,K02566,,,0.7095726508044482,,,,,,28.1938,,,
452,K02575,,,0.74,,,,,,7.4827,,,
453,K02600,,0.4149999999999999,0.7019454422446832,,,,,3.7946,114.4862,,,
454,K02601,,,0.6562440864504692,,,,,,57.38000000000001,,,
455,K02609,,,0.680886239332057,,,,,,50.117599999999996,,,
456,K02610,,,0.7370809974199863,,,,,,14.1088,,,
457,K02611,,,0.7559999999999999,,,,,,6.6224,,,
458,K02614,,,0.7168321117137517,,,,,,18.4678,,,
459,K02616,,,0.7,,,,,,1.8133,,,
460,K02651,,,0.6399379194270121,,,0.7040000000000002,,,7.6370000000000005,,,4.0626
461,K02662,,,0.649,,,,,,4.8552,,,
462,K02664,,,,,,0.735,,,,,,6.4341
463,K02669,,,0.696,,,,,,8.0364,,,
464,K02687,,,0.7120000000000001,,,,,,6.7887,,,
465,K02782,,,0.696,,,,,,7.8125,,,
466,K02783,,,0.701,,,,,,8.425,,,
467,K02800,,,0.6779999999999999,,,,,,6.561,,,
468,K02825,,,0.7231970736379216,,,,,,31.3586,,,
469,K02834,,,0.7290000000000001,,,0.73,,,3.6119,,,10.3333
470,K02838,,,0.6978292668876726,,,,,,54.0509,,,
471,K02851,,,0.722,,,,,,7.8433,,,
472,K02860,,,0.805,,,,,,11.0936,,,
473,K02863,,,0.7020547541885521,,,,,,57.1558,,,
474,K02864,,,0.7309999999999999,,,,,,18.3925,,,
475,K02867,,0.476,0.6791444080586043,,,,,6.7217,77.74770000000001,,,
476,K02871,,,0.6924001013627525,,,,,,41.857200000000006,,,
477,K02874,,,0.6823760119846409,,,,,,68.5907,,,
478,K02876,,,0.7277536125010773,,,,,,28.6815,,,
479,K02878,,,0.6845870288726228,,,,,,71.5912,,,
480,K02879,,,0.7108931404938678,,,,,,45.1289,,,
481,K02881,,0.454,0.7537619237071794,,,,,3.4901,27.9091,,,
482,K02884,,,0.6634519793964483,,,,,,35.6473,,,
483,K02886,,,0.7117459856733004,,,,,,65.6728,,,
484,K02887,,,0.7098406818279581,,,,,,40.032300000000006,,,
485,K02888,,,0.6858585210325783,,,,,,37.5905,,,
486,K02890,,,0.7251837978573725,,,,,,32.0345,,,
487,K02892,,,0.6575598216241667,,,,,,50.1149,,,
488,K02895,,,0.706557889683808,,,,,,24.4792,,,
489,K02897,,,0.742629263776274,,,0.75,,,23.8333,,,2.8084
490,K02899,,,0.7029630647510636,,,,,,45.479299999999995,,,
491,K02902,,,0.6877939592366812,,,,,,26.1582,,,
492,K02904,,,0.69,,,,,,25.3265,,,
493,K02906,,,0.7054173011779303,,,,,,25.779,,,
494,K02907,,,0.6824933753451862,,,,,,20.898,,,
495,K02909,,,0.6554751040655342,,,,,,21.273,,,
496,K02913,,,0.657,,,,,,10.2243,,,
497,K02914,,,0.687761410720872,,,,,,10.3585,,,
498,K02916,,,0.6317656641483713,,,0.728,,,11.4283,,,14.1365
499,K02919,,,0.614,,,,,,23.7293,,,
500,K02926,,,0.7281497919800942,,,,,,22.8049,,,
501,K02931,,,0.692607525363007,,,,,,61.8382,,,
502,K02933,,,0.692296644716212,,,,,,26.2827,,,
503,K02935,,,0.7326522272912472,,,,,,23.225,,,
504,K02939,,,0.7240093642184694,,,0.7140000000000001,,,33.1949,,,12.7172
505,K02945,,,0.6582330608578081,,,,,,136.3721,,,
506,K02946,,,0.621536518796722,,,,,,76.5367,,,
507,K02948,,,0.7185929759596374,,,,,,56.9414,,,
508,K02950,,,0.6842342348612895,,,,,,66.8237,,,
509,K02952,,,0.688,,,,,,23.7293,,,
510,K02954,,,0.6732045301520179,,,,,,36.967,,,
511,K02956,,,0.648,,,,,,4.3086,,,
512,K02959,,,0.7017993037770508,,,,,,29.159,,,
513,K02961,,,0.6824500691202167,,,,,,51.8479,,,
514,K02963,,,0.655099014694837,,,,,,33.1949,,,
515,K02965,,,0.6605591207319252,,,,,,35.536899999999996,,,
516,K02967,,,0.6841230754148238,,,,,,58.431599999999996,,,
517,K02968,,,0.6858590864525218,,,,,,13.8203,,,
518,K02979,,0.413,,,,,,2.9386,,,,
519,K02982,,,0.689860475168473,,,,,,117.85239999999999,,,
520,K02986,,,0.6753424811363845,,,,,,81.9467,,,
521,K02988,,,0.737,,,,,,13.4738,,,
522,K02990,,,0.6531237286612652,,,,,,25.5093,,,
523,K02992,,,0.6927953515984835,,,,,,46.3785,,,
524,K02994,,,0.6813634993063545,,,,,,14.6994,,,
525,K02996,,,0.7059196474250099,,,,,,25.5539,,,
526,K03040,,,0.680778977388574,,,,,,149.16289999999995,,,
527,K03046,,,0.696,,,,,,22.3727,,,
528,K03060,,,0.6932885400708144,,,,,,26.4435,,,
529,K03070,,,0.6732615794649629,,,,,,147.3261,,,
530,K03073,,,,,,0.7226750195624256,,,,,,29.8301
531,K03075,,,0.6817176302555845,,,,,,15.7507,,,
532,K03076,,,0.6456989588730038,,,,,,29.2162,,,
533,K03086,,,0.66,,,,,,43.7149,,,
534,K03088,,,0.7326189800771999,,,0.7367193636902482,,,584.6139999999995,,,47.3904
535,K03090,,,0.722887865535314,,,,,,29.0456,,,
536,K03092,,,0.6471462216781116,,,,,,22.2023,,,
537,K03100,,,0.7052746728104826,,,,,,45.1174,,,
538,K03101,,,0.7056081860437858,,,,,,15.2441,,,
539,K03111,,,0.722329229675989,,,0.6910474797088354,,,162.1451,,,55.3262
540,K03116,,,0.5750297378005972,,,,,,10.0114,,,
541,K03118,,0.342,0.6997700052001012,,,,,3.0041,27.098,,,
542,K03120,,0.464,,,,,,5.0945,,,,
543,K03147,,,0.6667986408085221,,,,,,87.1268,,,
544,K03149,,,0.7485189531794108,,,,,,46.4841,,,
545,K03154,,,0.7806132105905644,,,0.75,,,25.6558,,,7.0233
546,K03177,,,0.777,,,,,,12.3275,,,
547,K03187,,0.44,,,,,,3.6996,,,,
548,K03189,,,0.695,,,,,,7.6063,,,
549,K03210,,,0.703,,,,,,12.2721,,,
550,K03217,,,0.6246769476241835,,,,,,18.6827,,,
551,K03218,,,0.7496474420754037,,,,,,13.3032,,,
552,K03236,,0.39,,,,,,5.341,,,,
553,K03238,,0.417,,,,,,3.2802,,,,
554,K03243,,0.48199999999999993,,,,,,4.8019,,,,
555,K03271,,,0.7567841230872742,,,,,,39.4439,,,
556,K03273,,,0.7881045942885925,,,,,,13.9603,,,
557,K03282,,,0.7054711689586572,,,,,,12.459499999999998,,,
558,K03284,,,0.6881669608153886,,,,,,51.2677,,,
559,K03299,,,0.557,,,,,,4.6667,,,
560,K03303,,,0.7044451686868152,,,,,,16.6139,,,
561,K03313,,,0.7103534901489931,,,,,,6.1267,,,
562,K03320,,0.735,0.7062739762810075,,,,,6.8538,47.4615,,,
563,K03335,,,0.7341165668189543,,,,,,31.7429,,,
564,K03337,,,0.7299854730961062,,,,,,15.354700000000001,,,
565,K03338,,,0.7559999999999999,,,,,,6.9351,,,
566,K03365,,,0.721,,,,,,8.0599,,,
567,K03366,,,0.723,,,,,,5.0523,,,
568,K03392,,,0.778,,,,,,7.8721,,,
569,K03402,,,0.772045172533837,,,0.7829999999999999,,,29.797400000000003,,,2.906
570,K03406,,,0.6995988064301328,,,,,,25.064500000000002,,,
571,K03417,,,0.738,,,,,,8.2515,,,
572,K03424,,,0.7631050339175975,,,,,,21.444200000000002,,,
573,K03432,,,0.6783865209544493,,,,,,16.4928,,,
574,K03438,,,0.766738385072717,,,,,,16.6836,,,
575,K03439,,,0.679,,,,,,2.1773,,,
576,K03455,,,0.7565999798139018,,,,,,22.002100000000002,,,
577,K03464,,,0.701,,,,,,6.0018,,,
578,K03465,,,0.7140000000000001,,,,,,8.1078,,,
579,K03466,,,0.7280665138290474,,,,,,176.18550000000002,,,
580,K03470,,,0.739466536009516,,,,,,14.5389,,,
581,K03496,,,0.6816584709475866,,,,,,98.76520000000001,,,
582,K03497,,,0.6638147610782361,,,,,,24.073199999999996,,,
583,K03498,,,0.716,,,,,,6.7604,,,
584,K03499,,,0.7280000000000001,,,,,,8.8065,,,
585,K03501,,,,,,0.733,,,,,,8.6107
586,K03517,,,0.7116339260541312,,,,,,39.7064,,,
587,K03518,,,0.713872663261858,,,,,,36.921499999999995,,,
588,K03519,,,0.7490000000000001,,,,,,11.7938,,,
589,K03521,,,0.6961716962950237,,,,,,85.616,,,
590,K03522,,,0.6973161536358166,,,,,,53.821799999999996,,,
591,K03523,,,0.7490000000000001,,,,,,12.0042,,,
592,K03525,,,0.7198764303185863,,,,,,25.255399999999998,,,
593,K03526,,,0.7172282931127576,,,,,,96.9415,,,
594,K03527,,,0.7187767492897638,,,,,,44.3386,,,
595,K03530,,,0.6981897577021371,,,,,,24.9806,,,
596,K03531,,,0.7083759701413398,,,,,,109.8698,,,
597,K03536,,,0.767,,,,,,9.2734,,,
598,K03544,,,0.6571057478838936,,,,,,185.38699999999997,,,
599,K03545,,,0.7155165510077169,0.726,,,,,24.872999999999998,11.9641,,
600,K03547,,,0.745,,,,,,9.6536,,,
601,K03550,,,0.7736283874108503,,,,,,16.587600000000002,,,
602,K03551,,,0.7302068584483193,,,,,,54.9607,,,
603,K03553,,,0.6863040130101179,,,,,,153.92079999999999,,,
604,K03556,,,0.7460523582433619,,,,,,392.8376000000001,,,
605,K03558,,,,,,0.75,,,,,,12.8608
606,K03559,,,0.6817429164010614,,,,,,15.110700000000001,,,
607,K03561,,,0.6436601549452786,,,,,,14.1615,,,
608,K03564,,,0.703,,,,,,12.7298,,,
609,K03565,,,0.8079999999999999,,,,,,9.5386,,,
610,K03569,,,0.7007460773133757,,,,,,130.73610000000002,,,
611,K03570,,,0.775,,,0.779,,,6.6443,,,7.5123
612,K03574,,,0.7180849519037067,,,0.757,,,37.0097,,,4.4724
613,K03581,,,0.742,,,,,,13.0523,,,
614,K03584,,,0.7859999999999999,,,0.7761935843530985,,,2.3725,,,17.8405
615,K03588,,,0.731,,,,,,10.2785,,,
616,K03589,,,0.7954499932245541,,,,,,7.3674,,,
617,K03593,,,0.7155635752040576,,,,,,34.5499,,,
618,K03594,,,0.660957925178412,,,,,,20.2513,,,
619,K03595,,,0.723499339543723,,,,,,25.457400000000003,,,
620,K03601,,,0.7543236597552901,,,,,,9.6674,,,
621,K03621,,,0.655,,,,,,6.4523,,,
622,K03624,,,0.614,,,,,,4.7412,,,
623,K03625,,,0.7343028285671067,,,,,,11.159600000000001,,,
624,K03627,,0.4320000000000001,,,,,,4.5442,,,,
625,K03628,0.679,,0.6821134456245616,,,,15.0799,,114.1718,,,
626,K03629,,,0.7555967920867016,,,,,,22.9748,,,
627,K03630,,,0.677,,,,,,2.4845,,,
628,K03631,,,0.784523832666914,,,,,,24.7242,,,
629,K03635,,,0.7440834709258977,0.7509999999999999,,,,,35.8373,4.2306,,
630,K03636,,,0.7125631332088956,,,0.78,,,27.952599999999997,,,5.7785
631,K03637,,,0.7509312376926688,,,,,,30.097900000000003,,,
632,K03639,,0.426,0.6955875219136285,,,,,2.8426,33.5717,,,
633,K03640,,,0.6940000000000001,,,,,,1.7975,,,
634,K03641,,,0.7340000000000001,,,,,,7.1126,,,
635,K03642,,,0.6932262278870492,,,,,,4.6947,,,
636,K03644,,0.4610000000000001,0.7261445346920685,,,,,2.6491,58.178399999999996,,,
637,K03649,,,0.7879999999999999,,,,,,11.3138,,,
638,K03652,,,0.8036440314036603,,,,,,17.5172,,,
639,K03655,,,0.742,,,,,,12.1649,,,
640,K03664,,,0.7122424185595712,,,,,,38.9584,,,
641,K03665,,,0.7266996245189602,,,,,,46.9729,,,
642,K03671,,0.457,0.7049442227836574,,,,,5.7785,26.6131,,,
643,K03676,,,0.633,,,,,,2.9952,,,
644,K03684,,,0.7819999999999999,,,,,,9.7174,,,
645,K03685,,,0.7390000000000001,,,,,,9.3069,,,
646,K03687,,0.455,0.6904930433572942,,,,,3.5058,27.6495,,,
647,K03701,,,0.6767866849652812,,,,,,50.9855,,,
648,K03702,,,0.6848061519743832,,,,,,63.1528,,,
649,K03704,,,0.6535778658852298,,,,,,110.5027,,,
650,K03705,,,0.7142364856324864,,,,,,31.071199999999997,,,
651,K03709,,0.411,0.727,,,,,3.3878,12.753,,,
652,K03710,,,0.765,,,,,,7.5927,,,
653,K03711,,,0.7550000000000001,,,,,,8.3034,,,
654,K03718,,0.378,0.7184668438922847,,,,,3.4534,15.609399999999999,,,
655,K03719,,,0.7328836702795094,,,,,,28.3584,,,
656,K03722,,,0.7753692520468963,,,,,,19.551099999999998,,,
657,K03723,,,0.715,,,,,,22.2392,,,
658,K03724,,,0.7427049562995145,,,,,,42.1174,,,
659,K03733,,,0.769,,,,,,10.3081,,,
660,K03741,,,0.6880698733629871,,,,,,33.3277,,,
661,K03742,,,0.7578815644712568,,,,,,20.6575,,,
662,K03744,,,0.675944986832775,,,,,,31.9279,,,
663,K03750,,,0.7817413971025917,,,,,,14.8493,,,
664,K03752,,,0.8290000000000001,,,0.821,,,7.4482,,,8.2583
665,K03768,,,0.6900676114279535,,,,,,21.065,,,
666,K03781,,,0.6665290184276572,,,,,,14.3961,,,
667,K03782,,,0.667,,,,,,15.99,,,
668,K03783,,,0.7726357123803379,,,,,,16.597,,,
669,K03787,,,0.667,,,,,,5.6736,,,
670,K03789,,,0.714792702247533,,,,,,23.545,,,
671,K03790,,,0.70048783035954,,,,,,22.2205,,,
672,K03797,,,0.7128854366449304,,,,,,5.6716,,,
673,K03799,,0.386,0.7030587786007222,,,,,2.4554,64.4323,,,
674,K03801,,,0.747,,,,,,10.2992,,,
675,K03817,,,0.6559999999999999,,,,,,4.3206,,,
676,K03820,,,0.7813259339982975,,,,,,28.9053,,,
677,K03821,,,0.6989054868142835,,,,,,33.1327,,,
678,K03824,,,0.6809999999999999,,,,,,2.8498,,,
679,K03841,,,0.6679999999999999,,,,,,5.1742,,,
680,K03885,,,0.7627885441648088,0.723,,,,,43.4813,9.4475,,
681,K03888,,,0.667,,,,,,19.5175,,,
682,K03889,,,0.7631948517235746,,,0.755,,,14.218900000000001,,,9.2808
683,K03890,,,0.7378710578655324,,,,,,18.5701,,,
684,K03892,,,0.7195691651902123,,,,,,37.1825,,,
685,K03921,,,0.691,,,,,,4.9605,,,
686,K03924,,0.722,0.7017589685835496,,,,,9.4397,165.21339999999998,,,
687,K03925,,,0.7052950302405404,,,,,,23.5065,,,
688,K03926,,,0.7255361758576027,,,,,,15.9252,,,
689,K03928,,,0.737,,,,,,14.7784,,,
690,K03930,,,0.715,,,,,,3.9545,,,
691,K03969,,,0.6749999999999999,,,,,,18.4119,,,
692,K03973,,,0.686779428607282,,,0.585,,,32.506299999999996,,,2.4491
693,K03975,,,0.7305361956763609,,,0.81,,,29.374299999999998,,,7.3805
694,K03976,,,0.75,,,,,,13.901,,,
695,K03979,,,0.750347550805549,,,,,,35.5238,,,
696,K04028,,,0.6940000000000002,,,,,,6.0465,,,
697,K04063,,,0.719662353671057,,,,,,29.285600000000002,,,
698,K04065,,,0.64,,,,,,3.0351,,,
699,K04066,,,0.7127833577215142,,,,,,22.3053,,,
700,K04069,,,0.654,,,,,,6.9055,,,
701,K04070,,,0.6988065993644053,,,,,,24.934199999999997,,,
702,K04074,,,0.7226663746266976,,,0.7290000000000002,,,19.9019,,,5.9879
703,K04075,,,0.809,,,,,,9.6642,,,
704,K04077,,,0.6727708775746014,,,,,,410.8598,,,
705,K04078,,,0.6683328445542613,,,,,,82.83239999999998,,,
706,K04085,,0.443,0.7520778594328541,,,,,3.6995,21.170900000000003,,,
707,K04096,,,0.7856937035181853,,,,,,19.4063,,,
708,K04343,,,0.7340000000000001,,,0.648,,,2.9206,,,2.3074
709,K04477,,,0.773,,,,,,11.3919,,,
710,K04485,,,0.7227036311816263,,,,,,68.96860000000001,,,
711,K04488,,,0.72,,,,,,17.2148,,,
712,K04564,,0.43900000000000006,0.638831540396207,,,,,3.8833,32.507,,,
713,K04567,,,0.7224824098118141,,,,,,26.2188,,,
714,K04651,,,0.7540459348275097,,,0.76,,,16.176199999999998,,,5.1569
715,K04652,,,0.6646547875270287,,,,,,14.8676,,,
716,K04653,,,0.6846305970995962,,,,,,30.938599999999997,,,
717,K04654,,,0.6687029891537772,,,,,,51.73720000000001,,,
718,K04655,,,0.7354928089389376,,,,,,11.0602,,,
719,K04656,,,0.7501091066859721,,,,,,42.4106,,,
720,K04744,,,0.6759999999999999,,,,,,3.1588,,,
721,K04749,,,0.6854644480940324,,,,,,47.556200000000004,,,
722,K04750,,,0.6886002559633553,,,,,,56.27809999999999,,,
723,K04751,,,0.6978066532744074,,,,,,18.667499999999997,,,
724,K04757,,,0.6748760494744029,0.773,,0.7225973831322976,,,18.8831,6.6211,,31.115700000000004
725,K04759,,,0.654,,,,,,12.283,,,
726,K04762,,,0.794,,,,,,5.8416,,,
727,K04763,,,0.7726163403140406,,,,,,18.167099999999998,,,
728,K04767,,,0.617,,,,,,2.8498,,,
729,K05303,,,0.5760000000000001,,,,,,2.1128,,,
730,K05364,,,0.7390000000000001,,,,,,13.1894,,,
731,K05520,,,0.714315455795945,,,,,,28.5135,,,
732,K05522,,,0.7646805623025766,,,,,,18.944499999999998,,,
733,K05524,,,0.6520182596058892,,,,,,48.1536,,,
734,K05555,,,0.752,,,,,,11.0088,,,
735,K05558,,,0.75,,,,,,5.4102,,,
736,K05567,,,,,,0.7290000000000001,,,,,,6.1987
737,K05593,,,0.73,,,,,,3.8925,,,
738,K05606,,,0.718835564566917,,,,,,22.4483,,,
739,K05710,,,0.6865835683965914,,,,,,15.487000000000002,,,
740,K05772,,,0.6341882042236527,,,,,,8.3233,,,
741,K05788,,,0.6609999999999999,,,,,,4.9912,,,
742,K05794,,,0.671542544532199,,,,,,50.88850000000001,,,
743,K05799,,,0.7418081163772908,,,,,,33.2709,,,
744,K05810,,,0.8221021485459471,,,,,,13.793199999999999,,,
745,K05826,,,0.6409999999999999,,,,,,4.0286,,,
746,K05838,,,0.750932368488382,,,,,,13.0042,,,
747,K05845,,,0.70868939839896,,,,,,58.3178,,,
748,K05846,,,0.7113044202479893,,,,,,28.8133,,,
749,K05847,,,0.705,,,,,,15.7812,,,
750,K05879,,,0.7469159473545933,,,,,,23.5826,,,
751,K05881,,,0.7284505559333306,,,,,,15.0052,,,
752,K05896,,,0.7140914965537426,,,0.7185238977332188,,,23.5723,,,8.4355
753,K05913,,,0.6712300085853086,,,,,,14.9438,,,
754,K06001,,,0.722,,,,,,16.358,,,
755,K06013,,,0.7794204778624093,,,,,,14.547500000000001,,,
756,K06024,,,0.6632100829108178,,,,,,10.507,,,
757,K06041,,,0.691,,,,,,2.3341,,,
758,K06048,,,0.6868758116657319,,,,,,64.4786,,,
759,K06136,,,0.6798672532085721,,,,,,15.922999999999998,,,
760,K06137,,,0.649,,,,,,4.5704,,,
761,K06152,,,0.779,,,,,,8.4993,,,
762,K06153,,,0.7373148239987968,,,,,,35.926,,,
763,K06173,,,0.7559999999999999,,,,,,9.5206,,,
764,K06174,,0.43,,,,,,5.2369,,,,
765,K06187,,,0.7095287686790342,,,,,,51.4358,,,
766,K06190,,,0.6579999999999999,,,,,,3.1883,,,
767,K06196,,,0.751,,,,,,6.9042,,,
768,K06197,,,0.6642024690023752,,,,,,11.5623,,,
769,K06200,,,0.6838623080596383,,,,,,35.8176,,,
770,K06203,,,0.7680000000000001,,,0.7759999999999999,,,10.4087,,,8.4162
771,K06204,,,0.7124818530485932,,,,,,32.4773,,,
772,K06208,,,0.7240541076487254,,,,,,16.0372,,,
773,K06215,,,0.7061125255050984,,,,,,71.5877,,,
774,K06217,,,0.6822294050105632,,,,,,85.37620000000001,,,
775,K06218,,,0.6947914344467444,,,,,,9.3357,,,
776,K06219,,,0.7815898679286923,,,,,,18.1971,,,
777,K06223,,,0.35,,,,,,4.3277,,,
778,K06346,,,0.7488314809122288,,,,,,13.661200000000001,,,
779,K06384,,,0.7432742021859242,,,,,,15.9408,,,
780,K06402,,0.443,0.7682212727552096,,,,,3.911,8.925699999999999,,,
781,K06413,,,0.602,,,,,,2.606,,,
782,K06605,,,0.716,,,,,,16.762,,,
783,K06859,,,0.726,,,,,,10.9771,,,
784,K06864,,,0.7426551658070066,,,,,,28.403100000000002,,,
785,K06867,,,0.725,,,,,,3.0125,,,
786,K06880,,,0.7040000000000001,,,,,,6.57,,,
787,K06881,,,0.7344214262325655,,,,,,22.531,,,
788,K06884,,,0.6669566454500534,,,,,,23.420099999999998,,,
789,K06886,,,0.7509243455494544,,,,,,26.2355,,,
790,K06888,,,0.7284411705795789,,,,,,72.2077,,,
791,K06889,,,0.7424665963853863,,,,,,17.7329,,,
792,K06890,,,0.6609999999999999,,,,,,1.1356,,,
793,K06891,,,0.6527411541349075,,,,,,37.957699999999996,,,
794,K06893,,,0.6712705311489559,,,0.688,,,36.0063,,,4.8519
795,K06897,,,0.637,,,,,,2.7358,,,
796,K06898,,0.4920000000000001,0.792,,,,,3.1413,7.7832,,,
797,K06901,,,0.7091820995977086,,,,,,42.4555,,,
798,K06904,,,0.6890000000000001,,,,,,1.4163,,,
799,K06907,,,0.669,,,,,,6.926,,,
800,K06911,,,0.7364651173927163,,,,,,82.46520000000001,,,
801,K06915,,,0.6970000000000001,,,,,,18.5767,,,
802,K06925,,,0.7559999999999999,,,0.77,,,12.762,,,10.9322
803,K06929,,,0.721423625255423,,,0.711,,,11.7907,,,8.8798
804,K06934,,,0.76,,,,,,5.5938,,,
805,K06937,,0.4699999999999999,0.654,,,,,4.8498,12.9921,,,
806,K06940,,0.377,0.6696188916982608,,,,,2.2743,10.3399,,,
807,K06941,,,0.7398380633580283,,,,,,40.3333,,,
808,K06945,,,0.7007988719303971,,,,,,57.854600000000005,,,
809,K06949,,,0.7836511368902077,,,,,,11.924700000000001,,,
810,K06958,,,0.691423458012459,,,,,,12.7317,,,
811,K06960,,,,,,0.7509999999999999,,,,,,20.1099
812,K06971,,,0.745,,,,,,4.6949,,,
813,K06973,,,0.662,,,,,,5.015,,,
814,K06975,,,0.7267492879009717,,,0.667,,,6.0367999999999995,,,2.6337
815,K06976,,,0.713,,,,,,10.0463,,,
816,K06987,,,0.657,,,,,,2.0949,,,
817,K06994,,,0.7252560732584261,,,,,,37.025999999999996,,,
818,K06996,,,0.7368205652393638,,,,,,52.197700000000005,,,
819,K06997,,,0.6334618639365439,,,,,,13.4773,,,
820,K06998,,,0.772,,,,,,12.2036,,,
821,K07001,,,0.7794539487662193,,,,,,11.9674,,,
822,K07005,,,0.7436015867580956,,,,,,23.6382,,,
823,K07006,,,0.6731450472992492,,,,,,15.467500000000001,,,
824,K07009,,,0.6629999999999999,,,,,,5.3645,,,
825,K07010,,,0.763958467011268,,,,,,18.983,,,
826,K07018,,,0.645,,,,,,7.3701,,,
827,K07023,,,0.681,,,,,,4.4817,,,
828,K07025,,,0.7460814877986227,,,,,,18.307699999999997,,,
829,K07027,,,0.7563693819700948,,,,,,14.6756,,,
830,K07029,,,0.7761741038860661,,,,,,46.3913,,,
831,K07030,,,0.727,,,,,,3.7343,,,
832,K07032,,,0.7198463608001421,,,,,,42.1605,,,
833,K07034,,,0.6954167926617634,,,,,,9.1111,,,
834,K07038,,,0.7620709254662817,0.768,,0.755,,,12.558900000000001,8.5381,,6.7669
835,K07040,,,0.685,,,0.722,,,2.3282,,,10.5011
836,K07042,,,0.7485631774569972,,,,,,15.399000000000001,,,
837,K07045,,,0.733,,,,,,8.5112,,,
838,K07052,,,0.7332495807884405,,,0.7326915651006756,,,42.0386,,,20.403100000000002
839,K07053,,,0.7745631398366049,,,,,,39.5116,,,
840,K07054,,,0.7213422358971838,,,,,,30.537200000000002,,,
841,K07056,,,0.768,,,,,,12.0043,,,
842,K07058,,,0.7017757680069574,,,0.7261974927556921,,,176.0978,,,48.5275
843,K07064,,,0.6928766367806628,,,,,,21.6508,,,
844,K07071,,,0.739083479636506,,,,,,25.5474,,,
845,K07075,,,0.672,,,,,,6.2422,,,
846,K07076,,,0.703,,,,,,3.3036,,,
847,K07080,,,0.7049597705759378,,,,,,22.2973,,,
848,K07082,,,0.7049719537371623,,,,,,23.8417,,,
849,K07089,,,0.7658629931094746,,,,,,18.2942,,,
850,K07090,,,0.7132528568005855,,,0.5920000000000001,,,32.7198,,,2.4389
851,K07092,,,0.7453427642367574,,,,,,14.520399999999999,,,
852,K07093,,,0.7094986477698583,,,,,,23.4905,,,
853,K07095,,,0.768849493017208,,,,,,16.8069,,,
854,K07098,,,0.7452934379554537,,,,,,21.314500000000002,,,
855,K07100,,0.7879999999999999,0.7844447947471269,,,,,13.451,46.242,,,
856,K07104,,,0.74,,,,,,14.6019,,,
857,K07107,,,0.677,,,,,,7.9298,,,
858,K07113,,,0.7220000000000001,,,0.769,,,12.587,,,10.4563
859,K07114,,,0.7591016086333877,,,,,,17.1215,,,
860,K07126,,,0.7070000000000001,,,,,,1.6767,,,
861,K07130,,,0.752,,,,,,5.6347,,,
862,K07131,,,0.7023660437437588,,,,,,59.94899999999999,,,
863,K07141,,,0.7693063613245066,,,,,,9.520299999999999,,,
864,K07142,,0.397,,,,,,4.9622,,,,
865,K07147,,,0.643,,,,,,2.5326,,,
866,K07149,,,0.765,,,,,,3.1305,,,
867,K07150,,,0.748,,,,,,1.8409,,,
868,K07156,,,0.694,,,,,,3.8802,,,
869,K07160,,,0.7646177027195606,,,,,,17.2441,,,
870,K07161,,,0.7628286571135255,,,,,,31.154899999999998,,,
871,K07164,,,0.731,,,,,,9.7158,,,
872,K07167,,,0.715,,,,,,2.1815,,,
873,K07171,,,0.654,,,,,,3.6752,,,
874,K07177,,,0.7175998886003183,,,0.718,,,12.3952,,,5.8786
875,K07178,,0.403,,,,,,5.2256,,,,
876,K07180,,,0.624,,,,,,8.8804,,,
877,K07192,,,0.7164313763816171,,,,,,26.2299,,,
878,K07215,,,0.5479999999999999,,,,,,3.5777,,,
879,K07217,,,0.682,,,,,,5.3308,,,
880,K07220,,0.369,0.6705385659418088,,,,,2.2217,37.5946,,,
881,K07228,,,0.6922137714816291,,,,,,18.9548,,,
882,K07240,,,0.699952575851416,,,,,,23.909999999999997,,,
883,K07241,,,0.6762241284465356,,,,,,21.0581,,,
884,K07243,,,0.7135516245154119,,,,,,4.9683,,,
885,K07259,,,0.7085284612628973,,,,,,10.795,,,
886,K07260,,,0.6868957331266656,,,,,,38.3127,,,
887,K07261,,,0.78,,,,,,3.2912,,,
888,K07273,,,0.6809999999999999,,,,,,2.2078,,,
889,K07284,,,0.6562849215040686,,,0.6970000000000001,,,27.2202,,,2.2587
890,K07300,,0.45345308384574273,0.702219168835495,,,,,8.513,57.7344,,,
891,K07304,,,0.6785897762799904,,,,,,95.8996,,,
892,K07305,,,0.6965641110899897,,,,,,18.483,,,
893,K07315,,,0.7089588504831372,,,,,,95.7957,,,
894,K07334,,,0.5670000000000001,,,,,,2.0303,,,
895,K07335,,,0.6710657184178264,,,,,,19.6051,,,
896,K07341,,,0.674,,,,,,2.3772,,,
897,K07390,,,0.7059580653847988,,,,,,9.5449,,,
898,K07391,,,0.7777343849032439,,,,,,31.408299999999997,,,
899,K07393,,,0.7120148758978461,,,,,,23.6172,,,
900,K07399,,,0.7437676401919288,,,0.7509999999999999,,,23.464,,,9.0043
901,K07402,,,0.7679742575509856,,,,,,60.010999999999996,,,
902,K07403,,,0.742,,,,,,6.9026,,,
903,K07407,,,0.7333379067875164,,,,,,28.8196,,,
904,K07442,,0.465,0.7505867607012262,,,,,3.6892,28.334699999999998,,,
905,K07443,,,0.6990000000000001,,,,,,3.98,,,
906,K07445,,,0.7509999999999999,,,,,,3.7063,,,
907,K07447,,,0.8079999999999999,,,,,,9.1932,,,
908,K07451,,,0.6931094157309253,,,,,,29.8268,,,
909,K07460,,,0.757,,,,,,8.1598,,,
910,K07462,,,0.6857980618245981,,,,,,9.150200000000002,,,
911,K07464,,,0.626,,,,,,2.132,,,
912,K07477,,,0.755,,,,,,10.5942,,,
913,K07478,,,0.7584410083716847,,,,,,36.5918,,,
914,K07480,,,0.5540320927844459,,,0.691,,,14.302299999999999,,,4.6817
915,K07481,,,0.6841943393429949,,,,,,20.241,,,
916,K07482,,,0.6898535448904509,,,,,,47.70290000000001,,,
917,K07483,,,0.6695072654784122,,,,,,94.6868,,,
918,K07484,,,0.6193746121030083,,,,,,17.148,,,
919,K07485,,,0.7216447208276225,,,,,,43.386300000000006,,,
920,K07486,,,0.6983946295054788,,,0.6778186568608477,,,700.6265000000001,,,4.693099999999999
921,K07488,,,0.6709463877612047,,,,,,18.2974,,,
922,K07491,,,0.49800000000000005,,,,,,3.3496,,,
923,K07492,,,0.680357762214126,,,0.6779999999999999,,,433.4550000000001,,,12.0784
924,K07493,,,0.6939888513162434,,,,,,331.3773,,,
925,K07494,,,0.6455794270421628,,,,,,446.22400000000005,,,
926,K07495,,,0.6252019334076927,,,0.583,,,16.808500000000002,,,13.3875
927,K07496,,,0.6859097984100178,,,0.6904463539441061,,,58.036300000000004,,,4.8149
928,K07497,,,0.6825830279184154,,,0.6419925020333934,,,385.4240999999999,,,11.7056
929,K07498,,,0.6409278241105805,,,,,,18.4495,,,
930,K07499,,,0.6757035805520964,,,0.5770000000000001,,,90.32400000000001,,,4.2721
931,K07503,,,0.711,,,,,,12.4911,,,
932,K07507,,,0.7383267372771449,,,,,,18.3648,,,
933,K07560,,,0.7750414437795299,,,,,,38.3137,,,
934,K07566,,,0.7459368498001546,,,,,,15.1404,,,
935,K07571,,,0.6779999999999999,,,,,,15.6622,,,
936,K07588,,0.45,,,,,,4.0227,,,,
937,K07636,,,0.7559999999999999,,,,,,10.7247,,,
938,K07693,,,0.741,,,,,,11.0129,,,
939,K07695,,,0.723,,,,,,10.7395,,,
940,K07727,,,0.6940000000000001,,,,,,5.4779,,,
941,K07733,,,,,,0.583,,,,,,4.1592
942,K07736,,,0.6687715856818374,,,0.669,,,39.0371,,,8.257
943,K07738,,,0.6701965328403292,,,0.6850000000000002,,,16.0535,,,10.5924
944,K07742,,,0.7197588606486154,,,,,,12.9411,,,
945,K07746,,,,,,0.758,,,,,,5.8787
946,K07755,,,0.7242671694547751,,,,,,32.7987,,,
947,K07778,,,0.787,,,,,,9.7008,,,
948,K07793,,,0.7018057327727969,,,,,,135.78369999999998,,,
949,K07794,,,0.7260244543666715,,,,,,28.641000000000002,,,
950,K07795,,,0.659,,,,,,9.9692,,,
951,K07979,,,0.7233223184980343,,,,,,6.8913,,,
952,K08096,,0.424,,,,,,3.6242,,,,
953,K08217,,,0.698,,,,,,5.6202,,,
954,K08281,,,0.7322216102166824,,,,,,21.4723,,,
955,K08296,,,0.789,0.761,,,,,4.9328,7.2464,,
956,K08307,,,0.667,,,,,,3.8529,,,
957,K08309,,,0.679,,,,,,4.3132,,,
958,K08316,,,0.7656588611431963,,,,,,12.9378,,,
959,K08482,,,0.6970000000000001,,,,,,3.3619,,,
960,K08602,,,0.6859999999999999,,,,,,4.6732,,,
961,K08681,,,0.7550787265174809,,,,,,19.5143,,,
962,K08683,,,0.7465766533923367,,,,,,19.4013,,,
963,K08744,,,0.764,,,,,,5.7963,,,
964,K08968,,,0.6810849085090802,,,,,,13.3529,,,
965,K08970,,,0.6990000000000001,,,,,,2.9087,,,
966,K08972,,,0.6719198195343503,,,,,,15.491399999999999,,,
967,K08982,,,0.716,,,,,,5.1002,,,
968,K08992,,,,,,0.7023168010529919,,,,,,18.8248
969,K08998,,,0.725,,,,,,10.6437,,,
970,K08999,,,0.668022206267918,,,,,,53.188199999999995,,,
971,K09005,,,0.7486771190394615,,,,,,22.732400000000002,,,
972,K09009,,,0.7940000000000002,,,,,,11.2759,,,
973,K09012,,,0.706,,,0.7611225411061965,,,5.7085,,,22.0038
974,K09013,,,0.6769109929779801,,,,,,86.44810000000001,,,
975,K09015,,,0.7440000000000001,,,,,,12.8451,,,
976,K09022,,,0.7223069131317132,,,,,,34.942,,,
977,K09117,,,0.7680463066462344,,,,,,13.5179,,,
978,K09118,,,0.6947076401871192,,,0.6629999999999999,,,67.80229999999999,,,6.5235
979,K09121,,,0.769358678767001,,,,,,23.5334,,,
980,K09122,,,0.642,,,,,,5.1836,,,
981,K09125,,,0.6779999999999999,,,,,,3.0434,,,
982,K09137,,,0.7659999999999999,,,0.7140000000000001,,,6.5207,,,4.9789
983,K09153,,,0.589,,,,,,1.9744,,,
984,K09161,,,0.5539999999999999,,,,,,7.7027,,,
985,K09164,,,0.7440000000000001,,,,,,14.497,,,
986,K09165,,,0.6570821864583741,,,,,,23.6495,,,
987,K09166,,,0.7352888521668316,,,,,,26.082900000000002,,,
988,K09167,,,0.7620792613875642,,,,,,17.561500000000002,,,
989,K09386,,,0.7300468037776859,,,,,,26.822100000000002,,,
990,K09456,,,0.7630000000000001,,,,,,15.2406,,,
991,K09457,,,0.64,,,,,,13.6816,,,
992,K09684,,,0.7579999999999999,,,0.747,,,5.3486,,,10.1272
993,K09703,,,0.731,,,,,,2.6505,,,
994,K09705,,,0.794,,,,,,2.973,,,
995,K09710,,,0.6996290372265707,,,,,,35.7727,,,
996,K09723,,0.465,,,,,,3.1546,,,,
997,K09747,,,0.698903005839279,,,0.684,,,39.423899999999996,,,5.3806
998,K09748,,,0.7163671685958035,,,0.7240000000000001,,,8.738,,,10.9027
999,K09762,,,,,,0.78,,,,,,11.0706
1000,K09763,,,0.7326920646329178,,,,,,14.0595,,,
1001,K09764,,,0.6324856601676005,,,0.7140000000000001,,,12.6471,,,6.0351
1002,K09767,,,0.6607950297548902,,,,,,23.629099999999998,,,
1003,K09772,,,0.6659248460567451,,,,,,57.7289,,,
1004,K09779,,0.6709999999999999,,,,,,6.3591,,,,
1005,K09780,,,0.7245647231755736,,,,,,19.706699999999998,,,
1006,K09791,,0.413,0.667,,,,,5.6745,7.3996,,,
1007,K09793,,,0.7559999999999999,,,,,,6.5878,,,
1008,K09811,,,0.665,,,,,,10.0848,,,
1009,K09812,,,0.708,,,,,,8.3661,,,
1010,K09862,,,0.6829999999999999,,,,,,2.5656,,,
1011,K09903,,,0.6888676348943341,,,,,,50.1719,,,
1012,K09927,,,0.7573334074450728,,,,,,45.7771,,,
1013,K09931,,,0.7908287331310162,,,,,,8.511,,,
1014,K09932,,,0.6953094019922078,,,,,,17.808600000000002,,,
1015,K09940,,,0.6955375236441136,0.731,,,,,36.1137,3.9402,,
1016,K09951,,,0.7309026359816614,,,,,,23.0812,,,
1017,K09955,,,0.7400000000000001,,,,,,5.5921,,,
1018,K09957,,,0.7599999999999999,,,,,,10.0227,,,
1019,K09958,,,0.633,,,,,,4.2973,,,
1020,K09962,,,0.7712686098903728,,,,,,9.427299999999999,,,
1021,K09967,,,0.722,,,,,,5.3768,,,
1022,K09990,,,0.711,,,,,,3.2009,,,
1023,K09991,,,0.667,,,,,,2.7896,,,
1024,K09992,,,0.7293360361088397,,,,,,8.3662,,,
1025,K10006,,,0.7078249185856725,,,,,,12.587100000000001,,,
1026,K10007,,,0.725,,,,,,14.2432,,,
1027,K10206,,,0.733,,,,,,13.1617,,,
1028,K10227,,,0.682,,,,,,8.0037,,,
1029,K10228,,,0.6629999999999999,,,,,,8.0713,,,
1030,K10234,,,0.6890000000000001,,,,,,6.3296,,,
1031,K10439,,,0.713,,,,,,10.8054,,,
1032,K10552,,,0.6859999999999999,,,,,,11.0113,,,
1033,K10747,,,0.78,,,,,,10.0085,,,
1034,K10773,,,0.7382241678764299,,,,,,16.0541,,,
1035,K10804,,,0.662,,,,,,4.4122,,,
1036,K10806,,,0.734784443390438,,,,,,29.1887,,,
1037,K10822,,,0.7211860333245601,,,,,,87.2264,,,
1038,K10843,,,0.7439376549433515,,,,,,46.7567,,,
1039,K10848,,0.45,,,,,,3.7536,,,,
1040,K10914,,,0.7458671188284484,,,,,,15.9709,,,
1041,K10917,,,0.7166350077630235,,,,,,25.8083,,,
1042,K10944,,,0.652,,,,,,7.0246,,,
1043,K10945,,,,,,0.6957741644585957,,,,,,11.6496
1044,K10946,,,0.67,,,,,,4.8654,,,
1045,K10947,,,0.7095579810455217,,,,,,78.0154,,,
1046,K10979,,,0.67281012885157,,,,,,51.6697,,,
1047,K11173,,,0.7609999999999999,,,,,,9.3935,,,
1048,K11175,,,0.774,,,,,,8.0654,,,
1049,K11178,,,0.7320000000000001,,,,,,13.2868,,,
1050,K11212,,,0.776475420281251,,,,,,29.938200000000002,,,
1051,K11477,,,0.7533195547554252,,,,,,19.301000000000002,,,
1052,K11530,,,0.71121874606398,,,,,,9.0204,,,
1053,K11611,,,0.741,,,,,,8.764,,,
1054,K11621,,,0.7609999999999999,,,,,,3.5188,,,
1055,K11690,,,0.6429934009640925,,,,,,12.624600000000001,,,
1056,K11741,,,0.626,,,,,,2.9263,,,
1057,K11749,,,0.6909696203824329,,,,,,47.6256,,,
1058,K11752,,,0.7767962793826089,,,,,,27.5564,,,
1059,K11753,,,0.64,,,,,,2.6182,,,
1060,K11891,,,0.727,,,,,,2.4519,,,
1061,K11904,,,0.644,,,,,,5.0421,,,
1062,K11939,,,0.741,,,,,,3.6907,,,
1063,K12132,,,0.7420721386344473,,,,,,74.44820000000001,,,
1064,K12234,,,0.7930025727867501,,,,,,19.9006,,,
1065,K12373,,,0.6782261820672555,,,,,,33.583200000000005,,,
1066,K12510,,,0.7112718016240044,,,,,,21.113,,,
1067,K12511,,,0.7065810991864133,,,,,,17.3458,,,
1068,K12574,,,0.719108759111138,,,,,,55.8086,,,
1069,K12994,,,0.8029999999999999,,,,,,9.8593,,,
1070,K13018,,0.775,0.746,,,,,10.541,6.8423,,,
1071,K13038,,,0.777,,,,,,8.2133,,,
1072,K13075,,,0.6730960556333081,,,,,,25.3122,,,
1073,K13282,,,0.7492799738535109,,,,,,5.8134,,,
1074,K13292,,,0.729702678704785,,,,,,35.6134,,,
1075,K13527,,,0.6640959744985305,,,,,,49.4821,,,
1076,K13570,,,0.6414020071702888,,,,,,33.533500000000004,,,
1077,K13572,,,0.78,,,,,,10.8649,,,
1078,K13628,,,0.6579999999999999,,,,,,9.5199,,,
1079,K13639,,,0.6921011599925562,,,,,,11.464200000000002,,,
1080,K13640,,,0.591,,,,,,3.4462,,,
1081,K13641,,,0.747877550618509,,,,,,14.8036,,,
1082,K13668,,,0.7793416583524289,,,,,,13.5307,,,
1083,K13693,,,0.7135976086092809,,,,,,21.772399999999998,,,
1084,K13788,,,0.7290000000000001,,,,,,10.1584,,,
1085,K13993,,,0.6852064106575438,,,,,,63.7235,,,
1086,K14059,,,0.7220000000000001,,,,,,9.8596,,,
1087,K14060,,,0.7140000000000001,,,,,,16.3779,,,
1088,K14083,,,0.7210643541929365,,,,,,11.3805,,,
1089,K14155,,,0.68,,,,,,6.8588,,,
1090,K14161,,,0.8029999999999999,,,,,,6.0278,,,
1091,K14166,,,,,,0.7240000000000001,,,,,,10.9257
1092,K14261,,,0.706,,,,,,12.0755,,,
1093,K14291,,,,,,0.642,,,,,,3.4226
1094,K14415,,,0.77,,,,,,9.3381,,,
1095,K14568,,0.42100000000000004,,,,,,4.986,,,,
1096,K14696,,,0.731,,,,,,7.7903,,,
1097,K14742,,,0.7779523782085163,,,,,,16.9082,,,
1098,K14761,,,0.642,,,,,,5.4768,,,
1099,K14941,,,0.7972695206036426,,,,,,10.2917,,,
1100,K14956,,,0.7149974282468543,,,0.778,,,11.7516,,,4.6079
1101,K14998,,,0.795,,,,,,2.4638,,,
1102,K15034,,,0.7920985385194309,,,,,,10.4571,,,
1103,K15051,,,0.7759999999999999,,,,,,8.107,,,
1104,K15257,,,0.617,,,,,,2.8329,,,
1105,K15371,,,0.698026158014081,,,,,,95.9844,,,
1106,K15512,,,0.653,,,,,,14.8527,,,
1107,K15520,,,0.735,,,,,,6.4548,,,
1108,K15521,,,0.78,,,,,,9.1498,,,
1109,K15539,,,0.7639136710662178,,,,,,18.575899999999997,,,
1110,K15635,,,0.7320591647608563,,,,,,23.4345,,,
1111,K15777,,,0.745,,,,,,3.9401,,,
1112,K15866,,,0.7580000000000001,,,,,,8.4058,,,
1113,K15916,,0.7993163844401564,,,0.787,,,11.5081,,,3.7688,
1114,K15973,,,0.7290000000000001,,,,,,10.643,,,
1115,K15977,,0.35700000000000004,,,,,,3.2034,,,,
1116,K15986,,,0.6729999999999999,,,,,,6.07,,,
1117,K16044,,,0.777,,,,,,7.2491,,,
1118,K16048,,,0.738,,,,,,2.934,,,
1119,K16079,,,0.649,,,,,,3.3691,,,
1120,K16137,,,0.7150111455490057,,,,,,10.026399999999999,,,
1121,K16147,,,0.6940185202560113,,,,,,41.0358,,,
1122,K16148,,,0.743,,,,,,8.3862,,,
1123,K16168,,,0.642,,,,,,4.0291,,,
1124,K16211,,,0.6559999999999999,,,,,,9.8715,,,
1125,K16840,,,0.7639101784336222,,,,,,14.319600000000001,,,
1126,K16868,,,0.669,,,,,,13.457,,,
1127,K16869,,,0.6509999999999999,,,,,,1.34,,,
1128,K16870,,,0.7340000000000001,,,,,,9.6143,,,
1129,K17247,,,0.6890000000000001,,,,,,4.6167,,,
1130,K17285,,,0.7152179810922511,,,,,,29.843799999999998,,,
1131,K17315,,,0.665,,,,,,6.641,,,
1132,K17330,,,0.688,,,,,,10.8519,,,
1133,K17752,,,0.6962409364880782,,,,,,37.310599999999994,,,
1134,K17762,,,0.6782111661460385,,,,,,41.209900000000005,,,
1135,K17763,,,0.67,,,,,,22.0,,,
1136,K17828,,,0.77,,,,,,8.8955,,,
1137,K17840,,,0.7768405395010559,,,,,,18.5521,,,
1138,K18013,,,0.7040000000000001,,,,,,9.1463,,,
1139,K18189,,,0.7156377829895385,,,,,,23.742600000000003,,,
1140,K18199,,,0.6927903987371615,,,,,,23.760800000000003,,,
1141,K18290,,,0.6525294534178011,,,,,,22.1924,,,
1142,K18294,,,0.763,,,,,,10.2363,,,
1143,K18335,,,0.7829999999999999,,,,,,9.0088,,,
1144,K18346,,,0.7219706892958724,,,,,,20.6549,,,
1145,K18353,,,0.746,,,,,,5.5906,,,
1146,K18369,,,0.716,,,,,,11.0856,,,
1147,K18476,,,0.7219623811978003,,,,,,119.40030000000002,,,
1148,K18581,,,0.6809999999999999,,,,,,3.182,,,
1149,K18682,,,0.7154859364523183,,,,,,48.9884,,,
1150,K18700,,,0.7636289491600853,,,,,,21.3442,,,
1151,K18827,,,0.723,,,,,,4.5367,,,
1152,K18828,,,,,,0.7340000000000001,,,,,,5.7803
1153,K18910,,,0.6990000000000001,,,,,,6.209,,,
1154,K18929,,,0.6559999999999999,,,,,,6.364,,,
1155,K18955,,,0.7106116127248003,,,,,,48.352700000000006,,,
1156,K18958,,,0.7442901745970233,,,,,,13.192,,,
1157,K19055,,,0.718,,,,,,9.2693,,,
1158,K19156,,,0.754,,,,,,2.7508,,,
1159,K19159,,,0.6904162699212193,,,,,,13.5201,,,
1160,K19165,,,0.6864044489594742,,,,,,6.6574,,,
1161,K19166,,,0.674,,,,,,1.4938,,,
1162,K19200,,,0.758,,,,,,13.4923,,,
1163,K19222,,,0.638,,,,,,4.0795,,,
1164,K19267,,,0.7467280780207269,,,,,,14.857799999999997,,,
1165,K19302,,,0.7879999999999999,,,,,,5.835,,,
1166,K19333,,,0.772,,,,,,6.7307,,,
1167,K19545,,,0.726,,,,,,4.073,,,
1168,K19591,,,0.709,,,,,,12.3454,,,
1169,K19668,,,0.647,,,,,,2.011,,,
1170,K19710,,,0.6867710700610206,,,,,,13.125,,,
1171,K19784,,,0.632,,,,,,6.9357,,,
1172,K20074,,,0.7379069006734752,,,0.76,,,29.8553,,,6.5313
1173,K20468,,,0.744,,,,,,7.3831,,,
1174,K20469,,,0.712834416275986,,,,,,31.587999999999997,,,
1175,K20483,,,0.708819453369742,,,,,,53.0347,,,
1176,K20484,,,0.722,,,,,,13.0829,,,
1177,K20523,,,0.676,,,,,,3.3787,,,
1178,K20844,,,0.7090000000000001,,,,,,2.5614,,,
1179,K20866,,,0.743,,,,,,8.7464,,,
1180,K20896,,,,,,0.7290000000000001,,,,,,7.1396
1181,K20976,,,0.705921220037181,,,,,,11.5313,,,
1182,K21023,,,0.7396025029315968,,,,,,17.9438,,,
1183,K21140,,,0.6879820947134244,,,,,,12.526900000000001,,,
1184,K21310,,,0.669,,,,,,3.931,,,
1185,K21349,,,0.7365458893808784,,,,,,14.5472,,,
1186,K21377,,,0.682,,,,,,4.2759,,,
1187,K21394,,,0.633,,,,,,1.7778,,,
1188,K21401,,,0.715,,,,,,13.1581,,,
1189,K21471,,,0.7726588232119962,,,,,,18.8007,,,
1190,K21472,,,0.7120355335008153,,,,,,18.092299999999998,,,
1191,K21495,,,0.6809999999999999,,,0.685,,,5.0732,,,4.8628
1192,K21600,,,0.6592669262999046,,,,,,21.8715,,,
1193,K21700,,,0.672,,,,,,4.8388,,,
1194,K21885,,,0.7212185928769189,,,,,,11.093499999999999,,,
1195,K21908,,,0.7151855856685387,,,0.7040258914764038,,,11.083400000000001,,,13.915299999999998
1196,K21919,,,0.8079999999999999,,,,,,3.7896,,,
1197,K21929,,,0.7361961482073005,,,,,,75.74549999999999,,,
1198,K21961,,,0.7629272032518221,,,,,,17.010199999999998,,,
1199,K22010,,,0.7113922801469734,,,,,,28.3491,,,
1200,K22044,,,0.726,,,,,,8.9818,,,
1201,K22108,,,0.7440000000000001,,,,,,12.6564,,,
1202,K22205,,,0.7759999999999999,,,,,,5.7091,,,
1203,K22210,,,0.6779999999999999,,,,,,3.4295,,,
1204,K22225,,,0.6709999999999999,,,,,,9.9006,,,
1205,K22278,,,0.7438962328058367,,,,,,17.5445,,,
1206,K22299,,,0.723,,,,,,9.5621,,,
1207,K22369,,,0.6759999999999999,,,,,,4.8538,,,
1208,K22390,,,0.7299999999999999,,,,,,6.8205,,,
1209,K22452,,,0.7177240185811011,,,,,,20.684299999999997,,,
1210,K22468,,,0.688,,,,,,13.6171,,,
1211,K22491,,,0.73497613273611,,,,,,24.762099999999997,,,
1212,K22522,,,0.7337713068991533,,,,,,9.6114,,,
1213,K22552,,,0.765,,,,,,8.1749,,,
1214,K22736,,,0.7565564701565828,,,,,,37.6954,,,
1215,K22843,,,0.789,,,,,,10.9474,,,
1216,K22894,,,0.7731622400097337,,,,,,40.197700000000005,,,
1217,K22908,,,0.737,,,,,,5.6747,,,
1218,K23107,,,0.7295999331898085,,,,,,25.4668,,,
1219,K23222,,,0.569,,,,,,5.854,,,
1220,K23242,,,0.6413157151380714,,,,,,8.3841,,,
1221,K23247,,,0.619,,,,,,5.3723,,,
1222,K23262,,,0.6699999999999999,,,,,,5.4144,,,
1223,K23264,,,0.7047267986863311,,,0.7240000000000001,,,16.1499,,,13.5805
1224,K23265,,,0.7398287110903519,,,,,,26.9972,,,
1225,K23356,,0.408,0.747127899682982,,,,,4.8541,22.044600000000003,,,
1226,K23393,,,0.7859999999999999,,,,,,5.4146,,,
1227,K23535,,,0.7399999999999999,,,,,,6.7133,,,
1228,K23536,,,0.69969446875523,,,,,,29.7679,,,
1229,K23541,,,0.7470434314462371,,,,,,23.241500000000002,,,
1230,K23555,,,0.7333796015117043,,,,,,20.9757,,,
1231,K23684,,,0.7382997428704406,,,,,,11.0048,,,
1232,K24017,,,0.7979999999999999,,,,,,10.151,,,
1233,K24105,,,0.596,,,,,,10.3736,,,
1234,K24126,,,0.667,,,,,,3.0317,,,
1235,K24131,,,0.7293423890575842,,,,,,29.5028,,,
1236,K24450,,0.439,,,,,,3.6333,,,,
