KEGG,kegg_sum
K00003,17.7572
K00010,4.2882
K00012,17.267000000000003
K00014,24.1577
K00020,16.1951
K00024,11.254
K00029,71.6202
K00031,64.8287
K00033,113.47480000000003
K00036,39.4212
K00046,6.5718
K00053,98.6192
K00055,8.177
K00057,13.2589
K00059,10.1607
K00064,4.5386
K00067,34.78499999999999
K00075,39.5077
K00077,282.49800000000005
K00088,14.5654
K00096,4.8402
K00099,76.24490000000002
K00108,5.0557
K00111,114.63189999999999
K00113,6.6867
K00116,43.1254
K00122,4.2534
K00124,70.6212
K00126,10.765
K00127,25.2711
K00133,32.4416
K00134,41.6935
K00135,16.6378
K00145,43.5731
K00148,13.0197
K00162,6.1059
K00163,374.5718
K00167,11.4202
K00174,23.610599999999998
K00175,61.33540000000001
K00177,6.3873999999999995
K00180,2.365
K00200,9.6277
K00201,5.4341
K00202,5.8454999999999995
K00207,6.5871
K00208,21.231099999999998
K00215,28.6083
K00221,24.025799999999997
K00227,4.131
K00228,24.603
K00231,8.906
K00232,4.5093
K00240,111.9884
K00241,34.316599999999994
K00242,32.3348
K00249,4.0372
K00254,27.6168
K00273,20.3293
K00275,64.25970000000001
K00281,11.751000000000001
K00282,17.0021
K00286,74.95020000000001
K00287,26.9715
K00297,39.2859
K00299,8.008199999999999
K00300,5.3643
K00304,20.4898
K00305,9.8844
K00311,14.2472
K00317,9.8979
K00322,12.4456
K00330,89.13230000000001
K00331,28.9306
K00332,40.376400000000004
K00334,30.4159
K00337,28.3625
K00338,76.3782
K00339,38.1128
K00340,64.3514
K00343,3.9081
K00344,36.8476
K00355,17.5539
K00363,11.731499999999999
K00365,17.6452
K00371,2.9737
K00375,7.7734000000000005
K00384,18.666
K00386,5.1201
K00389,20.5136
K00390,47.533100000000005
K00395,3.249
K00406,13.7219
K00411,70.2162
K00412,3.9126
K00413,65.00840000000001
K00424,5.0601
K00425,326.59
K00426,227.18730000000005
K00428,65.2443
K00432,46.5022
K00433,110.8586
K00446,27.5719
K00448,6.9905
K00449,38.2862
K00450,32.0995
K00451,125.95120000000001
K00452,10.0964
K00453,72.6741
K00456,11.8067
K00457,87.11460000000002
K00459,180.74820000000003
K00463,3.9788
K00469,5.5069
K00479,16.8866
K00481,15.678899999999999
K00486,3.2429
K00500,10.948799999999999
K00507,155.1088
K00518,11.7422
K00525,96.19560000000001
K00526,14.7378
K00528,21.6685
K00529,6.2117
K00537,11.008199999999999
K00540,98.1347
K00544,13.1686
K00548,103.38600000000001
K00549,383.83389999999986
K00554,69.81
K00560,61.1344
K00564,7.1614
K00566,16.13
K00567,32.626999999999995
K00570,26.8679
K00573,125.76769999999998
K00574,113.28999999999999
K00588,16.996399999999998
K00596,6.9086
K00598,23.2785
K00600,163.12980000000002
K00602,99.74919999999999
K00603,10.4154
K00604,7.5233
K00605,11.0646
K00606,89.50860000000002
K00609,24.9267
K00611,7.792
K00612,10.9703
K00613,32.9324
K00615,56.1537
K00616,39.9779
K00619,3.3868
K00620,45.7745
K00626,242.35209999999998
K00635,185.20070000000004
K00639,16.1595
K00640,45.1495
K00641,353.98259999999993
K00643,22.2968
K00645,3.4704
K00648,50.54709999999999
K00652,10.5343
K00655,97.18520000000001
K00657,36.649699999999996
K00661,2.8147
K00662,5.7674
K00663,3.5374
K00672,4.8632
K00673,16.1361
K00674,48.597899999999996
K00675,6.2136
K00677,37.7316
K00682,14.5657
K00683,7.6644
K00684,60.8519
K00688,274.3701
K00700,112.66659999999999
K00703,111.95139999999999
K00705,13.112099999999998
K00720,45.7068
K00721,7.9966
K00729,9.2554
K00748,44.6572
K00759,80.8992
K00760,18.5059
K00762,30.0463
K00763,58.6969
K00764,122.26900000000002
K00765,26.569000000000003
K00766,76.0195
K00767,9.758
K00768,61.307
K00769,6.9787
K00773,26.7058
K00782,17.544
K00783,48.293600000000005
K00784,44.293099999999995
K00788,23.345
K00789,272.88469999999995
K00790,88.47989999999999
K00791,10.4494
K00793,62.4711
K00794,73.38279999999999
K00796,5.836
K00797,13.0341
K00798,48.59400000000001
K00799,527.0232000000001
K00800,92.3608
K00801,10.2289
K00806,22.303400000000003
K00808,29.416800000000002
K00809,9.1297
K00812,11.202
K00817,16.7238
K00820,179.0445
K00822,12.1815
K00824,11.7964
K00826,43.076699999999995
K00827,6.8697
K00831,18.0584
K00833,15.383700000000001
K00845,3.6314
K00847,5.432
K00851,26.9957
K00852,6.5893
K00855,28.445700000000002
K00857,19.575699999999998
K00858,109.1325
K00859,55.308899999999994
K00864,7.455
K00865,42.791799999999995
K00867,32.271100000000004
K00868,13.1061
K00872,6.2957
K00873,183.94499999999996
K00874,4.8468
K00878,4.6379
K00883,9.890500000000001
K00886,56.45830000000001
K00891,31.196099999999994
K00899,12.466899999999999
K00912,41.9349
K00919,45.4502
K00925,59.8956
K00926,4.261
K00927,177.48169999999996
K00930,61.736200000000004
K00931,11.6611
K00936,37.7301
K00937,52.415299999999995
K00939,26.5396
K00940,46.166999999999994
K00942,41.906099999999995
K00943,63.4366
K00945,80.0388
K00946,40.9691
K00948,240.16140000000001
K00950,54.636599999999994
K00954,62.0154
K00957,76.845
K00962,46.319199999999995
K00963,41.8971
K00965,3.8738
K00969,45.3084
K00971,58.6699
K00973,23.4944
K00974,8.7244
K00975,85.15809999999999
K00978,7.491200000000001
K00979,17.8465
K00981,80.764
K00982,57.572799999999994
K00986,1909.9487999999992
K00988,4.6169
K00989,52.8549
K00990,157.7506
K00992,22.0769
K00995,23.4048
K00997,44.670199999999994
K01000,34.269600000000004
K01003,9.695599999999999
K01004,6.493
K01005,109.81569999999999
K01006,29.151799999999998
K01007,14.3048
K01008,37.9938
K01009,12.4778
K01011,7.086
K01012,38.7383
K01026,6.4514
K01029,11.234100000000002
K01031,3.304
K01032,5.1129
K01039,4.0396
K01040,54.2238
K01042,33.2583
K01046,13.363299999999999
K01051,10.1006
K01053,50.9832
K01055,12.9268
K01056,65.00359999999999
K01057,56.613299999999995
K01060,8.25
K01061,242.34349999999998
K01066,24.7573
K01068,4.4313
K01069,76.35409999999999
K01070,22.2083
K01075,11.4444
K01079,23.626
K01082,15.7512
K01087,4.9307
K01089,7.3569
K01091,31.087799999999998
K01092,38.4431
K01095,21.6524
K01104,43.7477
K01113,25.7023
K01114,116.33379999999998
K01118,131.0767
K01126,30.850800000000003
K01129,94.46060000000001
K01142,19.4228
K01151,37.819799999999994
K01153,4.1521
K01159,72.13239999999998
K01166,16.071099999999998
K01167,4.037
K01174,5.1511
K01178,34.7928
K01179,11.3995
K01181,31.593
K01183,4.0557
K01185,12.2868
K01194,22.9053
K01206,113.07250000000002
K01207,15.905
K01209,47.685599999999994
K01236,4.6953
K01239,119.54549999999999
K01241,35.032000000000004
K01243,4.3304
K01246,148.5086
K01247,34.1649
K01251,342.09219999999993
K01255,7.5881
K01259,35.4508
K01262,27.8533
K01265,162.20549999999997
K01266,60.12879999999999
K01271,11.0737
K01273,48.6918
K01283,56.20099999999999
K01286,22.3753
K01295,6.3902
K01297,39.857
K01299,17.0873
K01303,9.9663
K01304,6.474399999999999
K01356,101.0413
K01358,207.22919999999993
K01372,7.008
K01406,2.1524
K01409,78.82209999999999
K01419,81.00960000000002
K01423,48.2113
K01424,19.3498
K01425,17.4746
K01426,90.80030000000001
K01429,32.9334
K01430,28.1884
K01431,11.0307
K01432,11.0038
K01433,52.3788
K01439,10.4581
K01443,65.5583
K01447,31.663899999999998
K01448,135.1252
K01449,15.122500000000002
K01455,77.3445
K01457,9.3956
K01458,24.836399999999998
K01462,131.3653
K01463,2.1704
K01465,5.5571
K01470,77.779
K01476,15.7213
K01477,5.7195
K01478,32.46
K01480,24.663500000000003
K01482,7.7994
K01483,14.177299999999999
K01484,4.282
K01485,43.5039
K01487,5.527
K01488,14.1639
K01489,73.8655
K01494,93.9823
K01495,75.6087
K01496,19.3566
K01497,57.1482
K01499,4.5216
K01500,5.3643
K01505,7.0854
K01507,88.49539999999999
K01512,20.9914
K01515,13.423000000000002
K01518,3.0973
K01520,30.6657
K01521,7.795400000000001
K01523,14.6557
K01524,36.710899999999995
K01525,9.2288
K01545,17.415
K01546,285.173
K01547,89.1744
K01548,164.3632
K01551,56.0497
K01555,57.89960000000001
K01556,16.139899999999997
K01560,45.1553
K01561,51.569700000000005
K01563,10.6392
K01569,186.7713
K01574,57.1132
K01575,39.1811
K01578,5.2168
K01579,4.8428
K01580,10.626
K01581,9.4425
K01586,11.2474
K01588,42.919
K01589,18.6557
K01591,24.9607
K01595,187.92700000000005
K01596,34.883300000000006
K01599,21.9935
K01601,7.7457
K01602,12.2201
K01607,270.15010000000007
K01609,4.7634
K01610,96.3586
K01611,4.3212
K01613,45.8352
K01619,37.9141
K01620,93.07500000000002
K01621,146.5866
K01622,4.0156
K01623,51.498599999999996
K01624,120.04030000000003
K01625,4.4286
K01626,157.5134
K01627,61.855999999999995
K01628,14.2853
K01633,25.2115
K01635,6.244
K01637,79.1304
K01638,125.0313
K01640,44.56879999999999
K01644,54.4414
K01646,3.9648
K01653,88.9962
K01658,2.912
K01661,11.9653
K01662,60.7618
K01666,33.4311
K01673,132.7604
K01676,36.0787
K01679,26.163
K01686,2.6172
K01689,260.9394
K01692,40.547399999999996
K01693,22.0505
K01695,100.5143
K01696,12.1589
K01698,97.69940000000001
K01704,72.3062
K01711,46.844300000000004
K01712,46.135
K01714,17.224800000000002
K01715,8.4632
K01716,12.911
K01719,130.71079999999998
K01720,31.3585
K01721,29.619999999999997
K01724,72.11030000000001
K01725,26.7467
K01726,8.4758
K01733,64.5981
K01734,5.7278
K01735,15.936
K01736,72.57719999999999
K01737,105.62950000000002
K01738,7.0535
K01744,3.8433
K01745,9.4579
K01749,78.7736
K01752,51.378499999999995
K01753,3.8564
K01754,35.8039
K01755,84.53129999999999
K01759,45.5724
K01768,47.084900000000005
K01772,100.94749999999998
K01775,83.28150000000001
K01776,28.3857
K01778,109.64240000000002
K01779,20.6149
K01781,8.600999999999999
K01783,12.2921
K01785,130.65789999999998
K01790,5.8245000000000005
K01792,7.538
K01796,14.1266
K01799,61.06570000000001
K01800,27.7815
K01802,16.6162
K01803,43.402899999999995
K01804,22.020400000000002
K01805,21.2848
K01807,41.855000000000004
K01808,22.4451
K01809,24.9139
K01810,136.88279999999997
K01812,4.658
K01815,7.4062
K01816,28.5005
K01817,7.8077
K01820,6.6719
K01821,126.84429999999998
K01822,17.4511
K01823,28.237299999999998
K01826,3.5109
K01834,48.7392
K01839,2.3657
K01841,3.2201
K01843,12.3095
K01845,23.6869
K01849,18.8442
K01854,15.1358
K01857,8.0551
K01858,99.8664
K01865,2.3761
K01866,67.0398
K01867,86.2389
K01868,216.79590000000002
K01870,8.905
K01872,160.7176
K01873,5.3538
K01874,46.591899999999995
K01875,154.26149999999998
K01876,10.1456
K01880,5.5181
K01881,43.209399999999995
K01885,27.2449
K01887,116.39529999999999
K01889,144.3263
K01890,117.1806
K01892,9.6185
K01893,9.9699
K01907,9.4361
K01912,84.46140000000001
K01915,688.3844
K01918,62.6749
K01919,94.58979999999998
K01920,80.4481
K01921,103.95069999999998
K01923,65.0287
K01924,11.386
K01926,17.5673
K01933,80.4738
K01934,36.664500000000004
K01935,29.5535
K01937,351.5902999999999
K01939,220.6345
K01940,150.16209999999998
K01945,66.7815
K01951,266.64900000000006
K01953,250.38619999999997
K01971,102.1493
K01972,273.0328
K01974,3.8315
K01975,35.862199999999994
K01989,4.2115
K01990,96.15549999999999
K01991,61.2295
K01992,123.63490000000002
K01993,5.7309
K01995,6.045
K01996,19.334699999999998
K01997,172.2759
K01998,27.3091
K01999,41.058699999999995
K02001,4.5017
K02002,7.790900000000001
K02003,21.4915
K02004,1563.4013000000004
K02007,2.8213
K02013,8.3734
K02014,26.0209
K02015,68.7288
K02016,28.2509
K02019,25.0733
K02020,26.100099999999998
K02025,15.082699999999999
K02026,28.4563
K02028,6.358
K02029,22.4073
K02030,53.0311
K02031,30.6535
K02032,33.6413
K02033,94.76689999999999
K02034,162.12700000000004
K02036,35.0877
K02037,16.7447
K02038,6.7615
K02039,90.33189999999999
K02040,153.4265
K02042,53.02889999999999
K02044,16.3026
K02046,10.2506
K02047,20.5826
K02049,19.085
K02050,131.722
K02051,35.7211
K02065,43.354600000000005
K02066,315.08549999999997
K02067,127.08430000000001
K02069,10.7253
K02077,6.934
K02078,161.74600000000004
K02103,5.3147
K02106,25.0811
K02108,17.547
K02109,47.9583
K02110,24.5376
K02111,40.1674
K02112,6.6497
K02113,99.98169999999999
K02114,34.597300000000004
K02115,7.786
K02116,13.8797
K02128,12.1815
K02160,56.46679999999999
K02164,11.9201
K02167,20.3677
K02169,8.6136
K02170,2.0446
K02171,111.90030000000003
K02172,16.1908
K02188,5.0414
K02189,13.241599999999998
K02193,11.0825
K02194,59.000600000000006
K02195,50.825700000000005
K02196,24.2076
K02197,50.21459999999999
K02199,114.0814
K02200,27.693499999999997
K02204,19.7257
K02221,41.0733
K02224,41.849000000000004
K02227,29.784599999999998
K02228,19.096199999999996
K02231,56.178500000000014
K02232,15.1734
K02233,29.728899999999996
K02237,4.1205
K02238,49.98949999999999
K02242,14.2128
K02257,122.36460000000001
K02258,44.736399999999996
K02259,74.1063
K02275,17.3039
K02276,41.3681
K02277,24.701800000000002
K02278,15.534200000000002
K02279,34.402499999999996
K02280,5.3243
K02281,23.541
K02282,41.093199999999996
K02283,40.6676
K02300,29.4276
K02303,13.785
K02304,2.8091
K02313,251.14390000000003
K02314,159.51659999999998
K02316,162.70420000000001
K02338,298.63400000000007
K02339,17.3348
K02340,35.0099
K02342,44.5996
K02343,47.19349999999999
K02346,19.2651
K02347,13.7895
K02351,4.7566
K02355,17.5788
K02356,126.49009999999998
K02357,95.43530000000001
K02358,86.0541
K02362,6.2285
K02372,75.3587
K02377,6.6861
K02379,18.960700000000003
K02380,35.3209
K02386,17.7252
K02387,2.8705
K02388,28.1892
K02389,13.6709
K02390,5.2989
K02393,37.190599999999996
K02394,12.696
K02395,17.0145
K02396,27.2771
K02398,2.8296
K02402,4.1916
K02403,3.6334
K02406,6.0166
K02407,3.9199
K02408,5.7916
K02409,19.264
K02410,95.3711
K02411,2.8031
K02413,36.523
K02414,9.666
K02415,26.0309
K02416,60.031400000000005
K02417,30.4604
K02418,11.8597
K02420,22.7425
K02423,4.583
K02426,22.840400000000002
K02427,5.7761
K02428,33.142999999999994
K02429,69.3819
K02431,10.1339
K02433,10.9583
K02435,54.262100000000004
K02437,71.9903
K02440,7.455
K02445,7.1335
K02451,10.3184
K02452,13.7245
K02453,18.4259
K02455,9.4863
K02456,63.917399999999994
K02457,8.7366
K02458,14.916
K02459,14.921299999999999
K02460,29.319199999999995
K02461,12.2417
K02462,14.0175
K02463,19.1024
K02474,8.6944
K02477,33.6901
K02478,20.6751
K02480,4.3072
K02482,8.8944
K02483,81.61780000000002
K02488,3.0547
K02492,110.9061
K02493,4.0113
K02494,15.5505
K02495,4.4454
K02498,5.342
K02500,23.847
K02503,37.2351
K02510,168.81409999999997
K02517,10.1901
K02518,85.75089999999999
K02519,49.1259
K02520,142.5245
K02526,7.4813
K02527,98.99139999999998
K02529,25.620399999999997
K02533,27.999699999999997
K02536,36.426300000000005
K02556,34.49570000000001
K02557,7.8342
K02558,8.1874
K02563,21.908099999999997
K02564,9.0435
K02568,2.7462
K02575,10.347000000000001
K02600,280.3709
K02601,133.12769999999998
K02609,82.5989
K02610,44.6345
K02611,29.5394
K02612,20.2077
K02613,14.2437
K02614,18.7225
K02616,48.283699999999996
K02617,8.4317
K02624,21.316699999999997
K02626,37.2562
K02636,5.6459
K02638,25.1372
K02650,12.1985
K02651,46.787099999999995
K02654,27.904199999999996
K02655,15.310099999999998
K02656,6.4735
K02657,15.1343
K02658,10.9347
K02659,10.9347
K02662,82.1624
K02663,15.6099
K02664,33.2069
K02665,19.9491
K02668,8.053
K02671,18.0253
K02672,21.851000000000003
K02673,22.02
K02674,24.271800000000002
K02676,5.5114
K02687,25.211000000000002
K02784,30.997799999999998
K02793,17.9665
K02806,12.2161
K02825,38.9242
K02834,63.243100000000005
K02835,10.2406
K02836,33.8919
K02838,133.23340000000002
K02851,5.8427
K02856,8.7836
K02860,46.4668
K02863,147.26119999999997
K02864,110.17909999999999
K02867,101.7179
K02871,99.28470000000002
K02874,98.1464
K02876,107.7956
K02878,138.08199999999997
K02879,104.01530000000001
K02881,92.0877
K02884,106.4344
K02886,89.35969999999999
K02887,127.5095
K02888,54.4502
K02890,69.5153
K02892,69.58369999999998
K02895,152.76409999999998
K02897,86.37849999999999
K02899,52.51090000000001
K02902,44.280199999999994
K02904,41.8281
K02906,169.13110000000003
K02907,71.66220000000001
K02909,94.65679999999999
K02911,27.508599999999998
K02913,36.845200000000006
K02914,15.9205
K02916,87.68430000000001
K02919,28.8459
K02921,2.342
K02926,104.0155
K02931,177.559
K02933,71.0374
K02935,150.63589999999996
K02939,79.78300000000002
K02945,177.99070000000003
K02946,135.72129999999999
K02948,116.66730000000003
K02950,126.31609999999999
K02952,62.662299999999995
K02954,95.76400000000001
K02956,124.49229999999999
K02959,96.71839999999999
K02961,78.21889999999999
K02963,46.2285
K02965,150.74829999999997
K02967,149.08360000000002
K02968,24.023300000000003
K02970,116.8668
K02982,199.95039999999997
K02986,94.2948
K02988,73.80099999999999
K02990,72.0452
K02992,118.84780000000002
K02994,120.76079999999999
K02996,51.249300000000005
K03040,302.4007
K03060,52.7953
K03070,158.38639999999998
K03071,28.7305
K03073,82.6661
K03075,75.6356
K03076,29.1221
K03088,1938.0508000000004
K03089,59.9366
K03090,10.7112
K03092,247.49839999999998
K03100,94.037
K03101,67.45259999999999
K03106,24.206899999999997
K03110,21.1846
K03111,184.38149999999996
K03113,6.578
K03116,112.26859999999998
K03117,21.65
K03118,148.8636
K03147,311.0132
K03149,91.36380000000001
K03150,4.9152
K03151,24.057299999999998
K03154,31.506999999999998
K03177,26.376399999999997
K03179,29.2223
K03185,10.6407
K03186,50.0573
K03187,54.8972
K03188,47.0235
K03189,81.33770000000001
K03190,67.6937
K03192,9.122
K03196,3.3623
K03200,6.7062
K03201,5.6638
K03203,4.0552
K03205,7.581
K03210,78.8904
K03216,29.4998
K03217,89.7245
K03218,16.2666
K03269,32.4189
K03270,10.329699999999999
K03271,39.635400000000004
K03273,23.4206
K03274,7.0076
K03281,7.3182
K03282,55.789
K03284,6.3904
K03286,55.30689999999999
K03294,13.1417
K03299,6.2191
K03301,44.39540000000001
K03303,101.9855
K03313,58.64660000000001
K03320,204.4791
K03324,29.367
K03325,7.5014
K03327,31.9356
K03335,26.2637
K03336,6.895
K03337,50.796499999999995
K03338,5.9353
K03365,12.0295
K03392,14.4482
K03394,15.2611
K03395,4.129
K03396,21.1175
K03402,46.4684
K03406,319.91259999999994
K03408,27.4455
K03409,36.6828
K03411,6.4053
K03412,18.9966
K03413,44.1763
K03414,17.2013
K03418,8.484
K03424,64.6153
K03426,59.632000000000005
K03427,4.4397
K03431,4.6382
K03432,3.4139
K03433,21.4905
K03438,121.4957
K03439,34.8269
K03446,51.2615
K03449,9.6322
K03455,60.4528
K03457,38.7146
K03464,17.311
K03465,22.0699
K03466,392.04260000000005
K03469,36.0111
K03470,57.2046
K03474,32.444199999999995
K03478,52.58380000000001
K03495,30.5861
K03496,136.30700000000002
K03497,224.10930000000002
K03498,23.828
K03501,53.0847
K03517,82.4421
K03518,54.8372
K03519,2.2475
K03521,206.28009999999998
K03522,200.3443
K03523,3.3818
K03524,19.571599999999997
K03525,72.7757
K03526,207.8147
K03527,198.46730000000002
K03530,29.567899999999998
K03531,164.19760000000002
K03534,24.163600000000002
K03536,38.833600000000004
K03543,21.825999999999997
K03544,216.3519
K03545,109.58970000000001
K03546,9.6862
K03549,89.5541
K03550,58.175900000000006
K03551,107.65300000000002
K03553,235.46630000000002
K03556,180.53169999999997
K03557,8.2005
K03558,55.6255
K03559,302.13369999999986
K03560,9.9661
K03561,255.15920000000003
K03562,17.274299999999997
K03563,33.0025
K03564,38.079899999999995
K03565,20.628300000000003
K03566,28.5666
K03567,28.293599999999998
K03568,31.128899999999998
K03569,223.4281
K03570,54.128299999999996
K03571,23.7399
K03574,77.80710000000002
K03575,53.1239
K03581,4.7379
K03584,103.366
K03585,102.04310000000002
K03586,27.082
K03587,12.5362
K03589,42.713100000000004
K03590,84.65620000000001
K03592,3.4507
K03593,144.494
K03594,40.0995
K03595,94.30409999999998
K03597,3.4326
K03598,4.7699
K03599,17.1834
K03600,13.2894
K03601,125.3231
K03602,77.4164
K03606,4.6384
K03608,19.6097
K03610,22.905299999999997
K03611,26.6432
K03616,14.5242
K03621,108.54780000000001
K03624,30.549599999999998
K03625,46.826
K03628,422.4392
K03629,52.1867
K03630,95.3267
K03631,63.4806
K03634,35.398599999999995
K03635,48.543699999999994
K03636,105.68060000000001
K03637,70.2417
K03638,6.1387
K03639,97.6697
K03640,48.642300000000006
K03641,28.782100000000003
K03642,90.97620000000002
K03643,31.0068
K03644,79.5793
K03646,5.4114
K03647,6.6965
K03648,25.485300000000002
K03649,8.4769
K03650,45.668
K03651,32.2258
K03652,48.7942
K03655,9.5139
K03657,8.9168
K03660,3.1268
K03664,102.68040000000002
K03665,86.6165
K03666,73.0141
K03667,22.4562
K03668,2.1336
K03670,35.153000000000006
K03671,93.7992
K03672,6.7132
K03673,32.5759
K03676,25.3671
K03683,11.7391
K03684,18.891800000000003
K03685,35.77910000000001
K03687,94.3834
K03690,16.017
K03698,22.6678
K03699,19.164
K03701,102.5913
K03702,57.5895
K03703,21.607799999999997
K03704,271.79480000000007
K03705,97.0059
K03709,51.257600000000004
K03710,28.3848
K03711,20.9825
K03717,9.9269
K03719,66.3189
K03722,25.5855
K03724,29.144800000000004
K03734,64.8867
K03735,10.9508
K03741,6.9199
K03742,2.6368
K03744,118.69490000000002
K03746,8.3147
K03747,9.1155
K03749,4.5214
K03750,79.6858
K03752,17.4526
K03753,32.233200000000004
K03768,18.97
K03769,32.8155
K03770,10.3109
K03771,3.7493
K03772,13.7439
K03781,437.57869999999974
K03782,24.163
K03783,31.1069
K03786,41.7906
K03787,36.4778
K03789,38.480799999999995
K03790,27.5638
K03791,2.6896
K03793,10.0617
K03795,25.5057
K03797,126.218
K03799,37.5832
K03801,28.4491
K03802,11.5448
K03805,2.4655
K03806,9.9392
K03808,30.4454
K03809,90.88730000000001
K03814,21.4055
K03820,21.948300000000003
K03821,154.6515
K03824,22.881200000000003
K03825,3.3082
K03828,2.9448
K03829,30.282199999999996
K03830,15.7502
K03831,4.9813
K03832,242.74900000000005
K03841,20.7446
K03863,5.5966
K03885,164.3605
K03886,27.2016
K03889,14.875099999999998
K03890,10.2334
K03892,24.906
K03893,5.0673
K03919,18.8177
K03921,2.751
K03924,248.7608
K03925,69.85839999999999
K03926,38.5703
K03928,4.7477
K03932,10.5756
K03937,12.639
K03969,60.859399999999994
K03972,1.9933
K03973,21.780199999999997
K03975,153.84869999999998
K03977,15.660699999999999
K03978,37.498799999999996
K03979,101.38499999999999
K03980,19.3254
K03981,15.029599999999999
K04027,10.0268
K04028,8.4515
K04033,7.325
K04042,8.6414
K04047,99.269
K04063,107.72400000000002
K04065,19.8736
K04066,141.95369999999997
K04069,32.1351
K04074,17.137
K04075,35.5978
K04077,1198.9987000000006
K04078,302.59209999999996
K04079,164.1113
K04080,12.875499999999999
K04082,11.8057
K04083,34.713499999999996
K04084,14.4435
K04085,10.9217
K04087,27.8315
K04088,48.6162
K04091,16.8155
K04092,6.1213
K04093,4.9254
K04095,7.8392
K04096,119.76529999999998
K04097,9.1249
K04098,9.9448
K04100,13.751999999999999
K04102,11.8416
K04343,16.6008
K04477,4.7278
K04485,80.2098
K04486,11.851099999999999
K04487,14.043
K04488,9.415700000000001
K04517,3.083
K04518,9.9822
K04564,139.68959999999996
K04565,16.8577
K04567,12.023499999999999
K04651,13.5209
K04652,6.5908
K04653,16.237000000000002
K04654,53.1552
K04655,48.5902
K04656,63.1484
K04719,7.7171
K04744,81.33559999999999
K04748,8.4296
K04749,197.3699
K04750,143.76830000000004
K04751,72.54220000000001
K04752,15.9962
K04754,42.7157
K04755,23.125300000000003
K04756,16.664099999999998
K04757,187.9675
K04758,23.8749
K04759,78.892
K04760,29.1187
K04762,5.8939
K04763,273.29459999999995
K04764,41.9916
K04768,14.7705
K04771,30.727899999999998
K04773,20.245600000000003
K04794,3.7957
K04835,5.4483
K05275,46.1702
K05281,8.6792
K05306,7.3924
K05337,68.70190000000001
K05343,30.9728
K05375,14.6722
K05501,4.7196
K05515,9.6131
K05518,41.4678
K05520,48.1017
K05521,15.1232
K05522,4.6452
K05524,90.47760000000001
K05527,12.9968
K05539,14.8917
K05540,6.0968
K05550,13.7458
K05555,64.00750000000001
K05558,9.991
K05588,7.890599999999999
K05589,27.138600000000004
K05594,20.6073
K05595,59.0456
K05602,19.5641
K05603,4.8183
K05606,24.6904
K05710,62.58410000000001
K05713,2.8774
K05770,3.71
K05772,10.8497
K05773,9.0495
K05774,3.8568
K05786,23.679299999999998
K05788,27.8133
K05794,69.58300000000001
K05799,11.717099999999999
K05800,12.0471
K05801,16.2467
K05805,8.893600000000001
K05807,48.419399999999996
K05808,30.237599999999997
K05810,59.6836
K05812,5.9023
K05815,5.8616
K05817,38.7185
K05818,7.1097
K05825,7.2873
K05826,9.8531
K05834,21.4191
K05838,18.5975
K05845,62.186299999999996
K05846,34.375299999999996
K05873,5.7623
K05878,12.8305
K05879,15.984899999999998
K05881,33.1662
K05889,3.9357
K05895,9.4357
K05896,116.1469
K05898,4.9181
K05913,24.5296
K05921,10.0569
K05936,8.3518
K05937,2.6311
K05942,6.5344
K05966,4.8628
K05970,4.9748
K05972,10.7107
K05973,64.3534
K05979,9.0998
K05989,30.0567
K05995,36.3515
K06006,36.9818
K06013,34.1928
K06015,32.3995
K06023,25.973100000000002
K06024,74.398
K06041,70.9777
K06042,34.63969999999999
K06044,6.398
K06048,48.2273
K06075,25.938499999999998
K06076,17.1597
K06077,8.2415
K06078,4.4067
K06118,3.7349
K06132,12.3448
K06133,16.3535
K06134,16.118499999999997
K06135,4.8947
K06136,33.1208
K06137,66.4891
K06138,23.874899999999997
K06142,35.7447
K06149,8.9685
K06152,88.8883
K06153,183.27779999999998
K06162,20.9562
K06163,16.7063
K06164,15.8356
K06165,5.9094
K06166,12.6811
K06167,29.866300000000003
K06169,7.2254
K06173,18.6935
K06176,7.5928
K06178,9.0986
K06179,13.356
K06181,6.2063
K06182,4.4165
K06186,13.8554
K06187,128.3001
K06188,8.4678
K06189,12.5947
K06190,28.216199999999997
K06192,16.6299
K06194,3.756
K06195,34.5079
K06196,61.0462
K06197,3.5969
K06199,30.1178
K06200,55.122
K06201,7.948
K06203,5.751399999999999
K06204,144.553
K06207,10.537500000000001
K06208,22.7818
K06213,23.2074
K06215,98.33179999999999
K06217,65.5973
K06218,13.2599
K06219,9.2108
K06223,6.2849
K06287,96.5944
K06324,8.8404
K06346,28.134000000000004
K06373,3.9282
K06374,5.5549
K06381,2.4079
K06384,18.7819
K06400,124.71979999999998
K06402,22.5612
K06413,80.58319999999999
K06415,11.2629
K06442,32.095699999999994
K06518,9.838799999999999
K06598,12.0271
K06602,4.5327
K06859,15.7773
K06861,40.429100000000005
K06864,43.1154
K06867,40.17620000000001
K06871,9.2549
K06872,45.5027
K06877,7.2527
K06878,11.965
K06880,4.7316
K06884,10.6785
K06886,46.216
K06888,189.3553
K06890,6.0961
K06891,79.62320000000001
K06893,56.080999999999996
K06897,74.74060000000001
K06898,23.644800000000004
K06901,39.0779
K06904,3.9028
K06907,18.9146
K06911,316.59670000000006
K06912,11.1592
K06915,31.388
K06916,9.4361
K06917,5.5157
K06918,10.587299999999999
K06919,3.7248
K06920,59.892900000000004
K06921,20.5479
K06922,5.572699999999999
K06923,20.4672
K06925,37.89149999999999
K06926,2.2108
K06927,9.373
K06929,56.1111
K06934,16.7579
K06937,79.0711
K06938,15.109399999999999
K06940,21.9118
K06941,97.33520000000001
K06945,63.08139999999999
K06949,14.6738
K06952,15.9146
K06958,78.9726
K06959,7.1836
K06960,30.3793
K06962,4.6081
K06971,19.435399999999998
K06973,10.518
K06975,15.0748
K06976,13.5123
K06978,8.2902
K06980,6.4663
K06984,4.8392
K06985,28.0769
K06986,7.2717
K06987,70.86309999999999
K06988,77.4588
K06989,8.1354
K06991,10.9061
K06994,41.2795
K06995,22.1657
K06996,102.39940000000001
K06997,59.33599999999999
K06998,220.95550000000003
K06999,34.0312
K07000,4.0922
K07001,123.1094
K07003,7.2835
K07005,54.9739
K07006,67.72680000000001
K07008,10.615
K07009,24.895
K07010,66.7243
K07012,8.5785
K07018,29.9625
K07020,40.9332
K07025,18.821599999999997
K07026,2.2192
K07027,8.9717
K07028,5.3357
K07029,31.8471
K07031,4.9837
K07032,5.6697
K07034,24.114400000000003
K07037,9.4665
K07038,34.3617
K07039,14.512500000000001
K07040,53.29879999999999
K07042,40.8163
K07044,15.669200000000002
K07045,23.2226
K07046,21.2021
K07048,4.41
K07052,77.4842
K07053,10.211
K07054,36.5485
K07056,54.096199999999996
K07058,188.66929999999996
K07062,81.11890000000001
K07063,30.868399999999998
K07064,48.08370000000001
K07065,45.862
K07068,204.40090000000004
K07071,52.3628
K07074,7.880599999999999
K07075,36.6871
K07076,11.335899999999999
K07077,6.7251
K07079,15.0914
K07080,17.3651
K07082,105.71670000000002
K07089,87.8027
K07090,192.26540000000003
K07091,8.5273
K07092,2.7449
K07095,20.4133
K07096,4.4388
K07098,64.4065
K07100,27.021099999999997
K07101,4.9466
K07102,27.9336
K07104,32.9679
K07106,33.8121
K07107,71.86619999999999
K07112,15.954699999999999
K07114,14.4326
K07115,31.6932
K07118,2.2899
K07120,14.7751
K07121,8.7909
K07122,10.9174
K07123,11.6108
K07124,20.322300000000002
K07126,100.0471
K07127,7.4079
K07131,74.49520000000001
K07133,21.1437
K07136,3.0833
K07137,11.3972
K07141,22.5266
K07147,90.357
K07149,6.38
K07150,3.3134
K07152,157.1552
K07154,214.5512000000001
K07156,28.3018
K07157,8.1874
K07160,34.8496
K07161,65.2519
K07164,34.5095
K07165,26.929999999999996
K07167,5.8674
K07171,124.26640000000002
K07172,26.381700000000002
K07177,26.038800000000002
K07178,10.9733
K07180,6.1527
K07181,10.2661
K07182,9.742
K07192,103.34159999999999
K07219,9.4695
K07220,17.6337
K07221,39.36359999999999
K07223,68.566
K07226,17.9722
K07232,23.0472
K07233,18.9204
K07234,9.8948
K07240,152.4515
K07241,106.48729999999998
K07243,70.4358
K07251,2.5545
K07257,2.0498
K07258,18.687
K07259,39.548199999999994
K07261,44.29699999999999
K07262,7.6745
K07263,15.3346
K07264,35.8828
K07266,8.6431
K07267,29.8132
K07270,8.8385
K07273,17.2818
K07274,22.193199999999997
K07276,4.0608
K07284,19.374499999999998
K07287,7.2754
K07300,26.6379
K07301,4.899
K07302,99.46640000000002
K07303,7.5662
K07304,133.50969999999995
K07305,71.2025
K07315,159.0383
K07320,3.7272
K07323,90.2308
K07334,33.6899
K07335,39.2759
K07336,3.1377
K07340,11.6716
K07341,37.585100000000004
K07343,16.4544
K07344,15.821
K07390,39.53059999999999
K07391,122.3145
K07393,35.5726
K07395,24.2381
K07397,23.1685
K07399,24.2508
K07402,197.9949
K07403,66.54610000000001
K07404,50.425399999999996
K07407,115.39239999999998
K07443,17.807000000000002
K07447,59.23100000000001
K07448,3.0525
K07450,23.6847
K07451,39.783699999999996
K07454,14.3295
K07457,3.1242
K07458,17.7518
K07460,38.352199999999996
K07461,12.5831
K07462,86.76639999999999
K07465,45.8134
K07474,1.7555
K07478,90.25060000000002
K07480,21.8015
K07481,540.5926999999998
K07482,158.984
K07483,536.9423999999999
K07484,987.0638
K07485,376.4867999999999
K07486,3704.945699999999
K07487,197.92659999999998
K07488,111.7176
K07491,270.7214
K07492,753.4574000000001
K07493,899.6152999999997
K07494,1396.2479999999991
K07495,321.8525999999999
K07496,193.80219999999997
K07497,1962.6212999999998
K07498,190.27540000000002
K07499,304.7692
K07501,17.4947
K07502,16.5482
K07503,24.8037
K07506,192.77620000000002
K07507,53.22
K07536,4.7236
K07543,6.5466
K07556,6.9666
K07560,56.864200000000004
K07566,79.504
K07568,15.657
K07574,12.5967
K07588,20.6285
K07637,10.0042
K07638,7.0855
K07646,156.40970000000002
K07657,11.5378
K07660,10.0042
K07662,10.2688
K07666,5.9444
K07670,6.2403
K07689,19.9995
K07693,9.1893
K07705,17.7252
K07722,6.8759
K07726,48.8611
K07729,26.5242
K07733,8.9732
K07734,39.44499999999999
K07735,91.52499999999999
K07736,100.4886
K07738,83.80689999999998
K07742,6.3825
K07746,35.2153
K07755,22.8976
K07778,6.7813
K07793,82.80330000000001
K07794,8.2568
K07795,42.706300000000006
K07807,3.1447
K07814,7.287000000000001
K07816,4.994999999999999
K07979,48.416900000000005
K08082,12.7852
K08084,7.2018
K08086,29.982400000000005
K08095,10.8128
K08151,8.4307
K08177,7.7271
K08178,3.8164
K08218,3.9456
K08223,54.0153
K08224,1.786
K08227,6.3151
K08281,43.31999999999999
K08296,43.8576
K08303,6.8126
K08304,24.3865
K08305,88.0199
K08307,54.311899999999994
K08309,80.0699
K08310,4.4111
K08311,42.250299999999996
K08316,31.3574
K08363,35.374100000000006
K08364,15.0833
K08365,13.0686
K08369,3.5763
K08481,15.2651
K08482,36.73930000000001
K08591,63.5814
K08602,92.6147
K08641,49.7996
K08679,13.904499999999999
K08681,23.860999999999997
K08682,3.3718
K08683,38.354200000000006
K08715,4.6706
K08726,16.2698
K08738,54.3077
K08744,3.914
K08906,3.2367
K08963,15.9436
K08967,9.9686
K08968,29.1413
K08970,45.70910000000001
K08972,20.2399
K08973,19.1921
K08976,21.8698
K08978,2.7423
K08983,13.2524
K08984,3.8442
K08987,13.1288
K08989,23.027700000000003
K08990,15.770700000000001
K08992,9.549
K08995,24.7885
K08997,8.1233
K08998,43.125699999999995
K08999,74.0266
K09001,41.1367
K09004,9.509500000000001
K09005,29.776699999999998
K09007,24.497899999999998
K09008,24.8737
K09013,130.3098
K09014,32.2743
K09015,11.3424
K09017,9.0896
K09018,8.0243
K09019,29.2984
K09020,9.7325
K09022,299.63399999999996
K09023,3.4796
K09117,60.3078
K09118,70.411
K09121,25.154999999999998
K09122,18.5611
K09125,9.984300000000001
K09128,4.2246
K09129,14.414200000000001
K09131,29.752000000000006
K09136,38.923100000000005
K09137,25.007699999999996
K09144,21.4056
K09146,4.7215
K09153,7.3887
K09154,2.9793
K09157,8.1295
K09158,4.6797
K09159,9.9658
K09160,15.424800000000001
K09164,31.416600000000003
K09165,70.8191
K09166,8.8885
K09167,3.18
K09384,4.78
K09386,11.997499999999999
K09456,9.5673
K09457,44.7888
K09461,7.2011
K09471,9.8701
K09539,5.2119
K09684,3.0955
K09692,11.8378
K09694,10.483799999999999
K09702,7.0373
K09703,13.8683
K09705,22.0976
K09709,4.0447
K09710,76.5275
K09747,105.92530000000001
K09748,102.33379999999998
K09760,59.36870000000001
K09761,53.604600000000005
K09762,34.339600000000004
K09763,16.9333
K09764,66.72619999999999
K09767,48.64290000000001
K09769,68.2137
K09771,3.6985
K09772,12.9111
K09773,5.0116
K09774,40.1294
K09778,12.5221
K09780,41.9798
K09786,41.6031
K09791,63.506
K09792,6.0718
K09794,48.4106
K09795,10.4067
K09796,78.27960000000002
K09798,17.9765
K09800,20.820899999999998
K09801,2.1736
K09803,54.061
K09804,14.141100000000002
K09806,12.293099999999999
K09807,28.2318
K09808,46.9247
K09810,3.4418
K09811,37.4322
K09812,7.6691
K09823,37.257299999999994
K09826,34.827600000000004
K09857,5.2319
K09861,4.636
K09862,14.6283
K09882,40.0607
K09883,73.79
K09888,26.8283
K09889,12.5718
K09892,12.477599999999999
K09895,9.9234
K09903,118.52109999999999
K09915,8.7096
K09919,60.07850000000001
K09920,19.125
K09921,13.0538
K09922,18.271900000000002
K09924,35.5284
K09925,3.9367
K09927,64.16799999999999
K09928,13.6041
K09930,309.96220000000005
K09931,59.9544
K09932,20.8413
K09933,5.5599
K09935,4.1961
K09936,14.4433
K09937,19.4639
K09938,2.8945
K09940,8.5755
K09942,10.9527
K09945,18.030099999999997
K09949,36.4507
K09950,6.0626
K09951,36.435900000000004
K09955,64.35419999999999
K09957,15.8876
K09958,37.62
K09960,7.2489
K09961,5.9018
K09962,15.122
K09965,4.998
K09966,34.3765
K09967,9.2353
K09969,37.4041
K09973,23.0817
K09981,3.7414
K09983,45.3354
K09984,11.332
K09985,11.8559
K09986,18.0849
K09987,5.9046
K09989,53.9182
K09990,83.15690000000002
K09991,13.276399999999999
K09992,41.39079999999999
K10002,9.8333
K10026,29.372899999999998
K10106,3.2549
K10107,7.499499999999999
K10215,6.375
K10218,4.0472
K10219,22.8381
K10228,16.508
K10229,6.1494
K10255,10.8019
K10439,38.578
K10440,6.4028
K10532,2.5297
K10533,8.438699999999999
K10536,55.04750000000001
K10546,6.0098
K10552,3.5036
K10553,3.01
K10554,5.61
K10563,19.5323
K10621,3.6472
K10676,10.1373
K10680,19.592299999999998
K10709,3.5291
K10713,10.3947
K10714,5.1926
K10763,8.4248
K10773,47.032700000000006
K10778,41.642700000000005
K10794,7.3569
K10804,32.6075
K10806,18.6878
K10822,139.1576
K10843,9.3585
K10914,59.5944
K10917,38.8269
K10944,11.4412
K10945,3.478
K10946,13.9128
K10947,354.18159999999983
K10979,140.92350000000002
K11065,11.161200000000001
K11068,10.210700000000001
K11070,11.4806
K11071,14.0577
K11073,19.7384
K11074,11.4806
K11075,19.6512
K11089,6.8995
K11105,4.7849
K11175,43.1466
K11178,70.2719
K11206,16.336199999999998
K11208,4.9944
K11209,63.1218
K11211,14.8584
K11212,30.912799999999997
K11249,1.9679
K11261,12.0304
K11443,73.33580000000003
K11472,8.4421
K11473,3.495
K11475,8.77
K11477,162.6178
K11529,50.176700000000004
K11530,20.2684
K11534,3.87
K11616,8.7779
K11621,20.0341
K11690,143.1968
K11719,10.8962
K11741,12.7524
K11749,75.6353
K11752,33.944
K11753,76.6477
K11890,5.349600000000001
K11891,14.772900000000002
K11892,3.959
K11893,3.035
K11895,3.664
K11897,15.3218
K11901,3.7206
K11902,4.3693
K11903,9.9585
K11904,17.671599999999998
K11906,4.2444
K11909,4.2156
K11924,14.8294
K11936,3.9733
K11939,16.357799999999997
K11940,7.6467
K11941,21.282500000000002
K11960,15.8734
K11991,24.6185
K12070,14.767900000000001
K12071,13.7828
K12132,220.91510000000005
K12140,17.9324
K12141,6.4879
K12152,11.938500000000001
K12205,6.4239
K12217,5.5606
K12222,2.8375
K12234,18.409000000000002
K12251,9.7569
K12252,7.7616
K12262,28.7263
K12279,5.1146
K12281,3.1408
K12285,4.9354
K12286,3.327
K12349,3.2652
K12373,66.6934
K12454,3.6829
K12508,17.3643
K12510,41.977700000000006
K12511,35.6828
K12574,168.36
K12658,8.3212
K12941,11.0317
K12942,3.9344
K12945,5.3878
K12962,5.0355
K12976,19.826900000000002
K12978,2.3788
K12984,15.9543
K13014,4.8677
K13020,4.9037
K13038,17.1194
K13051,31.7457
K13052,7.0347
K13075,67.4537
K13256,9.3412
K13282,17.2481
K13283,4.0931
K13288,35.9373
K13292,92.48650000000002
K13483,16.1723
K13485,11.9399
K13527,13.6147
K13529,13.8127
K13570,14.185400000000001
K13572,6.8408
K13582,12.3291
K13583,31.880200000000002
K13584,20.9232
K13587,20.5985
K13588,6.9145
K13589,19.7059
K13590,9.5705
K13592,11.4704
K13593,2.5215
K13598,3.8379
K13628,44.25020000000001
K13633,9.1364
K13639,32.2753
K13640,30.8547
K13643,5.2259
K13693,9.4209
K13770,2.9883
K13774,5.1504
K13775,39.7796
K13876,6.4027
K13929,4.3759
K13930,7.3922
K13931,4.6457
K13932,8.303899999999999
K13933,15.581199999999999
K13934,21.2611
K13935,4.3484
K13953,52.041399999999996
K13985,32.727000000000004
K13990,10.4154
K13992,19.4922
K13993,189.46060000000006
K14058,10.428
K14059,18.1093
K14060,24.3356
K14063,27.9154
K14083,116.5164
K14136,17.3366
K14155,17.7639
K14160,25.734
K14188,6.2569
K14189,32.5869
K14259,12.2273
K14260,15.421700000000001
K14335,3.1319
K14340,8.9657
K14347,26.1029
K14393,4.713
K14591,4.3545
K14596,43.0826
K14623,2.5283
K14682,5.0621
K14696,4.5429
K14728,3.5704
K14731,16.2915
K14742,31.100299999999997
K14941,5.3258
K14952,4.9986
K14953,4.1061
K14977,34.4156
K14980,19.3251
K14981,7.6937
K14986,80.54439999999998
K14987,10.638
K14998,31.1176
K15012,19.7588
K15034,11.1933
K15067,7.3868
K15228,12.6502
K15256,14.876000000000001
K15270,8.9566
K15303,6.6903
K15315,4.4571
K15342,17.480199999999996
K15371,54.8551
K15512,32.962
K15518,10.3619
K15520,21.0321
K15523,8.2569
K15532,19.6199
K15539,57.5613
K15546,8.8589
K15549,8.6009
K15553,22.4973
K15554,8.7346
K15577,12.3591
K15633,89.0208
K15635,2.7399
K15724,19.5854
K15725,18.762700000000002
K15735,14.372700000000002
K15763,1.4803
K15773,11.5927
K15777,43.636500000000005
K15836,26.5157
K15861,5.1353
K15866,23.2804
K15878,4.0362
K15923,4.9417
K15973,67.63289999999999
K15977,291.4940000000001
K15982,6.7402
K15983,6.1093
K15986,2.8129
K16025,15.4839
K16026,3.3249
K16048,2.4561
K16052,10.9348
K16079,123.70809999999997
K16080,50.119000000000014
K16137,199.0134000000001
K16146,6.3115
K16147,72.5476
K16149,5.3436
K16163,2.13
K16164,7.2746
K16165,13.689700000000002
K16168,19.1069
K16192,5.2902
K16203,11.819199999999999
K16254,12.8392
K16258,5.0831
K16260,10.363199999999999
K16264,7.3346
K16267,3.396
K16291,23.088
K16303,4.095
K16304,2.7766
K16557,8.0606
K16566,4.1042
K16568,7.9862
K16639,2.5062
K16645,6.7488
K16648,24.9725
K16650,5.5111
K16652,21.0477
K16841,20.488500000000002
K16842,19.866
K16868,21.7044
K16880,11.4943
K16915,2.9315
K16922,3.4088
K16925,4.2738
K17103,76.38329999999999
K17213,8.1528
K17218,3.816
K17222,22.285899999999998
K17223,23.595899999999997
K17226,40.7877
K17227,32.4428
K17229,17.0017
K17230,16.012500000000003
K17231,35.1076
K17243,4.0967
K17247,57.4532
K17285,3.443
K17290,26.152500000000003
K17315,6.4605
K17317,6.0721
K17324,10.9681
K17609,9.5362
K17675,32.6811
K17713,9.0202
K17717,3.3056
K17725,34.3724
K17735,19.234299999999998
K17752,58.1263
K17762,27.7197
K17763,48.9206
K17836,20.161800000000003
K17837,6.0014
K17840,5.6701
K17880,4.076
K17947,7.9617
K18007,4.56
K18013,100.884
K18014,7.6161
K18029,11.8019
K18139,21.5118
K18189,95.205
K18199,87.7332
K18201,8.2811
K18208,3.5027
K18224,5.0
K18226,14.1962
K18235,18.0024
K18240,3.8405
K18258,11.8507
K18288,15.8768
K18290,77.01429999999999
K18292,6.2372
K18298,11.7547
K18301,15.4475
K18320,46.9542
K18333,8.0361
K18336,7.7255
K18346,5.8493
K18351,9.25
K18369,4.8691
K18372,16.1193
K18382,4.9562
K18446,25.366600000000002
K18453,14.3581
K18455,6.2686
K18476,76.00110000000001
K18480,14.1082
K18481,41.82470000000001
K18554,3.5231
K18578,3.4878
K18581,17.7795
K18587,4.4036
K18588,28.4576
K18649,5.3709
K18672,17.4943
K18676,3.0322
K18678,2.5459
K18682,50.440599999999996
K18691,11.9285
K18700,34.7219
K18778,6.976
K18828,33.258799999999994
K18829,22.2371
K18831,31.2214
K18842,3.4243
K18843,29.829800000000002
K18844,4.1614
K18850,4.8213
K18851,28.959600000000002
K18853,8.624
K18900,14.1369
K18901,4.3324
K18910,8.6784
K18911,7.7536000000000005
K18917,17.0853
K18918,18.3404
K18939,7.1485
K18954,2.8757
K18955,48.13369999999999
K18958,12.3002
K18979,56.4041
K18981,9.9013
K18991,4.3903
K18996,7.4731
K18997,15.993200000000002
K19033,9.0927
K19055,16.183300000000003
K19058,4.2709
K19092,40.7787
K19113,6.5441
K19131,3.9481
K19142,2.3955
K19156,49.3724
K19157,6.321899999999999
K19158,5.9426
K19159,13.9469
K19163,4.4409
K19164,4.4409
K19165,23.612
K19166,36.477399999999996
K19200,6.872
K19221,66.4085
K19222,39.90410000000001
K19244,11.8507
K19265,3.5465
K19267,100.4627
K19270,2.5617
K19294,31.0492
K19302,20.192299999999996
K19304,31.932199999999998
K19355,4.3508
K19405,21.2958
K19411,8.2011
K19545,3.1288
K19586,28.0498
K19587,3.7416
K19670,3.493
K19686,4.5759
K19687,18.8057
K19689,14.8556
K19710,20.3325
K19713,3.6163
K19745,5.1507000000000005
K19784,47.06999999999999
K19804,25.7937
K19823,3.4442
K19978,3.9238
K20036,7.654
K20074,82.41489999999999
K20265,8.2531
K20266,17.0564
K20267,3.9225
K20444,2.2447
K20449,4.563
K20467,4.6362
K20468,6.4668
K20469,3.8335
K20483,2.6447
K20523,61.46280000000001
K20527,3.9349
K20528,4.0296
K20529,13.9428
K20531,18.2453
K20532,7.2786
K20533,16.4364
K20542,7.6634
K20760,5.662
K20761,5.662
K20798,4.5557
K20807,31.929
K20844,71.5054
K20866,4.3253
K20938,14.9512
K20941,5.0544
K20974,3.6903
K20975,7.5172
K20976,7.1453
K21014,4.7664
K21023,108.5039
K21053,4.9466
K21062,13.8841
K21084,14.197
K21087,3.9169
K21140,9.237300000000001
K21142,3.4908
K21159,31.003600000000002
K21162,50.7913
K21163,12.089200000000002
K21196,9.9672
K21302,9.6238
K21310,20.771299999999997
K21394,11.173
K21395,127.97420000000001
K21397,5.1395
K21417,6.1059
K21420,6.6904
K21470,105.522
K21471,11.4078
K21481,9.124
K21495,63.189699999999995
K21498,62.9478
K21572,2.0296
K21600,37.9212
K21619,5.3197
K21645,6.7994
K21672,6.048
K21679,2.8095
K21686,5.9708
K21695,35.9792
K21700,17.9614
K21703,36.9839
K21741,163.844
K21759,5.0019
K21826,12.7372
K21885,14.658199999999999
K21908,49.81229999999999
K21919,2.127
K21929,198.59060000000005
K21948,15.3694
K21959,16.2842
K21990,2.7008
K22010,18.761400000000002
K22025,9.3976
K22041,16.3272
K22044,27.9736
K22074,22.0441
K22081,6.4545
K22082,6.8941
K22083,17.1309
K22107,5.7926
K22108,19.958899999999996
K22130,3.0138
K22132,4.0037
K22136,7.6493
K22205,30.5301
K22209,6.7658
K22210,33.3351
K22213,12.5611
K22250,14.0489
K22278,47.3648
K22293,13.528400000000001
K22296,11.349499999999999
K22297,12.9712
K22298,7.2238
K22299,15.9526
K22310,12.591899999999999
K22311,3.0125
K22317,5.3303
K22336,7.0464
K22342,5.7712
K22348,68.66550000000001
K22373,10.9693
K22419,54.516799999999996
K22441,7.6832
K22443,10.9256
K22452,62.0815
K22468,6.6343
K22476,5.8887
K22479,42.91620000000001
K22486,11.314
K22522,37.676
K22550,4.3009
K22553,3.7056
K22616,5.1717
K22622,49.5836
K22719,32.3321
K22736,68.6074
K22737,77.8525
K22757,5.607900000000001
K22843,6.6032
K22879,3.3783
K22881,4.9144
K22886,4.5844
K22894,60.93540000000001
K22900,22.5306
K22905,4.348
K22928,18.8811
K23107,14.431000000000001
K23163,9.9575
K23167,7.2902
K23176,10.0577
K23239,17.8731
K23242,3.7146
K23244,5.1071
K23246,8.3301
K23248,10.4756
K23262,11.913
K23264,34.2617
K23271,7.5368
K23349,4.9892
K23393,13.4775
K23518,30.7868
K23536,36.462199999999996
K23541,37.7851
K23555,17.890900000000002
K23677,16.7929
K23684,36.424899999999994
K23775,10.4834
K23777,19.6655
K23778,7.8685
K23779,20.6887
K23886,27.7853
K23911,2.3343
K23948,3.7195
K24105,18.1648
K24120,13.7592
K24126,7.9908
K24131,23.7734
K24138,13.5832
K24217,14.181999999999999
K24411,19.3585
