"","lat","long","siteID","plotID","horizon","dnaSampleID","collectDate"
"1",35.410788,-99.057569,"OAES","OAES_045","M","OAES_045-M-20160809-COMP-DNA1",2016-08-09
"2",40.814769,-104.748078,"CPER","CPER_006","M","CPER_006-M-20180702-COMP-DNA1",2018-07-02
"3",63.88224,-145.739248,"DEJU","DEJU_047","O","DEJU_047-O-20180621-COMP-DNA1",2018-06-21
"4",35.68601,-83.503985,"GRSM","GRSM_060","O","GRSM_060-O-20160719-COMP-DNA1",2016-07-19
"5",40.810934,-104.729248,"CPER","CPER_002","M","CPER_002-M-20160719-COMP-DNA1",2016-07-19
"6",47.127465,-99.246302,"WOOD","WOOD_045","O","WOOD_045-O-20170711-COMP-DNA1",2017-07-11
"7",31.196458,-84.461913,"JERC","JERC_048","M","JERC_048-M-20170725-COMP-DNA1",2017-07-26
"8",37.3607,-80.524992,"MLBS","MLBS_001","M","MLBS_001-M-20180611-COMP-DNA1",2018-06-11
"9",68.585776,-149.54318,"TOOL","TOOL_001","M","TOOL_001-M-20170721-COMP-DNA1",2017-07-22
"10",35.691954,-83.505443,"GRSM","GRSM_058","O","GRSM_058-O-20170718-COMP-DNA1",2017-07-18
"11",39.215287,-96.599283,"KONA","KONA_003","M","KONA_003-M-20170807-COMP-DNA1",2017-08-07
"12",40.474713,-103.0243,"STER","STER_026","M","STER_026-M-20160816-COMP-DNA1",2016-08-16
"13",35.67661,-83.474563,"GRSM","GRSM_003","O","GRSM_003-O-20160720-COMP-DNA1",2016-07-20
"14",29.692504,-81.989891,"OSBS","OSBS_029","M","OSBS_029-M-20180710-COMP-DNA1",2018-07-10
"15",31.814261,-88.187361,"LENO","LENO_006","M","LENO_006-M-20160830-COMP-DNA1",2016-08-30
"16",39.038041,-95.187902,"UKFS","UKFS_044","M","UKFS_044-M-20170802-COMP-DNA1",2017-08-02
"17",28.099732,-81.399974,"DSNY","DSNY_004","O","DSNY_004-O-20160713-COMP-DNA3",2016-07-13
"18",38.883308,-78.120371,"SCBI","SCBI_003","M","SCBI_003-M-2.5-0.5-20151113-GEN-DNA2",2015-11-13
"19",37.376631,-80.5198,"MLBS","MLBS_061","M","MLBS_061-M-20180612-COMP-DNA1",2018-06-12
"20",40.184944,-112.529543,"ONAQ","ONAQ_012","M","ONAQ_012-M-20160728-COMP-DNA1",2016-07-28
"21",35.670427,-83.587378,"GRSM","GRSM_002","O","GRSM_002-O-20160718-COMP-DNA1",2016-07-18
"22",47.12829,-99.243528,"WOOD","WOOD_044","O","WOOD_044-O-20170711-COMP-DNA1",2017-07-11
"23",44.041571,-71.28692,"BART","BART_004","M","BART_004-M-12-7-20140520-GEN-DNA2",2014-05-20
"24",40.818931,-104.748858,"CPER","CPER_048","M","CPER_048-M-20170710-COMP-DNA1",2017-07-10
"25",32.974426,-87.42694,"TALL","TALL_007","O","TALL_007-O-20170612-COMP-DNA1",2017-06-12
"26",31.870334,-110.856598,"SRER","SRER_002","M","SRER_002-M-20170815-COMP-DNA1",2017-08-15
"27",35.930248,-84.270109,"ORNL","ORNL_001","M","ORNL_001-M-20170619-COMP-DNA1",2017-06-19
"28",32.534942,-87.815024,"DELA","DELA_003","M","DELA_003-M-20160824-COMP-DNA1",2016-08-24
"29",40.480827,-103.018821,"STER","STER_027","M","STER_027-M-20160817-COMP-DNA1",2016-08-17
"30",45.802505,-90.062109,"STEI","STEI_008","O","STEI_008-O-20160721-COMP-DNA1",2016-07-21
"31",32.952869,-87.397606,"TALL","TALL_044","M","TALL_044-M-20180618-COMP-DNA1",2018-06-18
"32",39.036615,-95.192035,"UKFS","UKFS_031","M","UKFS_031-M-20160718-COMP-DNA1",2016-07-18
"33",40.055052,-105.561551,"NIWO","NIWO_006","O","NIWO_006-O-20180730-COMP-DNA1",2018-07-30
"34",32.977665,-87.432705,"TALL","TALL_001","M","TALL_001-M-20170612-COMP-DNA1",2017-06-12
"35",31.82786,-88.181484,"LENO","LENO_005","M","LENO_005-M-20160830-COMP-DNA1",2016-08-30
"36",46.232249,-89.534573,"UNDE","UNDE_038","M","UNDE_038-M-20180726-COMP-DNA1",2018-07-26
"37",63.875088,-149.210438,"HEAL","HEAL_048","O","HEAL_048-O-20170725-COMP-DNA1",2017-07-25
"38",40.81275,-104.696873,"CPER","CPER_004","M","CPER_004-M-20170710-COMP-DNA1",2017-07-10
"39",31.857544,-88.163277,"LENO","LENO_061","M","LENO_061-M-20160830-COMP-DNA1",2016-08-30
"40",37.116632,-119.730379,"SJER","SJER_003","M","SJER_003-M-20180219-COMP-DNA1",2018-02-19
"41",40.05465,-105.586515,"NIWO","NIWO_043","O","NIWO_043-O-20160828-COMP-DNA1",2016-08-28
"42",37.377486,-80.527932,"MLBS","MLBS_063","O","MLBS_063-O-20180612-COMP-DNA1",2018-06-12
"43",46.231276,-89.541941,"UNDE","UNDE_037","O","UNDE_037-O-20160810-COMP-DNA1",2016-08-10
"44",40.167943,-105.526306,"RMNP","RMNP_005","O","RMNP_005-O-20170808-COMP-DNA1",2017-08-08
"45",33.375278,-97.595151,"CLBJ","CLBJ_031","M","CLBJ_031-M-20160815-COMP-DNA1",2016-08-15
"46",35.957646,-84.261838,"ORNL","ORNL_029","O","ORNL_029-O-20160727-COMP-DNA1",2016-07-27
"47",46.227897,-89.53713,"UNDE","UNDE_013","M","UNDE_013-M-20160728-COMP-DNA1",2016-07-28
"48",35.955641,-84.221347,"ORNL","ORNL_021","O","ORNL_021-O-20160727-COMP-DNA1",2016-07-27
"49",40.205921,-112.430276,"ONAQ","ONAQ_003","M","ONAQ_003-M-20160725-COMP-DNA1",2016-07-25
"50",63.872772,-149.220657,"HEAL","HEAL_047","O","HEAL_047-O-20170725-COMP-DNA1",2017-07-25
"51",68.665514,-149.375519,"TOOL","TOOL_043","M","TOOL_043-M-20170719-COMP-DNA1",2017-07-19
"52",35.68601,-83.503985,"GRSM","GRSM_060","O","GRSM_060-O-20170718-COMP-DNA1",2017-07-18
"53",32.952869,-87.397606,"TALL","TALL_044","M","TALL_044-M-20170614-COMP-DNA1",2017-06-14
"54",46.22596,-89.513299,"UNDE","UNDE_014","M","UNDE_014-M-20160802-COMP-DNA1",2016-08-02
"55",18.024533,-67.076837,"LAJA","LAJA_001","M","LAJA_001-M-20160920-COMP-DNA2",2016-09-20
"56",71.273924,-156.599236,"BARR","BARR_002","O","BARR_002-O-20170808-COMP-DNA1",2017-08-09
"57",40.818451,-104.707164,"CPER","CPER_003","M","CPER_003-M-20170710-COMP-DNA1",2017-07-10
"58",42.424246,-72.258285,"HARV","HARV_001","O","HARV_001-O-20180710-COMP-DNA1",2018-07-10
"59",68.616768,-149.629355,"TOOL","TOOL_004","O","TOOL_004-O-20170726-COMP-DNA1",2017-07-26
"60",42.392282,-72.254598,"HARV","HARV_013","O","HARV_013-O-20180712-COMP-DNA1",2018-07-12
"61",63.863602,-149.273634,"HEAL","HEAL_004","O","HEAL_004-O-20160802-COMP-DNA1",2016-09-06
"62",45.491627,-89.551228,"TREE","TREE_006","M","TREE_006-M-20170707-COMP-DNA1",2017-07-10
"63",47.12829,-99.243528,"WOOD","WOOD_044","M","WOOD_044-M-20170711-COMP-DNA1",2017-07-11
"64",39.041659,-95.19703,"UKFS","UKFS_032","M","UKFS_032-M-20160720-COMP-DNA1",2016-07-20
"65",40.460659,-103.033324,"STER","STER_005","M","STER_005-M-20160816-COMP-DNA1",2016-08-16
"66",40.04845,-105.584355,"NIWO","NIWO_042","M","NIWO_042-M-20160828-COMP-DNA1",2016-08-28
"67",35.930248,-84.270109,"ORNL","ORNL_001","O","ORNL_001-O-20170619-COMP-DNA1",2017-06-19
"68",42.478565,-72.259572,"HARV","HARV_002","O","HARV_002-O-20170801-COMP-DNA2",2017-08-01
"69",32.951498,-87.398914,"TALL","TALL_047","M","TALL_047-M-20180618-COMP-DNA1",2018-06-18
"70",31.910099,-110.837175,"SRER","SRER_043","M","SRER_043-M-20170815-COMP-DNA1",2017-08-15
"71",17.963818,-66.875667,"GUAN","GUAN_006","M","GUAN_006-M-20171109-COMP-DNA1",2017-11-09
"72",37.082813,-119.743324,"SJER","SJER_002","M","SJER_002-M-20170314-COMP-DNA1",2017-03-14
"73",39.115597,-96.638463,"KONA","KONA_002","M","KONA_002-M-20170808-COMP-DNA1",2017-08-08
"74",35.686509,-83.506609,"GRSM","GRSM_059","O","GRSM_059-O-20170718-COMP-DNA1",2017-07-18
"75",39.038041,-95.187902,"UKFS","UKFS_044","M","UKFS_044-M-20160718-COMP-DNA1",2016-07-18
"76",40.043663,-105.569904,"NIWO","NIWO_005","O","NIWO_005-O-20180801-COMP-DNA1",2018-08-01
"77",46.256247,-89.53609,"UNDE","UNDE_003","M","UNDE_003-M-20180723-COMP-DNA1",2018-07-23
"78",68.585776,-149.54318,"TOOL","TOOL_001","O","TOOL_001-O-20170721-COMP-DNA1",2017-07-22
"79",31.855414,-88.160393,"LENO","LENO_063","M","LENO_063-M-20160829-COMP-DNA1",2016-08-29
"80",40.176674,-112.456785,"ONAQ","ONAQ_042","M","ONAQ_042-M-20160727-COMP-DNA1",2016-07-27
"81",44.047079,-71.306661,"BART","BART_001","O","BART_001-O-20170612-COMP-DNA1",2017-06-12
"82",47.131002,-99.242763,"WOOD","WOOD_043","M","WOOD_043-M-20170711-COMP-DNA1",2017-07-11
"83",29.691969,-81.992063,"OSBS","OSBS_027","M","OSBS_027-M-20180710-COMP-DNA1",2018-07-10
"84",40.817292,-104.750288,"CPER","CPER_045","M","CPER_045-M-20180702-COMP-DNA1",2018-07-02
"85",39.103827,-96.561811,"KONZ","KONZ_045","M","KONZ_045-M-20170712-COMP-DNA1",2017-07-12
"86",45.506757,-89.58706,"STEI","STEI_060","O","STEI_060-O-20160726-COMP-DNA1",2016-07-26
"87",28.1232,-81.43487,"DSNY","DSNY_043","M","DSNY_043-M-20170830-COMP-DNA1",2017-08-30
"88",47.127465,-99.246302,"WOOD","WOOD_045","M","WOOD_045-M-20170711-COMP-DNA1",2017-07-11
"89",35.916313,-84.263286,"ORNL","ORNL_027","O","ORNL_027-O-20160727-COMP-DNA1",2016-07-27
"90",32.922166,-87.428895,"TALL","TALL_002","O","TALL_002-O-20160823-COMP-DNA1",2016-08-23
"91",17.970294,-66.824633,"GUAN","GUAN_002","M","GUAN_002-M-20160927-COMP-DNA1",2016-09-27
"92",68.665514,-149.375519,"TOOL","TOOL_043","O","TOOL_043-O-20170719-COMP-DNA1",2017-07-19
"93",32.948795,-87.397268,"TALL","TALL_054","M","TALL_054-M-20160823-COMP-DNA1",2016-08-23
"94",35.982199,-84.212753,"ORNL","ORNL_002","O","ORNL_002-O-20160727-COMP-DNA1",2016-07-27
"95",46.234625,-89.560771,"UNDE","UNDE_001","O","UNDE_001-O-20180723-COMP-DNA1",2018-07-23
"96",46.231744,-89.53264,"UNDE","UNDE_044","O","UNDE_044-O-20180724-COMP-DNA1",2018-07-24
"97",40.196781,-105.486722,"RMNP","RMNP_013","O","RMNP_013-O-20170807-COMP-DNA1",2017-08-07
"98",68.622127,-149.280182,"TOOL","TOOL_006","O","TOOL_006-O-20170721-COMP-DNA1",2017-07-21
"99",68.627943,-149.347229,"TOOL","TOOL_002","O","TOOL_002-O-20170721-COMP-DNA1",2017-07-22
"100",45.506757,-89.58706,"STEI","STEI_060","O","STEI_060-O-20170706-COMP-DNA1",2017-07-06
"101",32.948795,-87.397268,"TALL","TALL_054","M","TALL_054-M-20170614-COMP-DNA1",2017-06-14
"102",35.685523,-83.502232,"GRSM","GRSM_055","O","GRSM_055-O-20170718-COMP-DNA1",2017-07-18
"103",45.797883,-90.064162,"STEI","STEI_004","M","STEI_004-M-20170705-COMP-DNA1",2017-07-05
"104",32.957884,-87.432614,"TALL","TALL_004","M","TALL_004-M-20170612-COMP-DNA1",2017-06-12
"105",46.231276,-89.541941,"UNDE","UNDE_037","O","UNDE_037-O-20180724-COMP-DNA1",2018-07-24
"106",32.952869,-87.397606,"TALL","TALL_044","M","TALL_044-M-20160822-COMP-DNA1",2016-08-22
"107",31.187671,-84.45585,"JERC","JERC_006","M","JERC_006-M-20160726-COMP-DNA1",2016-07-26
"108",29.689482,-81.960693,"OSBS","OSBS_022","O","OSBS_022-O-20170711-COMP-DNA1",2017-07-11
"109",39.035201,-95.194409,"UKFS","UKFS_043","M","UKFS_043-M-20160720-COMP-DNA1",2016-07-20
"110",42.539966,-72.178072,"HARV","HARV_035","O","HARV_035-O-20160802-COMP-DNA3",2016-08-02
"111",46.232249,-89.534573,"UNDE","UNDE_038","O","UNDE_038-O-20170801-COMP-DNA1",2017-08-01
"112",39.075067,-96.555874,"KONZ","KONZ_001","M","KONZ_001-M-20160712-COMP-DNA1",2016-07-12
"113",65.176107,-147.544089,"BONA","BONA_006","O","BONA_006-O-20180928-COMP-DNA1",2018-09-28
"114",40.043059,-105.581501,"NIWO","NIWO_004","O","NIWO_004-O-20170731-COMP-DNA1",2017-07-31
"115",31.857054,-88.161742,"LENO","LENO_062","M","LENO_062-M-20180709-COMP-DNA1",2018-07-09
"116",63.881243,-145.753351,"DEJU","DEJU_048","M","DEJU_048-M-20180621-COMP-DNA1",2018-06-21
"117",32.591348,-106.843322,"JORN","JORN_047","M","JORN_047-M-20170808-COMP-DNA1",2017-08-08
"118",39.043184,-95.202721,"UKFS","UKFS_004","M","UKFS_004-M-20160720-COMP-DNA1",2016-07-20
"119",42.392282,-72.254598,"HARV","HARV_013","O","HARV_013-O-20160803-COMP-DNA3",2016-08-03
"120",46.232249,-89.534573,"UNDE","UNDE_038","O","UNDE_038-O-20160810-COMP-DNA1",2016-08-10
"121",33.406134,-97.593996,"CLBJ","CLBJ_032","M","CLBJ_032-M-20170413-COMP-DNA1",2017-04-13
"122",40.81275,-104.696873,"CPER","CPER_004","M","CPER_004-M-20160719-COMP-DNA1",2016-07-19
"123",42.427091,-72.229737,"HARV","HARV_004","O","HARV_004-O-20160803-COMP-DNA1",2016-08-03
"124",28.039641,-81.393323,"DSNY","DSNY_005","M","DSNY_005-M-20160712-COMP-DNA3",2016-07-12
"125",44.041571,-71.28692,"BART","BART_004","M","BART_004-M-11-0-20140619-GEN-DNA2",2014-06-19
"126",31.82786,-88.181484,"LENO","LENO_005","M","LENO_005-M-20180709-COMP-DNA1",2018-07-09
"127",32.977665,-87.432705,"TALL","TALL_001","O","TALL_001-O-20170612-COMP-DNA1",2017-06-12
"128",32.950156,-87.397294,"TALL","TALL_051","M","TALL_051-M-20170614-COMP-DNA1",2017-06-14
"129",40.05035,-105.582964,"NIWO","NIWO_041","O","NIWO_041-O-20180731-COMP-DNA1",2018-07-31
"130",40.468561,-103.011749,"STER","STER_029","M","STER_029-M-20170605-COMP-DNA1",2017-06-05
"131",40.190515,-112.51523,"ONAQ","ONAQ_017","M","ONAQ_017-M-20160728-COMP-DNA1",2016-07-28
"132",46.231744,-89.53264,"UNDE","UNDE_044","M","UNDE_044-M-20180724-COMP-DNA1",2018-07-24
"133",46.256193,-89.515052,"UNDE","UNDE_008","M","UNDE_008-M-20180723-COMP-DNA1",2018-07-23
"134",31.821083,-88.182318,"LENO","LENO_004","M","LENO_004-M-20160830-COMP-DNA1",2016-08-30
"135",38.261284,-109.349483,"MOAB","MOAB_003","M","MOAB_003-M-20160727-COMP-DNA1",2016-07-27
"136",31.857054,-88.161742,"LENO","LENO_062","M","LENO_062-M-20160830-COMP-DNA1",2016-08-30
"137",35.6789,-83.645325,"GRSM","GRSM_006","O","GRSM_006-O-20160719-COMP-DNA1",2016-07-19
"138",32.630328,-106.86076,"JORN","JORN_004","M","JORN_004-M-20170808-COMP-DNA1",2017-08-08
"139",32.974426,-87.42694,"TALL","TALL_007","M","TALL_007-M-20170612-COMP-DNA1",2017-06-12
"140",31.855414,-88.160393,"LENO","LENO_063","M","LENO_063-M-20180709-COMP-DNA1",2018-07-09
"141",37.106602,-119.72024,"SJER","SJER_001","M","SJER_001-M-20170314-COMP-DNA1",2017-03-14
"142",46.234247,-89.542459,"UNDE","UNDE_043","M","UNDE_043-M-20160815-COMP-DNA1",2016-08-15
"143",32.977665,-87.432705,"TALL","TALL_001","M","TALL_001-M-20160823-COMP-DNA1",2016-08-23
"144",17.969254,-66.85267,"GUAN","GUAN_004","M","GUAN_004-M-20160927-COMP-DNA1",2016-09-27
"145",68.640255,-149.642461,"TOOL","TOOL_003","O","TOOL_003-O-20170726-COMP-DNA1",2017-07-26
"146",29.703861,-81.956817,"OSBS","OSBS_002","M","OSBS_002-M-20180709-COMP-DNA1",2018-07-09
"147",31.187671,-84.45585,"JERC","JERC_006","M","JERC_006-M-20170724-COMP-DNA1",2017-07-24
"148",44.041571,-71.28692,"BART","BART_004","O","BART_004-O-35-24-20140520-GEN-DNA2",2014-05-20
"149",45.49009,-89.590096,"TREE","TREE_050","M","TREE_050-M-20170710-COMP-DNA1",2017-07-10
"150",45.508883,-89.588327,"STEI","STEI_059","M","STEI_059-M-20170706-COMP-DNA1",2017-07-06
"151",46.248534,-89.520942,"UNDE","UNDE_034","M","UNDE_034-M-20160811-COMP-DNA1",2016-08-11
"152",44.041571,-71.28692,"BART","BART_004","M","BART_004-M-10-34-20140722-GEN-DNA2",2014-07-22
"153",68.616768,-149.629355,"TOOL","TOOL_004","M","TOOL_004-M-20170726-COMP-DNA1",2017-07-27
"154",17.973138,-66.861701,"GUAN","GUAN_003","M","GUAN_003-M-20160928-COMP-DNA1",2016-09-28
"155",35.982199,-84.212753,"ORNL","ORNL_002","M","ORNL_002-M-20170619-COMP-DNA1",2017-06-19
"156",37.106602,-119.72024,"SJER","SJER_001","O","SJER_001-O-20170314-COMP-DNA1",2017-03-14
"157",32.898842,-87.446131,"TALL","TALL_006","M","TALL_006-M-20170612-COMP-DNA1",2017-06-12
"158",32.540702,-87.80774,"DELA","DELA_041","M","DELA_041-M-20160824-COMP-DNA1",2016-08-24
"159",32.974426,-87.42694,"TALL","TALL_007","M","TALL_007-M-20160823-COMP-DNA1",2016-08-23
"160",40.041058,-105.547043,"NIWO","NIWO_002","O","NIWO_002-O-20170731-COMP-DNA1",2017-07-31
"161",68.658157,-149.362189,"TOOL","TOOL_044","O","TOOL_044-O-20170719-COMP-DNA1",2017-07-20
"162",39.088076,-96.570347,"KONZ","KONZ_003","M","KONZ_003-M-20170710-COMP-DNA1",2017-07-10
"163",35.686509,-83.506609,"GRSM","GRSM_059","O","GRSM_059-O-20160719-COMP-DNA1",2016-07-19
"164",40.055052,-105.561551,"NIWO","NIWO_006","M","NIWO_006-M-20160829-COMP-DNA1",2016-08-29
"165",31.808316,-88.188214,"LENO","LENO_003","M","LENO_003-M-20160829-COMP-DNA1",2016-08-29
"166",46.218529,-89.507901,"UNDE","UNDE_035","O","UNDE_035-O-20160803-COMP-DNA1",2016-08-03
"167",33.406134,-97.593996,"CLBJ","CLBJ_032","M","CLBJ_032-M-20160817-COMP-DNA1",2016-08-17
"168",33.321251,-97.57765,"CLBJ","CLBJ_034","M","CLBJ_034-M-20160817-COMP-DNA1",2016-08-17
"169",40.175366,-112.453933,"ONAQ","ONAQ_044","M","ONAQ_044-M-20180530-COMP-DNA1",2018-05-30
"170",40.15854,-112.521574,"ONAQ","ONAQ_008","M","ONAQ_008-M-20160730-COMP-DNA1",2016-07-30
"171",46.237778,-89.541857,"UNDE","UNDE_010","M","UNDE_010-M-20180723-COMP-DNA1",2018-07-23
"172",45.492353,-89.567781,"TREE","TREE_002","O","TREE_002-O-20170707-COMP-DNA1",2017-07-07
"173",32.951498,-87.398914,"TALL","TALL_047","M","TALL_047-M-20170614-COMP-DNA1",2017-06-14
"174",32.922166,-87.428895,"TALL","TALL_002","M","TALL_002-M-20170612-COMP-DNA1",2017-06-12
"175",31.198433,-84.467178,"JERC","JERC_047","M","JERC_047-M-20160727-COMP-DNA1",2016-07-27
"176",40.17372,-112.456712,"ONAQ","ONAQ_043","M","ONAQ_043-M-20160727-COMP-DNA1",2016-07-27
"177",17.972768,-66.851235,"GUAN","GUAN_001","M","GUAN_001-M-20171108-COMP-DNA1",2017-11-08
"178",37.363106,-80.521589,"MLBS","MLBS_005","O","MLBS_005-O-20180611-COMP-DNA1",2018-06-11
"179",32.950156,-87.397294,"TALL","TALL_051","O","TALL_051-O-20160822-COMP-DNA1",2016-08-22
"180",46.237778,-89.541857,"UNDE","UNDE_010","O","UNDE_010-O-20180723-COMP-DNA1",2018-07-23
"181",31.196845,-84.468201,"JERC","JERC_050","M","JERC_050-M-20160727-COMP-DNA1",2016-07-27
"182",32.531982,-87.81434,"DELA","DELA_004","M","DELA_004-M-20160824-COMP-DNA1",2016-08-24
"183",32.893534,-87.415333,"TALL","TALL_003","M","TALL_003-M-20170612-COMP-DNA1",2017-06-12
"184",35.684589,-83.532102,"GRSM","GRSM_001","O","GRSM_001-O-20160719-COMP-DNA1",2016-07-19
"185",39.110903,-96.552209,"KONZ","KONZ_024","M","KONZ_024-M-20160711-COMP-DNA1",2016-07-11
"186",33.321251,-97.57765,"CLBJ","CLBJ_034","M","CLBJ_034-M-20170413-COMP-DNA1",2017-04-13
"187",40.186823,-105.54091,"RMNP","RMNP_004","O","RMNP_004-O-20170808-COMP-DNA1",2017-08-08
"188",35.964418,-84.285882,"ORNL","ORNL_046","O","ORNL_046-O-20160727-COMP-DNA1",2016-07-27
"189",40.054475,-105.567875,"NIWO","NIWO_008","M","NIWO_008-M-20160829-COMP-DNA1",2016-08-29
"190",40.043663,-105.569904,"NIWO","NIWO_005","M","NIWO_005-M-20180801-COMP-DNA1",2018-08-01
"191",39.215958,-96.594339,"KONA","KONA_001","M","KONA_001-M-20170807-COMP-DNA1",2017-08-07
"192",45.506757,-89.58706,"STEI","STEI_060","M","STEI_060-M-20170706-COMP-DNA1",2017-07-06
"193",68.627943,-149.347229,"TOOL","TOOL_002","M","TOOL_002-M-20170721-COMP-DNA1",2017-07-22
"194",68.666666,-149.369752,"TOOL","TOOL_041","M","TOOL_041-M-20170719-COMP-DNA1",2017-07-19
"195",40.853093,-104.728006,"CPER","CPER_005","M","CPER_005-M-20170710-COMP-DNA1",2017-07-10
"196",46.234625,-89.560771,"UNDE","UNDE_001","M","UNDE_001-M-20180723-COMP-DNA1",2018-07-23
"197",63.877756,-145.753497,"DEJU","DEJU_046","O","DEJU_046-O-20160817-COMP-DNA2",2016-08-17
"198",39.110568,-96.550145,"KONZ","KONZ_004","M","KONZ_004-M-20180716-COMP-DNA1",2018-07-16
"199",35.957646,-84.261838,"ORNL","ORNL_029","O","ORNL_029-O-20170621-COMP-DNA1",2017-06-21
"200",46.254613,-89.512657,"UNDE","UNDE_006","M","UNDE_006-M-20160725-COMP-DNA1",2016-07-25
"201",39.102192,-96.56118,"KONZ","KONZ_043","M","KONZ_043-M-20160714-COMP-DNA1",2016-07-14
"202",29.693584,-81.992056,"OSBS","OSBS_026","M","OSBS_026-M-20170711-COMP-DNA1",2017-07-11
"203",28.0967,-81.418579,"DSNY","DSNY_001","M","DSNY_001-M-20170829-COMP-DNA1",2017-08-29
"204",38.887763,-78.147164,"SCBI","SCBI_008","M","SCBI_008-M-20170718-COMP-DNA1",2017-07-18
"205",38.873795,-76.539828,"SERC","SERC_007","M","SERC_007-M-20170710-COMP-DNA1",2017-07-10
"206",37.101658,-119.734564,"SJER","SJER_047","M","SJER_047-M-20170315-COMP-DNA1",2017-03-15
"207",39.046329,-95.208663,"UKFS","UKFS_002","M","UKFS_002-M-20160719-COMP-DNA1",2016-07-19
"208",45.823595,-121.973495,"WREF","WREF_008","M","WREF_008-M-20180626-COMP-DNA1",2018-06-26
"209",31.824646,-88.177623,"LENO","LENO_001","M","LENO_001-M-20160829-COMP-DNA1",2016-08-29
"210",17.967743,-66.864301,"GUAN","GUAN_049","M","GUAN_049-M-20161004-COMP-DNA1",2016-10-04
"211",37.363106,-80.521589,"MLBS","MLBS_005","M","MLBS_005-M-20180611-COMP-DNA1",2018-06-11
"212",32.590028,-106.840435,"JORN","JORN_042","M","JORN_042-M-20170808-COMP-DNA1",2017-08-08
"213",35.686866,-83.513992,"GRSM","GRSM_007","M","GRSM_007-M-20170719-COMP-DNA1",2017-07-19
"214",17.972832,-66.857711,"GUAN","GUAN_007","M","GUAN_007-M-20180925-COMP-DNA1",2018-09-25
"215",33.414259,-97.597098,"CLBJ","CLBJ_038","O","CLBJ_038-O-20170413-COMP-DNA1",2017-04-13
"216",39.087456,-77.971942,"BLAN","BLAN_005","M","BLAN_005-M-20170713-COMP-DNA1",2017-07-13
"217",35.965252,-84.286859,"ORNL","ORNL_053","M","ORNL_053-M-20170621-COMP-DNA1",2017-06-21
"218",35.982199,-84.212753,"ORNL","ORNL_002","O","ORNL_002-O-20170619-COMP-DNA1",2017-06-19
"219",35.408887,-99.056266,"OAES","OAES_042","M","OAES_042-M-20180529-COMP-DNA1",2018-05-29
"220",31.194314,-84.477077,"JERC","JERC_001","M","JERC_001-M-20170725-COMP-DNA1",2017-07-25
"221",32.590562,-106.82446,"JORN","JORN_006","M","JORN_006-M-20170808-COMP-DNA1",2017-08-08
"222",35.593016,-83.474652,"GRSM","GRSM_016","O","GRSM_016-O-20160718-COMP-DNA1",2016-07-18
"223",39.119992,-96.546015,"KONZ","KONZ_002","M","KONZ_002-M-20160712-COMP-DNA1",2016-07-12
"224",45.82494,-90.072607,"STEI","STEI_003","M","STEI_003-M-20170705-COMP-DNA1",2017-07-05
"225",45.824274,-121.966341,"WREF","WREF_072","M","WREF_072-M-20180628-COMP-DNA1",2018-06-28
"226",42.539966,-72.178072,"HARV","HARV_035","O","HARV_035-O-20170801-COMP-DNA1",2017-08-01
"227",38.890803,-76.553986,"SERC","SERC_044","M","SERC_044-M-20170711-COMP-DNA1",2017-07-11
"228",32.950156,-87.397294,"TALL","TALL_051","M","TALL_051-M-20160822-COMP-DNA1",2016-08-22
"229",29.691969,-81.992063,"OSBS","OSBS_027","M","OSBS_027-M-20170711-COMP-DNA1",2017-07-11
"230",18.035349,-67.073331,"LAJA","LAJA_002","M","LAJA_002-M-20160912-COMP-DNA2",2016-09-12
"231",35.412139,-99.069792,"OAES","OAES_003","M","OAES_003-M-20170627-COMP-DNA1",2017-06-27
"232",37.111276,-119.728168,"SJER","SJER_046","M","SJER_046-M-20170316-COMP-DNA1",2017-03-16
"233",35.964792,-84.278894,"ORNL","ORNL_049","O","ORNL_049-O-20160727-COMP-DNA1",2016-07-27
"234",63.881243,-145.753351,"DEJU","DEJU_048","O","DEJU_048-O-20170621-COMP-DNA1",2017-06-22
"235",35.916313,-84.263286,"ORNL","ORNL_027","M","ORNL_027-M-20170624-COMP-DNA1",2017-06-21
"236",35.964792,-84.278894,"ORNL","ORNL_049","O","ORNL_049-O-20170621-COMP-DNA1",2017-06-21
"237",44.917485,-110.410361,"YELL","YELL_001","M","YELL_001-M-20180710-COMP-DNA1",2018-07-10
"238",40.185938,-112.47248,"ONAQ","ONAQ_004","M","ONAQ_004-M-20160727-COMP-DNA1",2016-07-27
"239",45.754053,-122.298512,"ABBY","ABBY_006","M","ABBY_006-M-20170605-COMP-DNA1",2017-06-05
"240",38.897609,-78.152007,"SCBI","SCBI_006","M","SCBI_006-M-20170717-COMP-DNA1",2017-07-17
"241",32.539627,-87.801968,"DELA","DELA_037","M","DELA_037-M-20160824-COMP-DNA1",2016-08-24
"242",37.112827,-119.731615,"SJER","SJER_045","M","SJER_045-M-20170316-COMP-DNA1",2017-03-16
"243",38.880982,-76.55872,"SERC","SERC_045","M","SERC_045-M-20170711-COMP-DNA1",2017-07-11
"244",38.900538,-78.16186,"SCBI","SCBI_005","M","SCBI_005-M-20170719-COMP-DNA1",2017-07-19
"245",33.414259,-97.597098,"CLBJ","CLBJ_038","O","CLBJ_038-O-20160817-COMP-DNA1",2016-08-17
"246",35.964792,-84.278894,"ORNL","ORNL_049","M","ORNL_049-M-20170621-COMP-DNA1",2017-06-21
"247",35.916313,-84.263286,"ORNL","ORNL_027","O","ORNL_027-O-20170624-COMP-DNA1",2017-06-21
"248",39.045354,-95.201392,"UKFS","UKFS_009","M","UKFS_009-M-20170802-COMP-DNA1",2017-08-02
"249",42.538302,-72.175607,"HARV","HARV_033","O","HARV_033-O-20170801-COMP-DNA1",2017-08-01
"250",31.196488,-84.464108,"JERC","JERC_049","M","JERC_049-M-20170725-COMP-DNA1",2017-07-25
"251",45.487729,-89.569881,"TREE","TREE_001","O","TREE_001-O-20170707-COMP-DNA1",2017-07-07
"252",65.154979,-147.507196,"BONA","BONA_071","O","BONA_071-O-20180918-COMP-DNA1",2018-09-18
"253",63.88224,-145.739248,"DEJU","DEJU_047","M","DEJU_047-M-20180621-COMP-DNA1",2018-06-21
"254",38.893949,-78.135536,"SCBI","SCBI_067","M","SCBI_067-M-20170719-COMP-DNA1",2017-07-19
"255",42.537308,-72.179312,"HARV","HARV_037","O","HARV_037-O-20170731-COMP-DNA1",2017-07-31
"256",44.041571,-71.28692,"BART","BART_004","O","BART_004-O-9-34-20140819-GEN-DNA2",2014-08-19
"257",63.879623,-145.720429,"DEJU","DEJU_002","O","DEJU_002-O-20180619-COMP-DNA1",2018-06-19
"258",40.850866,-104.699535,"CPER","CPER_001","M","CPER_001-M-20160720-COMP-DNA1",2016-07-20
"259",63.835171,-145.748058,"DEJU","DEJU_006","O","DEJU_006-O-20180618-COMP-DNA1",2018-06-18
"260",35.686866,-83.513992,"GRSM","GRSM_007","O","GRSM_007-O-20170719-COMP-DNA1",2017-07-19
"261",37.116632,-119.730379,"SJER","SJER_003","M","SJER_003-M-20170316-COMP-DNA1",2017-03-16
"262",39.045354,-95.201392,"UKFS","UKFS_009","M","UKFS_009-M-20180814-COMP-DNA1",2018-08-14
"263",37.033029,-119.257548,"SOAP","SOAP_045","M","SOAP_045-M-20180530-COMP-DNA1",2018-05-30
"264",46.210824,-89.49004,"UNDE","UNDE_027","M","UNDE_027-M-20160803-COMP-DNA1",2016-08-03
"265",38.894617,-78.139644,"SCBI","SCBI_049","M","SCBI_049-M-20170719-COMP-DNA1",2017-07-19
"266",35.965252,-84.286859,"ORNL","ORNL_053","O","ORNL_053-O-20170621-COMP-DNA1",2017-06-21
"267",39.036615,-95.192035,"UKFS","UKFS_031","M","UKFS_031-M-20170802-COMP-DNA1",2017-08-02
"268",39.085485,-77.969265,"BLAN","BLAN_007","M","BLAN_007-M-20170713-COMP-DNA1",2017-07-13
"269",39.058572,-78.073305,"BLAN","BLAN_032","M","BLAN_032-M-20170714-COMP-DNA1",2017-07-14
"270",46.248703,-89.536134,"UNDE","UNDE_007","M","UNDE_007-M-20160809-COMP-DNA1",2016-08-09
"271",38.889095,-78.168896,"SCBI","SCBI_012","M","SCBI_012-M-20170719-COMP-DNA1",2017-07-19
"272",45.490243,-89.577675,"TREE","TREE_003","M","TREE_003-M-20170707-COMP-DNA1",2017-07-07
"273",40.818371,-104.746715,"CPER","CPER_047","M","CPER_047-M-20160718-COMP-DNA1",2016-07-18
"274",31.840609,-110.917189,"SRER","SRER_003","M","SRER_003-M-20170815-COMP-DNA1",2017-08-15
"275",39.037623,-95.196953,"UKFS","UKFS_001","M","UKFS_001-M-20160720-COMP-DNA1",2016-07-20
"276",39.082563,-96.566704,"KONZ","KONZ_005","M","KONZ_005-M-20180717-COMP-DNA1",2018-07-17
"277",35.957646,-84.261838,"ORNL","ORNL_029","M","ORNL_029-M-20170621-COMP-DNA1",2017-06-21
"278",32.529789,-87.818194,"DELA","DELA_014","M","DELA_014-M-20160824-COMP-DNA1",2016-08-24
"279",63.87415,-145.741425,"DEJU","DEJU_015","M","DEJU_015-M-20180619-COMP-DNA1",2018-06-20
"280",39.103827,-96.561811,"KONZ","KONZ_045","M","KONZ_045-M-20160714-COMP-DNA1",2016-07-14
"281",18.025922,-67.081365,"LAJA","LAJA_003","M","LAJA_003-M-20160913-COMP-DNA1",2016-09-13
"282",37.110011,-119.735218,"SJER","SJER_048","M","SJER_048-M-20170314-COMP-DNA1",2017-03-15
"283",38.257569,-109.413674,"MOAB","MOAB_001","M","MOAB_001-M-20170521-COMP-DNA1",2017-05-21
"284",38.893246,-76.547604,"SERC","SERC_005","M","SERC_005-M-20170711-COMP-DNA1",2017-07-11
"285",38.257569,-109.413674,"MOAB","MOAB_001","M","MOAB_001-M-20160727-COMP-DNA1",2016-07-27
"286",45.760513,-122.330039,"ABBY","ABBY_063","M","ABBY_063-M-20170606-COMP-DNA1",2017-06-06
"287",18.020963,-67.074891,"LAJA","LAJA_046","M","LAJA_046-M-20160920-COMP-DNA1",2016-09-20
"288",44.041571,-71.28692,"BART","BART_004","O","BART_004-O-5-26-20140520-GEN-DNA2",2014-05-20
"289",44.049319,-71.263643,"BART","BART_023","O","BART_023-O-20160726-COMP-DNA1",2016-07-26
"290",39.057723,-78.070917,"BLAN","BLAN_038","M","BLAN_038-M-20170714-COMP-DNA1",2017-07-14
"291",63.87307,-149.287886,"HEAL","HEAL_025","O","HEAL_025-O-20170726-COMP-DNA1",2017-07-26
"292",39.087919,-77.958389,"BLAN","BLAN_001","M","BLAN_001-M-20170713-COMP-DNA1",2017-07-13
"293",38.245635,-109.389607,"MOAB","MOAB_047","M","MOAB_047-M-20170523-COMP-DNA1",2017-05-23
"294",63.831139,-145.747612,"DEJU","DEJU_014","O","DEJU_014-O-20170620-COMP-DNA1",2017-06-20
"295",35.965875,-84.230646,"ORNL","ORNL_003","M","ORNL_003-M-20170619-COMP-DNA1",2017-06-19
"296",35.670427,-83.587378,"GRSM","GRSM_002","O","GRSM_002-O-20170717-COMP-DNA1",2017-07-17
"297",38.890566,-78.139432,"SCBI","SCBI_045","M","SCBI_045-M-20170717-COMP-DNA1",2017-07-17
"298",40.463935,-103.035332,"STER","STER_006","M","STER_006-M-20160815-COMP-DNA1",2016-08-15
"299",35.963926,-84.287233,"ORNL","ORNL_043","O","ORNL_043-O-20170621-COMP-DNA1",2017-06-21
"300",46.234625,-89.560771,"UNDE","UNDE_001","M","UNDE_001-M-20160809-COMP-DNA1",2016-08-09
"301",31.828844,-110.823985,"SRER","SRER_005","M","SRER_005-M-20170815-COMP-DNA1",2017-08-15
"302",37.1235,-119.748517,"SJER","SJER_005","M","SJER_005-M-20170315-COMP-DNA1",2017-03-16
"303",35.593016,-83.474652,"GRSM","GRSM_016","O","GRSM_016-O-20170717-COMP-DNA1",2017-07-17
"304",17.970294,-66.824633,"GUAN","GUAN_002","M","GUAN_002-M-20180924-COMP-DNA1",2018-09-24
"305",38.899872,-76.543752,"SERC","SERC_003","M","SERC_003-M-20170711-COMP-DNA1",2017-07-11
"306",35.691954,-83.505443,"GRSM","GRSM_058","O","GRSM_058-O-20160719-COMP-DNA1",2016-07-19
"307",39.082563,-96.566704,"KONZ","KONZ_005","M","KONZ_005-M-20160714-COMP-DNA1",2016-07-14
"308",63.831139,-145.747612,"DEJU","DEJU_014","M","DEJU_014-M-20180618-COMP-DNA1",2018-06-18
"309",45.850153,-121.989672,"WREF","WREF_007","O","WREF_007-O-20180625-COMP-DNA1",2018-06-25
"310",46.231744,-89.53264,"UNDE","UNDE_044","O","UNDE_044-O-20160815-COMP-DNA1",2016-08-15
"311",37.034451,-119.268722,"SOAP","SOAP_043","M","SOAP_043-M-20180531-COMP-DNA1",2018-05-31
"312",33.406134,-97.593996,"CLBJ","CLBJ_032","M","CLBJ_032-M-20180411-COMP-DNA1",2018-04-11
"313",42.478565,-72.259572,"HARV","HARV_002","O","HARV_002-O-20160809-COMP-DNA1",2016-08-09
"314",31.196845,-84.468201,"JERC","JERC_050","M","JERC_050-M-20170725-COMP-DNA1",2017-07-25
"315",45.763476,-122.328069,"ABBY","ABBY_062","M","ABBY_062-M-20170606-COMP-DNA1",2017-06-06
"316",42.535686,-72.177968,"HARV","HARV_034","O","HARV_034-O-20180709-COMP-DNA1",2018-07-10
"317",33.380971,-97.620209,"CLBJ","CLBJ_033","O","CLBJ_033-O-20160815-COMP-DNA1",2016-08-15
"318",35.955641,-84.221347,"ORNL","ORNL_021","O","ORNL_021-O-20170619-COMP-DNA1",2017-06-19
"319",38.883308,-78.120371,"SCBI","SCBI_003","M","SCBI_003-M-20170717-COMP-DNA1",2017-07-17
"320",37.127266,-119.759842,"SJER","SJER_025","M","SJER_025-M-20170315-COMP-DNA1",2017-03-15
"321",35.419716,-99.052304,"OAES","OAES_002","M","OAES_002-M-20170627-COMP-DNA1",2017-06-27
"322",29.702914,-82.008881,"OSBS","OSBS_001","O","OSBS_001-O-20170711-COMP-DNA1",2017-07-12
"323",45.508883,-89.588327,"STEI","STEI_059","M","STEI_059-M-20160720-COMP-DNA1",2016-07-20
"324",35.963926,-84.287233,"ORNL","ORNL_043","O","ORNL_043-O-20160727-COMP-DNA1",2016-07-27
"325",35.965252,-84.286859,"ORNL","ORNL_053","O","ORNL_053-O-20160727-COMP-DNA1",2016-07-27
"326",38.886494,-76.561509,"SERC","SERC_049","M","SERC_049-M-20170711-COMP-DNA1",2017-07-11
"327",32.951498,-87.398914,"TALL","TALL_047","O","TALL_047-O-20160822-COMP-DNA1",2016-08-22
"328",45.824274,-121.966341,"WREF","WREF_072","O","WREF_072-O-20180628-COMP-DNA1",2018-06-28
"329",42.535686,-72.177968,"HARV","HARV_034","O","HARV_034-O-20170731-COMP-DNA1",2017-07-31
"330",65.17688,-147.559452,"BONA","BONA_013","O","BONA_013-O-20180919-COMP-DNA1",2018-09-19
"331",17.963818,-66.875667,"GUAN","GUAN_006","M","GUAN_006-M-20180927-COMP-DNA1",2018-09-27
"332",38.895036,-76.558917,"SERC","SERC_002","M","SERC_002-M-20170712-COMP-DNA1",2017-07-12
"333",39.087516,-77.962567,"BLAN","BLAN_004","M","BLAN_004-M-20170713-COMP-DNA1",2017-07-13
"334",31.906778,-110.815262,"SRER","SRER_004","M","SRER_004-M-20170815-COMP-DNA1",2017-08-15
"335",35.67661,-83.474563,"GRSM","GRSM_003","O","GRSM_003-O-20170718-COMP-DNA1",2017-07-18
"336",32.523355,-87.814626,"DELA","DELA_005","M","DELA_005-M-20160825-COMP-DNA1",2016-08-25
"337",38.868693,-76.533585,"SERC","SERC_001","M","SERC_001-M-20170710-COMP-DNA1",2017-07-10
"338",35.404309,-99.059225,"OAES","OAES_044","M","OAES_044-M-20170627-COMP-DNA1",2017-06-27
"339",39.052642,-95.188064,"UKFS","UKFS_003","M","UKFS_003-M-20160718-COMP-DNA1",2016-07-18
"340",18.022074,-67.075175,"LAJA","LAJA_051","M","LAJA_051-M-20171127-COMP-DNA1",2017-11-27
"341",37.035342,-119.252227,"SOAP","SOAP_031","M","SOAP_031-M-20180531-COMP-DNA1",2018-05-31
"342",35.6789,-83.645325,"GRSM","GRSM_006","O","GRSM_006-O-20170717-COMP-DNA1",2017-07-17
"343",45.812246,-90.092743,"STEI","STEI_001","M","STEI_001-M-20170705-COMP-DNA1",2017-07-05
"344",39.054509,-95.204735,"UKFS","UKFS_005","M","UKFS_005-M-20160718-COMP-DNA1",2016-07-18
"345",29.722597,-81.985527,"OSBS","OSBS_023","O","OSBS_023-O-20170711-COMP-DNA1",2017-07-11
"346",28.074209,-81.425532,"DSNY","DSNY_003","M","DSNY_003-M-20170829-COMP-DNA1",2017-08-29
"347",35.404309,-99.059225,"OAES","OAES_044","M","OAES_044-M-20180530-COMP-DNA1",2018-05-30
"348",38.248084,-109.392292,"MOAB","MOAB_046","M","MOAB_046-M-20170523-COMP-DNA1",2017-05-23
"349",39.078872,-77.963659,"BLAN","BLAN_003","M","BLAN_003-M-20170713-COMP-DNA1",2017-07-13
"350",35.404309,-99.059225,"OAES","OAES_044","M","OAES_044-M-20160808-COMP-DNA1",2016-08-08
"351",38.896938,-78.146458,"SCBI","SCBI_004","M","SCBI_004-M-20170717-COMP-DNA1",2017-07-17
"352",35.955641,-84.221347,"ORNL","ORNL_021","M","ORNL_021-M-20170619-COMP-DNA1",2017-06-19
"353",35.964418,-84.285882,"ORNL","ORNL_046","O","ORNL_046-O-20170621-COMP-DNA1",2017-06-21
"354",38.885634,-76.560193,"SERC","SERC_047","M","SERC_047-M-20170711-COMP-DNA1",2017-07-11
"355",40.212498,-112.467435,"ONAQ","ONAQ_007","M","ONAQ_007-M-20160726-COMP-DNA1",2016-07-26
"356",37.127266,-119.759842,"SJER","SJER_025","O","SJER_025-O-20170315-COMP-DNA1",2017-03-15
"357",31.196146,-84.473242,"JERC","JERC_003","M","JERC_003-M-20170726-COMP-DNA1",2017-07-26
"358",40.850866,-104.699535,"CPER","CPER_001","M","CPER_001-M-20170710-COMP-DNA1",2017-07-10
"359",45.505661,-89.587394,"STEI","STEI_053","M","STEI_053-M-20160721-COMP-DNA1",2016-07-21
"360",63.831139,-145.747612,"DEJU","DEJU_014","O","DEJU_014-O-20180618-COMP-DNA1",2018-06-18
"361",38.87241,-76.554055,"SERC","SERC_004","M","SERC_004-M-20170710-COMP-DNA1",2017-07-10
"362",46.218529,-89.507901,"UNDE","UNDE_035","M","UNDE_035-M-20160803-COMP-DNA1",2016-08-03
"363",31.194504,-84.460062,"JERC","JERC_002","M","JERC_002-M-20170725-COMP-DNA1",2017-07-25
"364",32.575696,-106.803388,"JORN","JORN_005","M","JORN_005-M-20170808-COMP-DNA1",2017-08-08
"365",39.088076,-96.570347,"KONZ","KONZ_003","M","KONZ_003-M-20160714-COMP-DNA1",2016-07-14
"366",45.762451,-122.331158,"ABBY","ABBY_061","M","ABBY_061-M-20170606-COMP-DNA1",2017-06-06
"367",46.248534,-89.520942,"UNDE","UNDE_034","O","UNDE_034-O-20160811-COMP-DNA1",2016-08-11
"368",39.046329,-95.208663,"UKFS","UKFS_002","M","UKFS_002-M-20170801-COMP-DNA1",2017-08-01
"369",38.894257,-78.137217,"SCBI","SCBI_047","M","SCBI_047-M-20170719-COMP-DNA1",2017-07-19
"370",31.194314,-84.477077,"JERC","JERC_001","M","JERC_001-M-20160726-COMP-DNA1",2016-07-26
"371",40.470725,-103.011685,"STER","STER_031","M","STER_031-M-20170605-COMP-DNA1",2017-06-05
"372",35.684589,-83.532102,"GRSM","GRSM_001","O","GRSM_001-O-20170717-COMP-DNA1",2017-07-17
"373",35.965875,-84.230646,"ORNL","ORNL_003","O","ORNL_003-O-20170619-COMP-DNA1",2017-06-19
"374",39.058809,-78.070547,"BLAN","BLAN_031","M","BLAN_031-M-20170714-COMP-DNA1",2017-07-14
"375",39.092296,-77.980761,"BLAN","BLAN_002","M","BLAN_002-M-20170713-COMP-DNA1",2017-07-13
"376",39.058229,-78.069151,"BLAN","BLAN_033","M","BLAN_033-M-20170714-COMP-DNA1",2017-07-14
"377",17.973138,-66.861701,"GUAN","GUAN_003","M","GUAN_003-M-20180925-COMP-DNA1",2018-09-25
"378",31.808316,-88.188214,"LENO","LENO_003","M","LENO_003-M-20180709-COMP-DNA1",2018-07-09
"379",63.879623,-145.720429,"DEJU","DEJU_002","O","DEJU_002-O-20160830-COMP-DNA1",2016-08-30
"380",28.099732,-81.399974,"DSNY","DSNY_004","O","DSNY_004-O-20170829-COMP-DNA1",2017-08-29
"381",37.108972,-119.746305,"SJER","SJER_004","M","SJER_004-M-20170313-COMP-DNA1",2017-03-13
"382",35.405108,-99.058568,"OAES","OAES_043","M","OAES_043-M-20170627-COMP-DNA1",2017-06-27
"383",45.82494,-90.072607,"STEI","STEI_003","O","STEI_003-O-20160720-COMP-DNA1",2016-07-20
"384",37.037426,-119.269483,"SOAP","SOAP_004","M","SOAP_004-M-20180530-COMP-DNA1",2018-05-30
"385",35.963926,-84.287233,"ORNL","ORNL_043","M","ORNL_043-M-20170621-COMP-DNA1",2017-06-21
