,Codon,AA,GC,AT,GC_content,carbon,hydrogen,nitrogen,oxygen,sulfur,Nuc_CN,AA_CN,AA_NC,Nuc_NC
1,TTT,F,0,3,0,9,11,1,2,0,1.43,9,0.111111111,0.7
2,TTC,F,1,2,0.333333333,9,11,1,2,0,1.33,9,0.111111111,0.76
3,TTA,L,0,3,0,6,13,1,2,0,1.43,6,0.166666667,0.7
4,TTG,L,1,2,0.333333333,6,13,1,2,0,1.33,6,0.166666667,0.76
5,CTT,L,1,2,0.333333333,6,13,1,2,0,1.33,6,0.166666667,0.76
6,CTC,L,2,1,0.666666667,6,13,1,2,0,1.23,6,0.166666667,0.83
7,CTA,L,1,2,0.333333333,6,13,1,2,0,1.33,6,0.166666667,0.76
8,CTG,L,2,1,0.666666667,6,13,1,2,0,1.23,6,0.166666667,0.83
9,ATT,I,0,3,0,6,13,1,2,0,1.43,6,0.166666667,0.7
10,ATC,I,1,2,0.333333333,6,13,1,2,0,1.33,6,0.166666667,0.76
11,ATA,I,0,3,0,6,13,1,2,0,1.43,6,0.166666667,0.7
12,ATG,M,1,2,0.333333333,5,11,1,2,1,1.33,5,0.2,0.76
13,GTT,V,1,2,0.333333333,5,11,1,2,0,1.33,5,0.2,0.76
14,GTC,V,2,1,0.666666667,5,11,1,2,0,1.23,5,0.2,0.83
15,GTA,V,1,2,0.333333333,5,11,1,2,0,1.33,5,0.2,0.76
16,GTG,V,2,1,0.666666667,5,11,1,2,0,1.23,5,0.2,0.83
17,TAT,Y,0,3,0,9,11,1,3,0,1.43,9,0.111111111,0.7
18,TAC,Y,1,2,0.333333333,9,11,1,3,0,1.33,9,0.111111111,0.76
19,TAA,*,0,3,0,NA,NA,NA,NA,NA,1.43,NA,NA,0.7
20,TAG,*,1,2,0.333333333,NA,NA,NA,NA,NA,1.33,NA,NA,0.76
21,CAT,H,1,2,0.333333333,6,9,3,2,0,1.33,2,0.5,0.76
22,CAC,H,2,1,0.666666667,6,9,3,2,0,1.23,2,0.5,0.83
23,CAA,Q,1,2,0.333333333,5,10,2,3,0,1.33,2.5,0.4,0.76
24,CAG,Q,2,1,0.666666667,5,10,2,3,0,1.23,2.5,0.4,0.83
25,AAT,N,0,3,0,4,8,2,3,0,1.43,2,0.5,0.7
26,AAC,N,1,2,0.333333333,4,8,2,3,0,1.33,2,0.5,0.76
27,AAA,K,0,3,0,6,14,2,2,0,1.43,3,0.333333333,0.7
28,AAG,K,1,2,0.333333333,6,14,2,2,0,1.33,3,0.333333333,0.76
29,GAT,D,1,2,0.333333333,4,7,1,4,0,1.33,4,0.25,0.76
30,GAC,D,2,1,0.666666667,4,7,1,4,0,1.23,4,0.25,0.83
31,GAA,E,1,2,0.333333333,5,9,1,4,0,1.33,5,0.2,0.76
32,GAG,E,2,1,0.666666667,5,9,1,4,0,1.23,5,0.2,0.83
33,TCT,S,1,2,0.333333333,3,7,1,3,0,1.33,3,0.333333333,0.76
34,TCC,S,2,1,0.666666667,3,7,1,3,0,1.23,3,0.333333333,0.83
35,TCA,S,1,2,0.333333333,3,7,1,3,0,1.33,3,0.333333333,0.76
36,TCG,S,2,1,0.666666667,3,7,1,3,0,1.23,3,0.333333333,0.83
37,CCT,P,2,1,0.666666667,5,9,1,2,0,1.23,5,0.2,0.83
38,CCC,P,3,0,1,5,9,1,2,0,1.12,5,0.2,0.89
39,CCA,P,2,1,0.666666667,5,9,1,2,0,1.23,5,0.2,0.83
40,CCG,P,3,0,1,5,9,1,2,0,1.12,5,0.2,0.89
41,ACT,T,1,2,0.333333333,4,9,1,3,0,1.33,4,0.25,0.76
42,ACC,T,2,1,0.666666667,4,9,1,3,0,1.23,4,0.25,0.83
43,ACA,T,1,2,0.333333333,4,9,1,3,0,1.33,4,0.25,0.76
44,ACG,T,2,1,0.666666667,4,9,1,3,0,1.23,4,0.25,0.83
45,GCT,A,2,1,0.666666667,3,7,1,2,0,1.23,3,0.333333333,0.83
46,GCC,A,3,0,1,3,7,1,2,0,1.12,3,0.333333333,0.89
47,GCA,A,2,1,0.666666667,3,7,1,2,0,1.23,3,0.333333333,0.83
48,GCG,A,3,0,1,3,7,1,2,0,1.12,3,0.333333333,0.89
49,TGT,C,1,2,0.333333333,3,7,1,2,1,1.33,3,0.333333333,0.76
50,TGC,C,2,1,0.666666667,3,7,1,2,1,1.23,3,0.333333333,0.83
51,TGA,*,1,2,0.333333333,NA,NA,NA,NA,NA,1.33,NA,NA,0.76
52,TGG,W,2,1,0.666666667,11,12,2,2,0,1.23,5.5,0.181818182,0.83
53,CGT,R,2,1,0.666666667,6,14,4,2,0,1.23,1.5,0.666666667,0.83
54,CGC,R,3,0,1,6,14,4,2,0,1.12,1.5,0.666666667,0.89
55,CGA,R,2,1,0.666666667,6,14,4,2,0,1.23,1.5,0.666666667,0.83
56,CGG,R,3,0,1,6,14,4,2,0,1.12,1.5,0.666666667,0.89
57,AGT,S,1,2,0.333333333,3,7,1,3,0,1.33,3,0.333333333,0.76
58,AGC,S,2,1,0.666666667,3,7,1,3,0,1.23,3,0.333333333,0.83
59,AGA,R,1,2,0.333333333,6,14,4,2,0,1.33,1.5,0.666666667,0.76
60,AGG,R,2,1,0.666666667,6,14,4,2,0,1.23,1.5,0.666666667,0.83
61,GGT,G,2,1,0.666666667,2,5,1,2,0,1.23,2,0.5,0.83
62,GGC,G,3,0,1,2,5,1,2,0,1.12,2,0.5,0.89
63,GGA,G,2,1,0.666666667,2,5,1,2,0,1.23,2,0.5,0.83
64,GGG,G,3,0,1,2,5,1,2,0,1.12,2,0.5,0.89