,ID,AGS,bp,Genomes,reads,GC,GC_bact,AA_CN
0,BMI_Plate10WellA2_mms,6113683.90291,2188103613,357.902640658,2000000,0.7043064284622915,0.7048011416778197,3.478027464256241
1,BMI_Plate81WellG4,5893983.17843,3000016122,508.996383461,2000000,0.6790510460796256,0.7028092039886628,3.4503457611844763
2,BMI_Plate81WellF1,8574827.07887,2172643387,253.374600679,2000000,0.5376432413604207,0.6095774458632621,3.564059654523523
3,BMI_Plate72WellG4,7950295.406160001,4782868115,601.596276698,2000000,0.6130950544566546,0.6243177601013821,3.532099796897084
4,BMI_Plate72WellF1,5889560.878719999,2970681281,504.397754293,2000000,0.7092597163643057,0.7100887735930126,3.4367860026386547
5,BMI_Plate25WellH11,5287121.30946,946528863,179.025372712,2000000,0.6378925939613621,0.6497810928305385,3.539136963882206
6,BMI_Plate35WellE5,7385026.11147,671773793,90.9643084345,2000000,0.6115029235078787,0.6166556771571771,3.5056427725864663
7,BMI_Plate88WellC6,7470090.4285,2092244833,280.082932466,2000000,0.5996057706065965,0.6024456560428033,3.527993007586532
8,BMI_Plate61WellF4,6085112.42325,4003276879,657.880512397,2000000,0.6175333394079189,0.6196297366746439,3.535944087781899
9,BMI_Plate41WellF2,7371755.79897,2990247482,405.635721468,2000000,0.6191312749860989,0.6281664347567181,3.5294434319335113
10,BMI_Plate41WellG7,9112347.65931,343251744,37.6688595336,1411243,0.4011335380677428,0.5869329003795488,3.4760763545113385
11,BMI_Plate19WellA9_mms,5763905.29285,169325498,29.3768702637,725958,0.7000631283738356,0.7038186751979622,3.4544163812284685
12,BMI_Plate72WellH3,7407975.40765,7845173113,1059.01716478,2000000,0.6002234768659963,0.6173025164019454,3.542433847980899
13,BMI_Plate81WellF9,7422522.766260001,3032072760,408.496255987,2000000,0.5962098964752084,0.6051422272891619,3.5408095187931607
14,BMI_Plate71WellC1,7229243.71649,10076645958,1393.87276915,2000000,0.6413571338390872,0.6451116643944009,3.502660061641686
15,BMI_Plate42WellA11,7065885.2674,7632227609,1080.15164699,2000000,0.6345003199994209,0.6417335820650535,3.5139158649062696
16,BMI_Plate2WellD12_mms,7376658.631360001,2406697030,326.25842543,2000000,0.6824997744846162,0.6859576345263266,3.46212743551207
17,BMI_Plate4WellE2_mms,7009299.697110001,2099884637,299.585511783,2000000,0.6080585860781083,0.6111865669901321,3.5005065040655667
18,BMI_18S_05_0382,7980573.391369999,1836959598,230.178899174,2000000,0.6288965830755129,0.6328671811843446,3.512784718126344
19,BMI_Plate71WellH11,5510006.29743,6714989503,1218.689987,2000000,0.6343287622827298,0.653227629235,3.51401962737489
20,BMI_Plate72WellG3,7073075.796080001,3287539535,464.796310655,2000000,0.6305565977529553,0.6379733787334934,3.543748565825432
21,BMI_Plate25WellH9,6029086.76182,4421637400,733.384271065,2000000,0.6577852597581048,0.6702496503155688,3.517359945090524
22,BMI_Plate19WellG2,7270002.98337,1829146971,251.601956036,2000000,0.6059047028563423,0.6105136321589868,3.53034926696751
23,BMI_Plate61WellG12,6007577.75934,3640120574,605.921507773,2000000,0.7091252129750888,0.7119310709282477,3.421788668799742
24,BMI_Plate41WellF12,7627101.435310001,10661262126,1397.81307701,2000000,0.6128863003360296,0.6323631280908967,3.5382360701677302
25,BMI_Plate35WellE2,5969087.48387,856769992,143.534500762,2000000,0.6927960066194788,0.6969078455690956,3.506445517656141
26,BMI_Plate41WellC10,8314924.88259,4740071957,570.067922914,2000000,0.6008837185717562,0.6070582775789571,3.532858946620532
27,BMI_Plate68WellD5,7569897.073,2154497479,284.613840614,2000000,0.6328629945663277,0.6527135880094534,3.5209578270137247
28,BMI_Plate19WellA12_mms,6017326.851980001,683745345,113.629417484,2000000,0.6960141089516492,0.6972895178715625,3.454769010358953
29,BMI_Plate19WellB9_mms,7610163.2774600005,865956870,113.789525721,2000000,0.6190331297836599,0.6322473621558926,3.4509485026360323
30,BMI_Plate88WellD10,7193428.46915,1922785620,267.297524156,2000000,0.6000645339169735,0.6106948016923375,3.5403456599001477
31,BMI_Plate72WellH4,6548297.207230001,6408579034,978.663434355,2000000,0.6145252859867804,0.6276264447393186,3.5362921123674056
32,BMI_Plate81WellH4,6023140.22391,3896190110,646.870231334,2000000,0.6584382182490949,0.6670384068459375,3.5020762678757604
33,BMI_Plate41WellF5,7522428.2472,1964080436,261.09659959,2000000,0.5960404632923453,0.5994855004045534,3.5457571806846766
34,BMI_Plate71WellB12,6448274.1701,3879876662,601.692260542,2000000,0.6390996456845079,0.6416998542218154,3.5319228413219905
35,BMI_18S_05_0430,7452393.96623,4786893649,642.329655503,2000000,0.593717075624172,0.5989391117973862,3.5497583230975165
36,BMI_Plate61WellF3,6663223.36549,3050712173,457.843299806,2000000,0.6186966238998678,0.6201091504803717,3.523557069214293
37,BMI_Plate67WellD2,7057295.3202100005,2855018530,404.548541681,2000000,0.6255234982209735,0.6373461282153133,3.5059326801219957
38,BMI_Plate71WellC11,7608822.3742,2125183286,279.305151505,2000000,0.6402246479591037,0.6535458148421589,3.4936787861167122
39,BMI_Plate88WellB4,5841712.304330001,5956763764,1019.69481783,2000000,0.6521910153585355,0.6681303394206632,3.4818916400557
40,BMI_Plate10WellB2_mms,6734191.994659999,2379212001,353.303262349,2000000,0.656452609218099,0.6593451723937784,3.4988246825668585
41,BMI_18S_05_0385,6743713.92676,2112047275,313.187554801,2000000,0.5938285211111803,0.5964177673908729,3.5631357844773217
42,BMI_Plate19WellC9_mms,7424527.3168399995,1795845442,241.88010433,2000000,0.6122307699206172,0.6217191750239064,3.5072082923222867
43,BMI_Plate67WellC3,7212990.82797,3712160674,514.649299096,2000000,0.5986619586226807,0.6009788178099079,3.5420398259700803
44,BMI_Plate19WellD12_mms,6374580.16386,1357548031,212.962735757,2000000,0.6376002451771667,0.6420108197280211,3.5223846824180907
45,BMI_Plate69WellD1,7600112.84776,3676136890,483.695040276,2000000,0.6545176568582126,0.6570872666705919,3.4964692241366615
46,BMI_Plate19WellC4_mms,7339476.494510001,2019226223,275.118562545,2000000,0.6121516234716378,0.6316787798670255,3.4999550408786084
47,BMI_Plate69WellC1,7234119.24714,5149200525,711.793702742,2000000,0.6427931926899401,0.6552710798890764,3.5242925908167435
48,BMI_Plate71WellF12,5036329.97893,2415912285,479.696980759,2000000,0.648696168656335,0.6625758140221166,3.5024774999837374
49,BMI_Plate61WellF2,7883363.46258,3278016436,415.814449195,2000000,0.6411753461563673,0.6478011354354148,3.4987805651547164
50,BMI_Plate61WellG7,6038222.97537,3457686076,572.633056133,2000000,0.6189107877795549,0.6212089588431849,3.528467709860018
51,BMI_Plate41WellF4,8463627.79195,2556203138,302.022158918,2000000,0.5939044999073682,0.600330758573413,3.5487309190046865
52,BMI_Plate41WellG1,8425284.2121,601633829,71.4081345928,2000000,0.5475682141062068,0.5879428250718056,3.52048077198855
53,BMI_Plate19WellC7_mms,6470518.89894,1725261105,266.634118831,2000000,0.6413297794668493,0.643398448378151,3.4760789093525464
54,BMI_Plate19WellE9_mms,6319424.63245,1462603514,231.445677268,2000000,0.6473567051057552,0.6493196196363075,3.5282924490246965
55,BMI_Plate61WellA3,6178770.35731,4322851750,699.629780686,2000000,0.6162612918574071,0.6229623889379805,3.5333251927281317
56,BMI_Plate67WellC2,6980267.349719999,3864740605,553.666559083,2000000,0.6385744027061729,0.6414190796620609,3.514788402841343
57,BMI_18S_05_0391,6974672.28847,2293609167,328.848306005,2000000,0.6135797697288196,0.6168900618984458,3.5563585502978072
58,BMI_Plate61WellF10,7122758.316980001,4025452763,565.153636254,2000000,0.6120816533997133,0.6167773495763986,3.547466388772724
59,BMI_18S_05_0399,7216022.014160001,2132945010,295.584604068,2000000,0.6329590563260661,0.637672235816816,3.5386216131488166
60,BMI_Plate61WellB11,6335940.40024,1826228461,288.233213326,2000000,0.6193159514229833,0.6227821664994501,3.5549034463160587
61,Plate42WellD2,6976156.40943,4647428637,666.187562927,2000000,0.6138421581081297,0.6168278974265009,3.5428364951387685
62,BMI_Plate25WellH8,5805835.511469999,2604968618,448.681092128,2000000,0.6940561539364561,0.695452193920282,3.48596564921106
63,BMI_Plate72WellG2,6773458.16279,3458915821,510.657294674,2000000,0.6165732095716216,0.6213937193734057,3.54205419115911
64,BMI_Plate19WellA11_mms,5921725.9623300005,815089656,137.643933742,2000000,0.7170655663389212,0.7161857523881033,3.436406841360534
65,BMI_Plate19WellD9_mms,6888024.75405,1411160245,204.871540883,2000000,0.5940733616671316,0.5983887826062441,3.51202633359108
66,BMI_Plate41WellC11,7654049.45478,4421593417,577.680278018,2000000,0.6301381751227049,0.6380284762105123,3.5416208298439447
67,BMI_Plate68WellD4,6758469.742980001,4250434926,628.904927837,2000000,0.6094963540300339,0.6155046051329857,3.554887763761096
68,BMI_Plate88WellD11,6900421.23873,2173020024,314.911213217,2000000,0.6052114074840758,0.6090700998098679,3.5341462517737816
69,BMI_Plate35WellE3,5514140.68787,566077643,102.659267335,2000000,0.6468838566493719,0.6599832261154421,3.5064588766937628
70,BMI_Plate81WellA6,5506271.47668,3155170318,573.013940806,2000000,0.6769781544163592,0.6872701547495785,3.4827824312934865
71,BMI_Plate41WellB12,5810960.24487,4449181671,765.653434805,2000000,0.6633480701969686,0.669935788909258,3.4948067013334714
73,BMI_Plate41WellG6,6459132.88621,71836252,11.1216556875,381494,0.5330348805828076,0.5390079752080094,3.532420619454553
74,BMI_Plate41WellF3,7375253.194839999,1543880351,209.33252191,2000000,0.619209400143798,0.6231644421886959,3.5646888395599063
75,BMI_Plate72WellH2,6835878.32652,4698330121,687.30452717,2000000,0.6117268457879824,0.6266827395138777,3.526468470344581
76,BMI_Plate81WellH2,7900904.879139999,3940673016,498.762240058,2000000,0.563242730654298,0.6042578124851665,3.5833025415700446
77,BMI_18S_05_0423,7092776.2085,4301488902,606.460541761,2000000,0.6082842964296827,0.6102170803417392,3.5360700632392366
78,BMI_Plate61WellF5,6876099.3183699995,2693722008,391.75146886,2000000,0.6035257496777274,0.6115526128998343,3.5414034944221764
79,BMI_Plate71WellD1,7164341.03967,2203994682,307.633970772,2000000,0.6592571637411806,0.6607241770352551,3.499732176537103
80,BMI_Plate71WellH10,4929560.97002,3235659211,656.3787791,2000000,0.6176059832222459,0.6539019425393068,3.5121136107835262
81,Plate42WellE8,7355761.41644,4961045962,674.443566224,2000000,0.582068219502053,0.5901948903446856,3.579410270399608
82,BMI_Plate25WellH7,5783390.51547,2457154989,424.864097008,2000000,0.6937387409717163,0.6954041489503442,3.4871928503615757
83,BMI_Plate81WellF8,7414671.78335,3732487266,503.392108924,2000000,0.6159596448788867,0.6231286959996591,3.523900665378331
84,BMI_Plate81WellG5,6017468.34324,3304199740,549.101308312,2000000,0.680680655042106,0.6940552027595379,3.4642369539128537
86,BMI_Plate41WellH11,6317551.00077,5623494516,890.138364584,2000000,0.6415114126032042,0.6521527034218078,3.509067615297268
87,BMI_Plate42WellD2,6976156.40943,4647428637,666.187562927,2000000,0.6138422662896452,0.6168292516634363,3.542824984799472
88,BMI_Plate19WellB10_mms,7057389.10211,830733313,117.711139485,2000000,0.5396915803324235,0.5850178537187327,3.5453266586845955
89,BMI_Plate35WellE4,7873336.8804,552727515,70.2024469924,2000000,0.6499092447025285,0.6682811888925738,3.511193915332473
90,BMI_Plate25WellH10,5742478.22024,1536113140,267.50003763,2000000,0.6957481926021521,0.6983103352632052,3.4880073819510176
91,BMI_Plate69WellC12,7168543.175189999,2563693639,357.631052272,2000000,0.6420679922257729,0.6461638955124104,3.5261332005113912
92,BMI_Plate68WellE6,7592766.0976,3357737293,442.228464546,2000000,0.6199464026718242,0.6256317747165633,3.5318024615066235
93,BMI_Plate68WellD3,6094315.33441,3706929064,608.260134337,2000000,0.6748865906035358,0.6850265051859905,3.486869679077428
94,BMI_Plate61WellG8,7160546.66443,3813878801,532.623971288,2000000,0.6082891904728307,0.6134590892493056,3.5406262950228977
95,BMI_Plate69WellB11,7914471.86333,3975523528,502.31065277,2000000,0.613674425951624,0.6169683880891044,3.5227657821089298
96,BMI_Plate69WellB1,7079364.86646,4225693524,596.902914839,2000000,0.6185876139486011,0.6319320569878007,3.5420589493231462
97,BMI_18S_05_0421,6840233.95159,4146121811,606.137427512,2000000,0.5881124895158252,0.5943379526885789,3.551992100794952
98,BMI_18S_05_0434,6571002.53493,6427137449,978.106067504,2000000,0.6162895626968468,0.6225021698318433,3.557988680858424
99,BMI_Plate67WellE3,6486227.79585,3518730423,542.492575616,2000000,0.6148541566814458,0.6165462773292202,3.536986142477637
100,BMI_Plate61WellG2,6609020.40894,3638624015,550.554210739,2000000,0.6252639584170593,0.6264883252509706,3.5325565685769407
101,BMI_Plate61WellF7,6171291.57432,2995472791,485.388310522,2000000,0.6398386403233316,0.6402131007224376,3.5094244239952745
103,BMI_Plate42WellC9,6950969.912819999,10971946627,1578.47707077,2000000,0.6128599951674997,0.6167655527500682,3.5472463839232016
104,BMI_Plate41WellG4,7386843.50575,37211260,5.03750485184,192819,0.5679076085364831,0.6103886995368111,3.3849029122386254
105,BMI_Plate41WellF1,7651071.0385300005,2749270408,359.331444468,2000000,0.5946125942924629,0.6223250097906584,3.5341214705604496
106,BMI_Plate42WellC1,6791704.37078,6017626966,886.026045523,2000000,0.6275435443595083,0.6357596208594455,3.497594240602351
107,BMI_Plate41WellF9,8696977.04778,301775204,34.6988617243,1513554,0.5294814771685772,0.6012177032018828,3.502542138980357
108,BMI_18S_05_0429,7015477.5542,4095151499,583.730967331,2000000,0.6017249768564348,0.6079684309572575,3.5520462977368297
109,BMI_Plate69WellG11,7354011.01583,4305325296,585.439059955,2000000,0.572347549990657,0.6151497368463085,3.526633004224504
110,BMI_Plate19WellE12_mms,7187956.7287,1046401661,145.577067377,2000000,0.6090187805430693,0.6159465006860136,3.505481837388557
111,BMI_Plate35WellE6,6903473.7655,1825050394,264.366963067,2000000,0.6392588079871149,0.6435033755859736,3.52675736876122
112,BMI_Plate72WellA3,6812718.48282,3965491127,582.071773111,2000000,0.6138744387140461,0.6261339807711134,3.5341611574861687
113,BMI_Plate2WellD5_mms,7115988.150760001,1974860794,277.524463526,2000000,0.6600892858669684,0.6626326608602328,3.5107761055632287
114,BMI_Plate42WellE5,6715953.21351,3533588867,526.148523473,2000000,0.5985554163652164,0.6044420378121205,3.5433433723263668
115,BMI_Plate19WellF2_mms,6579297.5357800005,1971258024,299.615272494,2000000,0.6483962847910956,0.6551448394416736,3.5099064066022314
116,BMI_18S_05_0458,7203787.09253,2647323150,367.490476328,2000000,0.6033428820825685,0.6097040386314164,3.5552167326737987
117,BMI_Plate61WellH5,6239465.08037,3913728984,627.253928596,2000000,0.6160482466901672,0.6385617892229803,3.5366951561890243
118,BMI_Plate88WellE9,7377154.322360001,2006279795,271.958496099,2000000,0.6555651985651217,0.6612315838425197,3.5002008923490213
119,BMI_Plate81WellF2,5935330.89292,2697986493,454.563787879,2000000,0.6281129675948447,0.6314290093371198,3.529229950922689
120,BMI_Plate35WellC2,5859409.11956,1306920040,223.046388012,2000000,0.692556215460131,0.7010731193583782,3.466237845299232
121,BMI_Plate72WellF2,6430593.36401,4179963504,650.012101122,2000000,0.6380486678831463,0.6408491321142284,3.5210350139532327
122,BMI_Plate2WellA6_mms,6231681.62436,1136306802,182.343526274,2000000,0.6263190886291129,0.6380855957730881,3.5504628660487696
123,BMI_Plate19WellC1_mms,7979413.25117,2126167345,266.456602519,2000000,0.632771261489653,0.6413711032833421,3.5283435923593025
124,BMI_Plate41WellA7,6724779.91609,2885647688,429.106636054,2000000,0.5624215161866329,0.6470638034705983,3.5157945245119384
125,BMI_Plate19WellE2_mms,6043198.48172,1125925377,186.312824311,2000000,0.7205283853059488,0.7194895881177691,3.435840425575411
126,BMI_Plate1WellC2_mms,7430978.59442,1652233002,222.343932364,2000000,0.5944200071384018,0.6029296555695022,3.563912651406095
127,BMI_Plate2WellG8_mms,6203995.25559,2621987355,422.628845926,2000000,0.6913333832169591,0.6920651287235957,3.4710404684761555
128,BMI_Plate8WellB9_mms,8074810.21612,2140724561,265.111439613,2000000,0.6132057540348705,0.6145012291449659,3.52760231763655
129,BMI_Plate88WellE6,6361546.73223,2269445488,356.744292469,2000000,0.6395807727814664,0.6452023204673384,3.5422158633397918
130,BMI_Plate41WellF6,9283930.05703,2076816435,223.700138007,2000000,0.5998960301802979,0.6083196401725272,3.5286196880360876
131,BMI_Plate41WellG3,7969610.67648,2135424293,267.945873354,2000000,0.616397726062402,0.6315664371844377,3.5312200378927736
132,BMI_Plate81WellH7,6175961.17071,4575129689,740.796381735,2000000,0.6252767305399652,0.6343543829366838,3.5286139122962212
133,BMI_Plate67WellE4,8037408.30854,2856838523,355.442751361,2000000,0.634191311713052,0.6390675220854675,3.4919101924207485
134,BMI_Plate71WellF10,5350719.94761,3194916960,597.100388599,2000000,0.6456954134823777,0.6679966110488986,3.5172963339739205
135,BMI_18S_05_0433,6295432.92242,3444078838,547.075773889,2000000,0.6247764401809504,0.6274331389056674,3.5226047169763217
136,BMI_18S_05_0426,6703739.62268,4137286819,617.161025318,2000000,0.6077833522693172,0.6099829739352765,3.5411379800974534
137,BMI_Plate71WellB11,7065169.642260001,2711027944,383.717317669,2000000,0.6537084974395856,0.6558378388332802,3.5159810749853744
138,BMI_Plate71WellE1,5281588.40211,1750800992,331.491373183,2000000,0.6402329308965183,0.6685966328433475,3.505248365899977
139,BMI_Plate71WellC12,7368708.770819999,4740346994,643.307686792,2000000,0.6484165574918733,0.6508296386543617,3.5017751138053748
140,BMI_Plate72WellA4,7780815.9714399995,4057853089,521.52024979,2000000,0.6170847154093431,0.6262263105282785,3.540919533087129
141,BMI_Plate35WellE1,5690717.62832,1284382771,225.69785656,2000000,0.6908896640005933,0.7024570691461377,3.4633730413042567
142,BMI_Plate41WellF11,8098476.43083,1647153477,203.390537846,2000000,0.5644016319111943,0.6178120799647636,3.5476289499931415
143,BMI_Plate88WellE10,6962056.100160001,2142785945,307.78062029,2000000,0.6456219292041706,0.6479861539035978,3.522485790011465
144,BMI_Plate41WellB10,6031644.173669999,6974453128,1156.31043994,2000000,0.6688246940119986,0.6769558816988152,3.491719549115045
145,BMI_Plate19WellD2_mms,7061454.849289999,1620137320,229.433927509,2000000,0.6244569228246463,0.6260887920717645,3.4692084645215764
146,BMI_Plate68WellD6,7265866.631910001,2590715061,356.559677221,2000000,0.6008781623936058,0.6040398861596801,3.5313554755789194
147,BMI_Plate68WellE3,5889024.05269,5355855938,909.464096272,2000000,0.6868560532347039,0.6951816111938144,3.4824484680939003
148,BMI_Plate61WellF8,5338312.17515,2612604716,489.406507203,2000000,0.6120808540859369,0.6218611086179022,3.5606344467946767
149,BMI_Plate81WellF5,7231288.902160001,3081211037,426.094307486,2000000,0.5990341282771929,0.6232837517593279,3.5331356351245224
150,BMI_Plate35WellC5,6966430.044710001,2061887818,295.974811312,2000000,0.6254189911316771,0.6304890091264909,3.5115433557991187
151,BMI_Plate19WellG1,7142194.37092,1414593809,198.061511005,2000000,0.6189520021256298,0.6216654688056816,3.5443724680683433
152,BMI_Plate42WellD7,7112118.6621,7099356655,998.205596994,2000000,0.6246299326936142,0.6310112341813291,3.5166884419217004
153,BMI_Plate42WellC7,7067782.36025,7363909475,1041.89816546,2000000,0.6078319678194988,0.6117968431018831,3.5310034837150415
154,BMI_Plate19WellD1_mms,8223690.84882,2280659441,277.327964162,2000000,0.6208151224860654,0.6230692005729848,3.4718327983499666
155,BMI_Plate8WellE4_mms,7277520.2561,2982721722,409.854128472,2000000,0.6413267777385561,0.6437576471049307,3.517352249454972
156,BMI_Plate61WellF9,5763920.3291,4650328927,806.799653965,2000000,0.632390255002092,0.6339603206585699,3.5144858174814866
157,BMI_Plate68WellE2,5971654.35111,2706719968,453.261325732,2000000,0.6645295763247387,0.6831390428217681,3.5094762084693274
158,BMI_Plate41WellC12,7031786.14651,4672851068,664.5325911,2000000,0.5980431891590187,0.6029130482206586,3.534880404546189
159,BMI_Plate41WellB11,6347134.576330001,6930846645,1091.96465927,2000000,0.6511351945673399,0.6560402360619139,3.5299635124019986
161,BMI_Plate41WellF10,8619729.134510001,869879540,100.917270882,2000000,0.529690342533799,0.6110058811050636,3.5137606844275022
162,BMI_Plate68WellC6,6349617.607919999,2645471424,416.634762493,2000000,0.6462131798612916,0.649765132670073,3.5178985268122025
163,BMI_Plate69WellH11,7194555.43376,3666487013,509.61967654,2000000,0.6214673939677683,0.6306796471401059,3.5239427959246363
164,BMI_Plate61WellH3,7221129.99324,3012797957,417.219737052,2000000,0.6157082876328239,0.629595656586363,3.5569379307860007
165,BMI_Plate61WellG10,6509125.70624,3052804338,469.003745783,2000000,0.6339910401582871,0.6347003803059578,3.5160683871223597
166,BMI_Plate41WellH5,6259600.19162,6118388715,977.44081534,2000000,0.6513877034419727,0.6632266188950219,3.5019161832470966
167,BMI_Plate72WellF4,7892046.35068,3705359097,469.505491016,2000000,0.6389967704522693,0.6510726388607183,3.525470793927245
168,BMI_Plate72WellG1,6540217.19329,4500884501,688.185784658,2000000,0.6457036163225875,0.6467699700426975,3.511416690524962
169,BMI_Plate71WellB1,7588828.990510001,5152674545,678.981507087,2000000,0.663251448622002,0.6653287388067778,3.4853431858663377
170,BMI_Plate19WellC10_mms,7745887.25433,1630501827,210.499039486,2000000,0.5981803362765229,0.6099183589825131,3.5355512610410784
171,BMI_Plate19WellE1_mms,6275109.43459,419042227,66.7784731674,2000000,0.6232284135976689,0.6246781651606647,3.5200519427460004
172,BMI_Plate10WellB9_mms,6463481.41105,1725355337,266.939011235,2000000,0.6903659764069064,0.6915640535336831,3.5102187066851296
173,BMI_Plate88WellB6,5333222.46139,3190859724,598.298635975,2000000,0.6402632927290157,0.6647064765531672,3.5083656258554448
174,BMI_Plate71WellG12,5449064.51049,3143959037,576.972254769,2000000,0.643540560421588,0.660027633838525,3.5195872648594486
176,BMI_18S_05_0427,7200890.35097,6122069015,850.182229781,2000000,0.6089328108288625,0.6143800191730052,3.5473576790740955
177,BMI_Plate42WellC11,6894182.06683,9110869389,1321.53013957,2000000,0.5955352228182154,0.6119912131591977,3.555966392320004
178,BMI_Plate41WellG2,8125044.5091699995,1308195728,161.007822975,2000000,0.5739202744093403,0.5890130007513835,3.5423012687297817
179,BMI_Plate41WellF7,8686150.97951,2364554791,272.221240061,2000000,0.5697302428477514,0.5977211697204747,3.5368778210915868
180,BMI_Plate19WellE11_mms,7112893.54044,749205182,105.330577175,2000000,0.6131817893026663,0.6188190112251434,3.5055415568139843
181,BMI_Plate72WellA2,4896233.34453,2720409115,555.612635994,2000000,0.6351005409391274,0.6576045748662527,3.5114832578842012
182,BMI_Plate81WellA2,5790019.58916,3409721363,588.89634318,2000000,0.6694374798525871,0.6789812013303569,3.4889913294642962
183,BMI_18S_05_0377,6766115.82377,3295506397,487.060299119,2000000,0.5978158762033844,0.6002321553001561,3.5573517802414343
184,BMI_Plate69WellC11,6907267.2296,4953611204,717.159339481,2000000,0.6372351867534962,0.6450072159152394,3.517722546247418
185,BMI_18S_05_0428,6487376.20262,6498030372,1001.64229252,2000000,0.6128226918879647,0.6154794677278936,3.5384104913141403
186,BMI_Plate20WellA10,6397896.2292,2733199472,427.202845136,2000000,0.620993608185917,0.6298700068038054,3.531576914973699
187,BMI_Plate68WellE5,6850038.97669,2462174942,359.439552151,2000000,0.6554495145840007,0.6617549020758716,3.5229334862732786
188,BMI_Plate41WellF8,7870853.520389999,1582218861,201.022526579,2000000,0.6010114396520023,0.6259234744022187,3.5274222909437003
189,BMI_Plate72WellF3,7019772.074080001,2606955218,371.37319994,2000000,0.6232318913681498,0.6331431156601588,3.5062055503359435
190,BMI_Plate19WellF1_mms,6539228.49582,1869209936,285.845637172,2000000,0.6854327290820649,0.6866507350670995,3.492874493549336
191,BMI_Plate41WellA9,6281408.708319999,3930257276,625.696791676,2000000,0.6965749293887891,0.6996452200560883,3.4518410003834106
193,BMI_Plate67WellB3,7144985.681810001,2758242981,386.038979479,2000000,0.6168272377751037,0.6196697416798961,3.5310045201579987
194,BMI_Plate69WellE1,7342161.96408,7076392608,963.80230273,2000000,0.6284271457590254,0.6358950218447242,3.532864480419297
195,BMI_Plate72WellH1,6815446.797,5357799126,786.125882217,2000000,0.6355688353833737,0.6502154458126729,3.496035877015433
196,BMI_Plate81WellH1,7076167.5265,3290880072,465.065313911,2000000,0.6004732235128011,0.6223474964394768,3.5403784440999124
197,BMI_Plate41WellG5,6994037.55947,326858258,46.7338436805,1500658,0.5614462374438303,0.6491907277220639,3.530984675495177
198,BMI_Plate42WellC8,7403550.07201,5801403542,783.597528965,2000000,0.5971780786499348,0.5998811682100897,3.5467346951318497
199,BMI_Plate61WellF6,5793763.210940001,2796469356,482.668906924,2000000,0.6199395501149977,0.6208088506111452,3.530896160424754
200,BMI_Plate61WellG3,6611692.68971,4346522599,657.39936851,2000000,0.6188676889665516,0.6245649430768494,3.5202530295934733
201,BMI_Plate67WellE2,7148113.16149,3339198367,467.1440269,2000000,0.6265135074669554,0.6298122219798017,3.51783245643786
202,BMI_18S_05_0420,7270192.97442,3833344418,527.268592662,2000000,0.6132357885379729,0.6179736356579493,3.5218062105600088
203,BMI_Plate68WellG4,7963134.1755,1712566654,215.061885968,2000000,0.5860182960629098,0.5999168423812704,3.5590487289575297
204,BMI_Plate88WellH6,6614080.69883,2934933076,443.740137086,2000000,0.6803867094045427,0.6841816148925035,3.4815516897600984
205,BMI_Plate41WellD9,7863044.86141,2471502830,314.318800613,2000000,0.6072254999468466,0.6194042350367872,3.544408598277068
206,BMI_Plate19WellC11_mms,7532518.372260001,2125398044,282.163008301,2000000,0.6264401476176534,0.6326429379884786,3.4597159062004534
207,BMI_Plate72WellC3,6678958.91541,3188343363,477.371309418,2000000,0.6724085314293105,0.6745455651132786,3.488472176579064
208,BMI_Plate35WellG6,8074585.960080001,719128004,89.0606660893,2000000,0.551093343344718,0.5822724759699875,3.5545650751153968
209,BMI_Plate35WellF3,7371427.48018,1246659720,169.120529687,2000000,0.6612539071642259,0.6634570698463952,3.4909011912765955
210,BMI_Plate28WellG8,6832041.69788,3200803032,468.498755357,2000000,0.6147219512648002,0.6185569382338315,3.5271400450349883
211,BMI_Plate28WellH7,6280080.86145,1176865425,187.396540103,2000000,0.6462135738405179,0.6522630031054573,3.529801771950764
212,BMI_Plate41WellC8,6136856.18294,4442729001,723.942173087,2000000,0.6579869959909843,0.6709327480576432,3.483533164568154
213,BMI_Plate72WellD2,6710939.29421,3845257981,572.983573897,2000000,0.6324446388472931,0.6447006298407671,3.520197822752805
214,BMI_Plate81WellD2,7783158.76519,2413412012,310.081303081,2000000,0.6195942265607739,0.6232785462391343,3.518157375635513
215,BMI_Plate71WellA11,6826628.88109,3186265357,466.740672813,2000000,0.6270197381304017,0.6295540774133715,3.540487577604024
216,BMI_Plate68WellH3,6488019.43088,2111807845,325.493452586,2000000,0.6858465563973516,0.6920263031825437,3.4798002630350617
218,BMI_Plate88WellC12,7489100.96648,2744245772,366.431936795,2000000,0.6099294721371369,0.6126829220202317,3.5286437155662584
219,BMI_Plate35WellH1,5884249.079969999,538157743,91.4573356237,2000000,0.6756064548309598,0.684316173506014,3.4933114894762443
220,BMI_Plate41WellE11,7866768.8614,887205089,112.77884283,2000000,0.580132534411955,0.5839824541041623,3.549162067529364
221,BMI_18S_05_0470,5764687.48904,3353396471,581.713488784,2000000,0.6766853295671637,0.6845864658121175,3.4918764241398774
222,BMI_Plate41WellA10,6645928.34109,3308857357,497.877375015,2000000,0.6667952542837307,0.6715658140841655,3.5193157684832728
223,BMI_Plate28WellF10,6040807.89935,3080805295,509.998885303,2000000,0.6028584612066197,0.6076877551357841,3.534991105590356
224,BMI_Plate41WellE4,7721849.341089999,2348095840,304.084648156,2000000,0.5824168957321461,0.6317150966444078,3.54069484753046
225,BMI_Plate41WellD1,7504370.33182,7270664447,968.857362511,2000000,0.6242566899631855,0.6338101186997326,3.5366947744008903
226,BMI_Plate81WellC4,5966665.10389,5632389206,943.976091825,2000000,0.6881198328423073,0.6966016987608835,3.447841748664638
227,BMI_Plate35WellF4,6638578.9254,2245812451,338.29716815,2000000,0.6225718543417231,0.6337757293021772,3.5326831609523026
228,BMI_Plate35WellG1,5513965.6951,985146737,178.663922025,2000000,0.6778028439091266,0.6888969791523979,3.4867571358120584
229,BMI_Plate72WellC4,6439905.65508,4239580314,658.329568952,2000000,0.6236260992701872,0.6280388889318754,3.5278140645958502
230,BMI_Plate72WellB1,6743072.05895,2806532909,416.209834993,2000000,0.6550715693471647,0.6577344731628176,3.5104429086689803
231,BMI_Plate42WellB12,6164608.57417,7867040361,1276.16218716,2000000,0.6206985974041941,0.6272600388654237,3.5282224130952917
232,BMI_Plate81WellD5,8381578.37424,2412009299,287.77506948,2000000,0.604814151320411,0.6109364729520399,3.527789126767164
233,BMI_Plate42WellG2,6719976.4375,3143341215,467.760749496,2000000,0.6136660009674025,0.6179397432018859,3.553080167688518
234,BMI_Plate28WellH8,6947676.799060001,1408692275,202.757312371,2000000,0.6260040957906621,0.6357299895285572,3.4945752872345
235,BMI_Plate69WellD11,7074636.62974,2378377250,336.18366207,2000000,0.6118921179627778,0.6150868900167401,3.5186988115291946
236,BMI_Plate35WellH6,7339695.262510001,1808432100,246.390624586,2000000,0.5974260000799854,0.6202989473278299,3.531506603537353
237,BMI_Plate19WellE10_mms,6986142.57598,1488385826,213.048303812,2000000,0.6628689382123064,0.6734113096770009,3.5087292074820784
238,BMI_Plate41WellB2,5843777.52112,4898637059,838.265495443,2000000,0.6779291213928851,0.6888285583802479,3.4686919316576117
239,BMI_Plate41WellC7,5629017.4565,7025365394,1248.06246353,2000000,0.6215185051449504,0.6339486585854149,3.5307485077007064
240,BMI_Plate69WellE12,6834363.5300199995,3266525253,477.956028919,2000000,0.6603852808416678,0.6663503545454672,3.5243327784233403
241,BMI_Plate61WellE5,7882693.67022,3291730860,417.589595348,2000000,0.5938844262553995,0.5999977174909995,3.5647803345633733
242,BMI_Plate41WellD6,7937096.64436,1270614921,160.085605346,2000000,0.597446414507942,0.6105054175185162,3.5309623069309013
243,BMI_Plate41WellE3,7870140.136030001,3116844723,396.034208938,2000000,0.5849600139218831,0.62318261378513,3.537344290956705
244,BMI_Plate88WellA2,5745750.38375,3763639725,655.030148132,2000000,0.6689792281091171,0.6747218506171928,3.4910088549722302
245,BMI_Plate71WellG1,5207231.0662,1949500166,374.383264583,2000000,0.6368902990953882,0.6568635555536392,3.5143649345206005
246,BMI_Plate42WellH5,6650707.077740001,2922707897,439.458220432,2000000,0.6139586899211503,0.6183040384108771,3.5272337986069036
247,BMI_Plate28WellG7,6604367.75499,2713251410,410.826821076,2000000,0.6061268774406742,0.613270336896082,3.5530420695845737
248,BMI_Plate68WellH5,6691063.65037,4358812940,651.43797276,2000000,0.6561021708036523,0.6606988278623851,3.52026618153171
249,BMI_Plate41WellC6,6062480.65351,5977331451,985.9547259,2000000,0.6284048307143864,0.6552564185156916,3.511609865691775
250,BMI_Plate28WellH9,7425005.43228,1451137188,195.439208932,2000000,0.5912857421372297,0.6105362629146518,3.5034291129437647
251,BMI_Plate28WellG6,6286969.56654,2901182920,461.459672947,2000000,0.607538207241696,0.6131973180897247,3.5218100465012108
252,BMI_Plate19WellF3_mms,6734102.95427,2002205674,297.323294223,2000000,0.6409955372533813,0.649954900380004,3.5574491100161074
253,BMI_Plate41WellE2,7809683.169419999,2241667053,287.036875168,2000000,0.5634663467576395,0.5849222510812778,3.5543804484045376
254,BMI_Plate41WellD7,7433215.9211800005,1999330388,268.972462149,2000000,0.5958824876358988,0.6365888937749478,3.5493212252729034
255,BMI_Plate42WellA7,7251991.40921,5827277483,803.541696919,2000000,0.6501341149472876,0.6537154018649776,3.4868758375389306
256,BMI_Plate42WellF12,7526063.42923,3421083816,454.564839663,2000000,0.6012799578741284,0.6095892917297273,3.553571036017935
257,BMI_Plate35WellF5,7033665.475380001,1662303639,236.335328261,2000000,0.6031205954532387,0.6131139655184091,3.5401813317937183
258,BMI_Plate42WellC10,6053418.08886,4656348996,769.209879055,2000000,0.6280520297207718,0.6323793903882429,3.5466490382598863
259,BMI_18S_05_0462,6989994.23888,3320408059,475.023003672,2000000,0.5904801298378756,0.596439180804089,3.568792008113978
260,BMI_Plate81WellE12,6664602.52433,3930400292,589.742640713,2000000,0.598153575996365,0.6131875523311319,3.5477976356326737
261,BMI_Plate28WellH1,7029832.88245,1340978386,190.755371916,2000000,0.5924927810306287,0.6143946579172043,3.5056962293908733
262,BMI_Plate42WellG3,6727042.82785,3196041974,475.103556762,2000000,0.6136681647708814,0.6174423642303729,3.557607394891727
263,BMI_Plate19WellG3_mms,6931666.307289999,1509140369,217.716823358,2000000,0.628027953494666,0.6302158362694524,3.5373411855217256
264,BMI_Plate81WellD11,7538279.18673,1999138590,265.198268793,2000000,0.5867170358522446,0.6292989053730264,3.551929666955365
266,BMI_Plate72WellE1,6201128.1116,2378337085,383.532970485,2000000,0.673085982458961,0.6764169633039119,3.5009635610423064
267,BMI_Plate81WellE1,8196551.608630001,4554444581,555.653742996,2000000,0.6124140673596005,0.6481956802414528,3.5291371704817545
268,BMI_Plate41WellE10,7603658.67027,1291695673,169.878176943,2000000,0.6023933785311585,0.6198667563182527,3.5322372925165206
269,BMI_Plate41WellC1,6002561.055919999,4300234268,716.39992129,2000000,0.6292019328881141,0.6427576434923786,3.492402403744608
270,BMI_Plate88WellG12,7749908.7537899995,1985266808,256.166475125,2000000,0.6214031741466053,0.6291113107733748,3.511481813727679
271,BMI_Plate88WellF5,5940159.9921699995,2543403864,428.170936027,2000000,0.6370628808447167,0.6422868338998031,3.5351765642145745
272,BMI_Plate19WellD3_mms,7058250.07508,2027096019,287.195267586,2000000,0.642217509498077,0.6443521366074967,3.4827334760521604
273,BMI_Plate28WellG12,6497692.6675,1775532017,273.255770603,2000000,0.5929804567297355,0.5969013110486704,3.5406156191941744
274,BMI_Plate41WellE5,7595049.4030100005,1394611059,183.621064854,2000000,0.5817357130466629,0.5937401390112694,3.5433241361947245
275,BMI_Plate42WellA8,6951645.681860001,6176996323,888.566046903,2000000,0.6112275623372025,0.6202796369763458,3.5337991396923614
276,BMI_Plate28WellF11,6258440.0523,3067898174,490.201735315,2000000,0.615128823193974,0.6203049637304453,3.528163622269332
277,BMI_Plate28WellG1,6424735.569130001,1912176888,297.62732916,2000000,0.5585622558241817,0.5816899571559424,3.5837270567511843
278,BMI_Plate19WellC12_mms,7374512.58197,1971028430,267.275756613,2000000,0.582868933178865,0.6072692373584175,3.4905660411874906
279,BMI_Plate28WellG9,6670302.02921,1644763375,246.580045071,2000000,0.6220674237756612,0.6316513010950968,3.5379810689639752
280,Plate42WellC12,6874269.77293,2417853163,351.725091227,2000000,0.6114998906088275,0.6151937198013486,3.5205700184318234
281,BMI_Plate19WellE3_mms,6872743.67314,2469791963,359.360406914,2000000,0.7182250381686134,0.7180457553022768,3.418002951290504
282,BMI_Plate35WellF2,5873879.795390001,249152091,42.4169543264,1274468,0.6787163543257585,0.6835333710648358,3.5074399076470804
283,BMI_Plate72WellC2,6597063.43289,3436414373,520.900611001,2000000,0.5980775760343855,0.638848325757254,3.5250134143557736
284,BMI_Plate88WellH7,6854516.7664,3506461406,511.55486601,2000000,0.6583071872636367,0.6597775385238072,3.4896609322079235
285,BMI_Plate41WellD8,8285129.46969,2601906559,314.045371109,2000000,0.5895856113813349,0.5993955511502774,3.549450068502748
286,BMI_Plate68WellG5,6930519.60975,2327818374,335.879343119,2000000,0.6574436505798684,0.6630858754646859,3.511535731596461
287,BMI_Plate81WellE6,6052895.95787,4290525961,708.838544535,2000000,0.6150132964167799,0.6198466181638153,3.531845119495704
288,BMI_Plate72WellD3,6846569.6998,3794212926,554.177214629,2000000,0.6419471577530977,0.6493563266280038,3.510896426806372
289,BMI_Plate3WellH4_mms,7026470.77063,3494230196,497.295201256,2000000,0.6460510790576038,0.6557679762307669,3.5230708925383736
290,BMI_Plate3WellH4_mms,7026470.77063,3494230196,497.295201256,2000000,0.6460510790576038,0.6557679762307669,3.5230708925383736
291,BMI_Plate41WellC9,6074652.67571,4281351025,704.789434648,2000000,0.6325331311280366,0.6405751805560511,3.5145637813247643
292,BMI_Plate42WellG4,5591580.89338,4916695546,879.303302546,2000000,0.6547264833113839,0.6710030312761774,3.4964307960875103
293,BMI_Plate28WellH6,7131158.47947,1136748051,159.405804018,2000000,0.616434743879241,0.6205646097956351,3.4338983613693284
294,BMI_Plate71WellD12,5312691.69428,5566157991,1047.70958138,2000000,0.6735518052114293,0.6827697922305189,3.480135389967161
295,BMI_Plate42WellH10,7782816.33873,3159733016,405.988382416,2000000,0.5998493562532322,0.6046464391640219,3.5246155707783964
296,BMI_Plate3WellH9_mms,6331192.01185,1717952222,271.347357462,2000000,0.6850301100631409,0.6934411754386637,3.499252938937474
297,BMI_Plate8WellE10_mms,5239731.13591,1596993488,304.785388139,2000000,0.579413517910148,0.5928000357400838,3.4633870287804687
298,BMI_Plate1WellC10_mms,7243007.27811,4416887129,609.813984635,2000000,0.6283064995234097,0.6303582709525717,3.5385058610681703
299,BMI_Plate28WellG3,6060519.010480001,3244214773,535.303126249,2000000,0.6360671802868079,0.6457110158663916,3.5320590393052225
300,BMI_Plate61WellE11,6872179.85397,2909132499,423.320192547,2000000,0.6258764058475224,0.6280497967210881,3.520345053620144
301,BMI_Plate28WellF6,6432000.301580001,3597956024,559.383683971,2000000,0.6150183744403749,0.6192322607972336,3.5287626778387065
302,BMI_Plate42WellH1,5453465.16019,3002311709,550.53284853,2000000,0.6417309774703518,0.6628944243603481,3.5084988327275712
303,BMI_Plate61WellD12,6748437.52319,3149262668,466.665455104,2000000,0.6171128550242151,0.6187353984755207,3.5496224165615557
304,BMI_Plate41WellD2,7473644.46142,5714447595,764.613251874,2000000,0.6057714678761573,0.6094183817178783,3.531038556538832
305,BMI_Plate41WellE7,8148968.23504,2324723721,285.278289711,2000000,0.5653972644915883,0.6104058223765341,3.5739737726836465
306,BMI_Plate28WellG10,6419043.59673,1685763170,262.619056032,2000000,0.6162578754133216,0.6249674456586987,3.525854924977513
307,BMI_Plate19WellA10_mms,5886839.49284,827342906,140.541101385,2000000,0.7108065919986599,0.7103730942781454,3.463036954198116
308,BMI_Plate41WellD11,8281880.76601,956106751,115.445606863,2000000,0.5789678961448064,0.6122011500876492,3.5599212014941064
309,BMI_Plate19WellD5_mms,7934530.76565,2244141037,282.832230825,2000000,0.647364939978324,0.6582443450538306,3.4733670528955067
310,BMI_Plate35WellH2,5891665.8061,717111534,121.716261173,2000000,0.6979070505284982,0.7015510934570072,3.4974762761994933
311,BMI_Plate41WellC3,5697813.46399,6000907859,1053.19486096,2000000,0.6167512655353063,0.6253499356832886,3.5272251707564624
312,BMI_Plate41WellE12,7620582.4847800005,1953085814,256.290883,2000000,0.5919861793549837,0.6020633913315272,3.5493950299219543
313,BMI_18S_05_0466,6520264.04964,2696239886,413.516978066,2000000,0.6510901039396366,0.677213889679943,3.5069175117548017
314,BMI_Plate28WellH4,6758424.3277900005,1010840711,149.567511889,2000000,0.6326738833861235,0.6364616402608573,3.464748329737245
315,BMI_Plate72WellE4,6826212.99039,5628061865,824.47791666,2000000,0.6273960791226019,0.6318877746705319,3.534890922346833
316,BMI_Plate72WellD1,6421333.89953,4464526081,695.264590014,2000000,0.6540729581796088,0.6597415336673342,3.49950405786076
317,BMI_Plate81WellE4,6797968.55074,2919125999,429.411518634,2000000,0.6130778304458212,0.6261796496147547,3.540554772648522
318,BMI_Plate81WellD1,8267747.89674,2134469664,258.168208641,2000000,0.6078709720810275,0.6319853302328516,3.5328194046042585
319,BMI_Plate19WellC6_mms,8671236.016460001,1954604423,225.412434778,2000000,0.6241939457200302,0.6294317389240289,3.4731845838997937
321,BMI_Plate88WellH5,6239134.51465,2545105635,407.926071962,2000000,0.6284696125633789,0.6317817221782465,3.536162502286495
322,BMI_Plate81WellB5,6637094.502859999,6006680244,905.016531166,2000000,0.6512047824349182,0.6645479942007634,3.5025351880016995
323,BMI_Plate1WellC5_mms,7366102.641710001,1875661634,254.634197381,2000000,0.619376141943815,0.6340761045929456,3.544178719987636
324,BMI_Plate35WellG5,7163177.441819999,1716651986,239.649513075,2000000,0.584646918605661,0.6154404188559284,3.521467118376413
325,BMI_Plate42WellH9,7692619.61113,2901087245,377.126049597,2000000,0.6003830742806713,0.6042853436776457,3.514667303920753
326,BMI_18S_05_0405,6968379.12455,3855231001,553.246448291,2000000,0.6368148799341846,0.6404983522958517,3.534285089657365
327,BMI_Plate19WellF5_mms,6450598.22061,2233152237,346.193044525,2000000,0.6530523250121991,0.6564593595759677,3.5446312080312508
328,BMI_Plate41WellD5,6880833.70042,3229512986,469.349082772,2000000,0.657814834065207,0.6655107107646956,3.530096564062358
329,BMI_Plate28WellG4,7020394.15905,3052692045,434.832001714,2000000,0.6087990594945942,0.6114963266658303,3.5255322775684483
331,BMI_Plate41WellC4,5945409.06691,4341380364,730.207175846,2000000,0.6492273354903616,0.6602837292961248,3.49610539977642
332,BMI_Plate41WellB1,5683632.66051,4445079791,782.084285967,2000000,0.6918929895054633,0.6970435881758091,3.461181293103732
333,BMI_Plate35WellH5,6733317.04896,1805566584,268.154101592,2000000,0.670055568888114,0.6711243709769025,3.526658315555681
334,BMI_Plate19WellB11_mms,7285459.96924,1061336841,145.678769149,2000000,0.6127828351561061,0.6144987612529486,3.4196431371889933
335,BMI_Plate69WellD12,7401373.94201,3799780300,513.38850459,2000000,0.6212132586369002,0.6290022386174032,3.5392299557859506
336,BMI_Plate69WellF1,7718897.86384,2381912672,308.5819652,2000000,0.6148853698684528,0.6367324399403014,3.53281949870846
337,BMI_Plate28WellH11,7271001.983839999,1382449694,190.131937396,2000000,0.5811788252052532,0.595884308554749,3.5258561888867264
338,BMI_Plate69WellE11,7614907.41208,4302951961,565.069504873,2000000,0.6232327750957544,0.6274520000458621,3.5407048757662127
339,BMI_Plate81WellD6,7537760.42082,6482824678,860.046527891,2000000,0.6294616805695703,0.6411138739990087,3.5358390344477635
340,BMI_Plate42WellG1,7386790.5696600005,2829677199,383.072617575,2000000,0.6158413798145832,0.6200646163317499,3.5492158176715973
341,BMI_18S_05_0460,7143954.968119999,3995492080,559.28293191,2000000,0.5934893504839198,0.5994886180992444,3.5673551309833846
343,BMI_18S_05_0469,5672045.15149,5221116070,920.499736964,2000000,0.6813816063394724,0.6929251111354757,3.4704166288596308
344,BMI_Plate28WellH3,6979409.406169999,1450197580,207.782277211,2000000,0.6363202777406639,0.6414771732168715,3.5294859378725287
345,BMI_Plate42WellC12,6874269.77293,2417853163,351.725091227,2000000,0.611504297390966,0.6152038016722094,3.5205759529583265
346,BMI_Plate28WellF9,5987634.9836099995,2098860469,350.532468119,2000000,0.6010077407062745,0.6059968696513399,3.5640228113073724
347,BMI_Plate35WellG2,5962833.34623,1313631486,220.303236687,2000000,0.7085805369340894,0.7120913633432474,3.4682117459429134
348,BMI_Plate41WellE8,8104321.7981199995,1443421776,178.105190287,2000000,0.6304285452822015,0.6615059996156479,3.5296116303169915
349,BMI_Plate68WellF5,6399664.15443,3549844421,554.692298742,2000000,0.6434220287930005,0.6459391819214408,3.5341260480534658
350,BMI_Plate28WellH2,7647514.9961,1300708710,170.082531471,2000000,0.6361976787486859,0.6500966816867565,3.5030628134354003
351,BMI_Plate41WellB8,6452580.62899,4001117544,620.080208843,2000000,0.6874655588860472,0.6943697068108384,3.449864101290428
352,BMI_Plate72WellE2,7025269.57494,5116311326,728.272598144,2000000,0.6278700323057512,0.634901113401424,3.517538877976372
353,BMI_18S_05_0419,6559783.66514,3283919546,500.614000954,2000000,0.6893566935973869,0.6932815516624099,3.4812668090592687
354,BMI_Plate88WellH3,6071419.9865,2238298444,368.661441471,2000000,0.6354169296499098,0.6397003851709252,3.527202445700861
355,BMI_Plate41WellE9,8196588.53538,1596844844,194.818226767,2000000,0.5679332110669569,0.6310815326733689,3.54574699401233
356,BMI_Plate42WellB10,6840006.24374,4005979791,585.669025473,2000000,0.6326291085675284,0.6364434790557514,3.5020964922732865
357,BMI_Plate72WellB3,6868710.16606,3120293058,454.276419089,2000000,0.6325722957018804,0.6367122118431375,3.525380495898581
358,BMI_Plate35WellF6,6778262.36101,122152047,18.0211447262,560344,0.6109577696316367,0.6244927706687421,3.516812606557054
359,BMI_Plate35WellG3,7256899.59522,2346032276,323.283000573,2000000,0.6589119545713775,0.6631134840262551,3.49868924533797
360,BMI_Plate81WellC6,6239472.34462,3982854868,638.332001172,2000000,0.7016498122320562,0.7030348416020136,3.4524847053408414
361,BMI_Plate42WellG12,5695039.4548,2730524622,479.456664641,2000000,0.6479654738237984,0.6648351937164126,3.5070536784539588
362,BMI_Plate28WellF8,6432555.22536,2476473785,384.990676059,2000000,0.6316688146365854,0.6412421331576964,3.5222791107195905
363,BMI_Plate10WellA3_mms,6341956.85245,2200972085,347.049362872,2000000,0.7079794333634182,0.7076050239915557,3.4522339818135053
364,BMI_Plate28WellG5,7206580.23388,3039547245,421.773871428,2000000,0.6163438528314598,0.6242451790337781,3.524208167917551
365,BMI_Plate41WellD4,7029587.64733,904041306,128.605168803,2000000,0.6230738905794202,0.6405541737989292,3.527810766294927
366,BMI_Plate41WellE1,8067331.11013,1670521716,207.072412573,2000000,0.5565109798773227,0.6108691230303583,3.557137180264674
367,BMI_Plate28WellH10,7417600.19542,2247988866,303.061476323,2000000,0.5723218661660919,0.5910906554405837,3.5352007983260627
368,BMI_Plate69WellA11,5300441.3893,4781268371,902.050984027,2000000,0.6528667478154462,0.6609304555902559,3.4997414284890134
369,BMI_Plate41WellC5,6505683.92332,6300371514,968.441072185,2000000,0.6300433509767599,0.6465911569975908,3.542641182073061
370,BMI_Plate35WellH4,7451861.00318,1694284451,227.363936375,2000000,0.5818835791906993,0.5972253580075612,3.5437552460504564
371,BMI_Plate67WellA2,6982045.6931,3932430644,563.220410873,2000000,0.6155499329290044,0.6203474300876506,3.5481533188100602
372,BMI_Plate19WellB12_mms,7465836.1799800005,972517300,130.262341224,2000000,0.6153437179906044,0.6194378409289278,3.454728353231517
373,BMI_Plate81WellE5,7583216.79455,2568974659,338.771095249,2000000,0.5780711467433696,0.6035888754584754,3.5583838209321588
374,BMI_Plate28WellH5,7079323.8360399995,1260546680,178.060321747,2000000,0.6289080510042778,0.6340335875608978,3.489939925988859
375,BMI_Plate19WellC8_mms,7849332.798839999,2681986040,341.683313567,2000000,0.6080836520113706,0.6111215909763513,3.518599953250113
376,BMI_Plate35WellG4,7593976.245569999,2902748597,382.243570842,2000000,0.5895224245823001,0.5975378340826295,3.55650696005118
377,BMI_Plate35WellF1,5898037.54321,863410060,146.389380141,2000000,0.7027625997663262,0.7078438510980231,3.4441090947281348
378,BMI_Plate72WellC1,6447242.88605,3675161123,570.036089528,2000000,0.6446037150175608,0.6492962735044391,3.5128629007366325
379,BMI_Plate42WellH8,7458546.3442,4134485099,554.328539128,2000000,0.6000724212511142,0.6068777249653813,3.5294755774736744
380,BMI_Plate19WellC5_mms,7062730.334139999,2112821452,299.150803165,2000000,0.5874053199633996,0.6018936341194696,3.5019040604535516
381,BMI_Plate42WellA3,6247790.97044,6013786145,962.545990007,2000000,0.6034060739818885,0.6199476643881494,3.546238376059304
382,BMI_Plate28WellG11,6707055.035180001,1371685065,204.513763165,2000000,0.6003965510730614,0.6185106589692612,3.5247827098243527
383,BMI_Plate20WellB1,6342902.84905,2718276741,428.55405572,2000000,0.6239372094758356,0.6334903722990805,3.5257023579497786
384,BMI_Plate67WellF4,6251550.45266,2612123791,417.836152932,2000000,0.6164669257699866,0.6185211024059593,3.535399329888582
385,BMI_Plate41WellE6,8148539.93282,1551768353,190.435141239,2000000,0.6018950854640047,0.6292420436673705,3.5251019295276973
386,BMI_Plate41WellD3,7838568.5567,5907070755,753.590494523,2000000,0.6309032994235715,0.6362456947369989,3.509223777862228
387,BMI_Plate28WellF12,5912580.234619999,3181950448,538.166134198,2000000,0.6124146214021913,0.6169911390349907,3.5553286414325287
388,BMI_Plate28WellF7,6243189.82345,2819848213,451.667864143,2000000,0.5921719428377771,0.6024270026309027,3.5644880572147137
389,BMI_Plate28WellG2,6511088.85442,4407500572,676.92219697,2000000,0.6428788722043274,0.6492553993054654,3.5232192885269265
390,BMI_18S_05_0467,6100854.92737,5090232703,834.347442056,2000000,0.6729037395874348,0.6804839615470663,3.487116491056
391,BMI_Plate88WellF12,8201316.98557,2245181936,273.758707284,2000000,0.6403128170607408,0.6444376889621949,3.5061386733062605
392,BMI_Plate61WellB1,6927077.28347,4421444209,638.284232738,2000000,0.6244935387462406,0.6320021978905485,3.538595915936356
393,BMI_Plate35WellH3,7202984.34888,967073684,134.26013957,2000000,0.6644294992846946,0.6867553433957784,3.500354158857668
394,BMI_Plate41WellC2,5972941.03317,8017468147,1342.29822502,2000000,0.6405634468375441,0.6527381847769173,3.5130316498345664
395,BMI_Plate41WellB7,5740209.15808,3889599213,677.605833844,2000000,0.6977243553432968,0.7029043707960162,3.448340127845581
396,BMI_Plate19WellB5_mms,8188647.918039999,1567855896,191.467005505,2000000,0.6313640157907806,0.653429163034172,3.4871344568725213
397,BMI_Plate88WellG3,6358245.94996,1784753779,280.699078495,2000000,0.6378294401853504,0.6453964950341512,3.543237289257734
398,BMI_Plate41WellD10,7403368.617769999,568439637,76.7812149236,2000000,0.5881576129211379,0.5925152051288533,3.5314920596483392
