"","verticalPosition","VSWC_ann_mean","VSWC_ann_var","VSWC_max","VSWC_min","VSWC_median","VSWC_range","VSIC_ann_mean","VSIC_ann_var","VSIC_max","VSIC_min","VSIC_median","VSIC_range","days","siteID","horizon"
"1","501",0.176728152279333,0.077729577501053,0.368024479166667,0.0579822916666667,0.164015625,0.3100421875,1835.1231275687,325.996720599473,3417.77317083333,1451.30352083333,1727.99691336297,1966.46965,334,"OAES","O"
"2","502",0.207711926146512,0.0599324508133848,0.37951801242236,0.123822239583333,0.206092395833333,0.255695772839027,1402.18697812773,61.1006871559391,1638.014953125,1323.1333234375,1382.2913252769,314.8816296875,307,"OAES","M"
"3","503",0.109989130891743,0.0378477474287591,0.286448333333333,0.0613033333333333,0.108507256944444,0.225145,1337.32731365751,84.5706127439996,1828.51369102067,1140.04923138298,1323.72268169952,688.464459637693,349.5,"OAES","NA"
"4","504",0.105274850245327,0.0353717850146105,0.326250721667855,0.0654064244923858,0.0935966666666667,0.260844297175469,2047.23635258547,150.774570170926,2464.62785160664,1605.15695276361,2035.88520732668,859.470898843033,349.5,"OAES","NA"
"5","501",0.0978262585854908,0.0713815284893601,0.318418005952381,0.00772104166666667,0.0805077766719745,0.310696964285714,2415.8759696133,669.623069906431,4066.92591311275,1395.06024322917,2270.95504541056,2671.86566988358,291,"CPER","O"
"6","502",0.145129233999176,0.0569095563352344,0.286230833333333,0.0626,0.132742708333333,0.223630833333333,1992.48894636257,296.575896221204,2789.02314583333,1574.1231875,1913.45662631899,1214.89995833333,318,"CPER","M"
"7","503",0.176276940051676,0.0588898659876923,0.322321354166667,0.0987111111111111,0.149639322916667,0.223610243055556,1783.98950237384,136.162797950768,2583.40415384615,1572.10764171123,1757.51481994048,1011.29651213492,318,"CPER","NA"
"8","504",0.197439015320416,0.0628379698977625,0.34598265625,0.0793724719101124,0.2079484375,0.266610184339888,1842.73533860893,131.604681913915,2182.97214592571,1503.29968958333,1824.81347708333,679.672456342374,292.5,"CPER","NA"
"9","505",0.154313191669875,0.0391108474332647,0.24324609375,0.0902191666666667,0.154610449636968,0.153026927083333,1886.76795664189,213.573640852569,2356.85937082691,1592.81474144657,1851.84045496942,764.044629380348,342.5,"CPER","NA"
"10","506",0.163434881997265,0.0458760505889046,0.237408530701754,0.108789166666667,0.136678385416667,0.128619364035088,1589.65353859743,57.1805682545268,1753.01808267405,1448.71207787698,1571.32650052477,304.306004797066,342.5,"CPER","NA"
"11","507",0.196042621086046,0.0259157215825815,0.2519375,0.143725260416667,0.1891375,0.108212239583333,1691.08304253927,119.467436499586,1925.38589479167,1509.32356770833,1685.08595451389,416.062327083333,342.5,"CPER","NA"
"12","508",0.194024981149855,0.0202605128783207,0.266544444444444,0.148509463568105,0.19367357834315,0.11803498087634,1666.12102197795,179.956022482468,2689.42607986682,1476.199378259,1617.7406105235,1213.22670160783,342.5,"CPER","NA"
"13","502",0.193077422342486,0.0655483317444781,0.310502617821473,0.0869135416666667,0.207184109042553,0.223589076154806,1021.4577092499,173.696380351679,1539.53722247567,714.80714893617,1115.94371387579,824.730073539499,335,"DEJU","M"
"14","503",0.0961360355245453,0.0400875749869562,0.257828645833333,0,0.1132978125,0.257828645833333,1009.22520697459,159.558161514184,1272.10291428571,487.895,1062.53196041667,784.207914285714,300,"DEJU","NA"
"15","504",0.121588339414711,0.0617350417513296,0.297548787548727,0.007425,0.119512825217997,0.290123787548727,997.090379031256,179.64440787093,1385.21005882353,408.3495,989.910127264513,976.860558823529,256.5,"DEJU","NA"
"16","505",0.11990363843961,0.0800828691282576,0.342919919217687,0.00235,0.103120550986842,0.340569919217687,1055.16421002267,194.072290436188,1840.90900347222,437.50471875,1069.62321959698,1403.40428472222,262.5,"DEJU","NA"
"17","506",0.195309320285969,0.121525221142764,0.399428947368421,0.0443,0.16137356678487,0.355128947368421,1150.71219871264,160.98596668722,1592.598,742.768,1193.04242226678,849.83,266,"DEJU","NA"
"18","501",0.169638521266991,0.0405251456852281,0.24439792532779,0.0681140923659674,0.171713098516949,0.176283832961823,1191.08458979795,52.9847492416981,1497.85306189694,1086.472921875,1187.53312708333,411.380140021944,345.5,"GRSM","O"
"19","502",0.176930335563186,0.0282198780379062,0.231246727924697,0.108597916666667,0.175984664992011,0.122648811258031,1214.22313331319,32.5846451087334,1355.97074668962,1139.62627074468,1214.60843343358,216.344475944938,345.5,"GRSM","M"
"20","503",0.194233813741264,0.0240073540948616,0.254177984913793,0.126904513888889,0.188000347222222,0.127273471024904,1218.31193729512,49.3348303291581,1305.61528125,1095.73554253472,1224.22023307292,209.879738715278,345.5,"GRSM","NA"
"21","504",0.0713716127867373,0.0284408904838051,0.164957291666667,0.0327072916666667,0.0731207589285714,0.13225,1436.06857277782,153.806782183236,1754.8029375,1081.42889583333,1453.01159375,673.374041666667,340.5,"GRSM","NA"
"22","505",0.142483646372376,0.0522346132062642,0.278992329545455,0.0661416666666667,0.144247033514493,0.212850662878788,1174.52174843114,115.455769711641,1398.61415625,829.752232142857,1215.06699612145,568.861924107143,345.5,"GRSM","NA"
"23","506",0.091309681927017,0.033267558894792,0.145173958333333,0.0470229166666667,0.0974036458333333,0.0981510416666667,1426.22772336791,77.0636844867496,1610.36320687984,1260.28160615171,1434.672015625,350.081600728134,345.5,"GRSM","NA"
"24","507",0.0508692065870285,0.00674718739654577,0.0773104166666667,0.0355604166666667,0.0519604166666667,0.04175,1194.56503326833,54.5441267397426,1285.96132291667,1059.58080208333,1203.59482291667,226.380520833333,345,"GRSM","NA"
"25","508",0.0171059357554818,0.0184867196458248,0.266216666666667,0.0119291666666667,0.0163041666666667,0.2542875,797.804802740571,91.2660502563436,1434.30758333333,676.646880952381,768.9383125,757.660702380952,299,"GRSM","NA"
"26","501",0.145055152743657,0.0893245586291342,0.396721052631579,0.00661666666666667,0.1096,0.390104385964912,1627.32145090467,251.940477493351,2387.847675,1190.753,1577.01795152311,1197.094675,284,"WOOD","O"
"27","502",0.166668553968964,0.0876132452441342,0.3495625,0.0168,0.12906875,0.3327625,1649.48950335783,275.333650585549,3598.07053896104,894.53,1632.51553125,2703.54053896104,302,"WOOD","M"
"28","503",0.110305851760719,0.0366303735297944,0.183110416666667,0.01695,0.113333333333333,0.166160416666667,1634.13275989327,219.961207644924,2310.0071125,868.726166666667,1611.41264872788,1441.28094583333,286.5,"WOOD","NA"
"29","504",0.0805943754827432,0.0465961560687621,0.218725112612613,0.00055,0.0706430989583333,0.218175112612613,1267.01454917594,187.869929386571,1876.86571428571,348.7865,1262.74459988547,1528.07921428571,294.5,"WOOD","NA"
"30","505",0.0962809531865714,0.0307329533280501,0.167235763888889,0.0104166666666667,0.0959995476598174,0.156819097222222,1286.94776713829,163.294827410255,1724.22798268398,557.8605,1313.4898410859,1166.36748268398,298.5,"WOOD","NA"
"31","506",0.107297854035163,0.0492813984971835,0.205909722222222,0.0345828125,0.0907588020833333,0.171326909722222,1434.34775720842,112.542963860873,1661.2883359375,1172.75134841785,1446.98001916389,488.536987519654,349,"WOOD","NA"
"32","507",0.0878063283950175,0.0311374686328888,0.149549652777778,0.0471310704110704,0.0744490120646483,0.102418582366707,1639.023840853,127.426940993636,1888.21869103721,1395.86901303657,1643.25339632263,492.349678000644,349,"WOOD","NA"
"33","508",0.114218819674068,0.0461334724069691,0.200347692457665,0.0617599126514511,0.0850534854529532,0.138587779806214,1385.16710301365,77.9271444947917,1555.55351045631,1213.77409417604,1397.34420833333,341.779416280273,349,"WOOD","NA"
"34","501",0.130740082060459,0.0541807744663867,0.216439368872549,0.0356375,0.133259270833333,0.180801868872549,1274.42232038671,81.1573826659971,1453.18720138889,1137.60352531028,1260.30345425347,315.583676078605,342.5,"JERC","O"
"35","502",0.0991051259342423,0.0435979263428811,0.179942289361702,0.0225323643410853,0.1097109375,0.157409925020617,1245.50535008843,108.255250075628,1473.26698096348,1018.63919812956,1237.24847569444,454.627782833919,342.5,"JERC","M"
"36","503",0.109625550397124,0.0466320898636684,0.205659047619048,0.0309225694444444,0.115483506944444,0.174736478174603,1283.85248776164,86.6581868880381,1592.69899411232,1096.87252759197,1274.895775,495.826466520346,342.5,"JERC","NA"
"37","504",0.104616058025258,0.0429625451167471,0.192104282215784,0.0388524305555556,0.102460633680556,0.153251851660228,1239.03209943448,69.1573064362341,1444.74284604851,1102.65931008107,1248.2102000591,342.083535967446,342.5,"JERC","NA"
"38","505",0.0640697116698636,0.025273062235753,0.115306510416667,0.0282475694444444,0.0668990141369048,0.0870589409722222,1149.58453456674,46.9590957835959,1269.99028125,1030.5052077152,1145.66279187207,239.485073534799,342.5,"JERC","NA"
"39","506",0.0623592693599083,0.0214827089322005,0.108302304388422,0.0312732638888889,0.063294537399773,0.0770290404995331,1264.55345259915,56.1278464952402,1590.75228853524,1149.13118624962,1259.83950530723,441.621102285616,342,"JERC","NA"
"40","507",0.0690561697432544,0.0297519777182814,0.1346046875,0.0299618055555556,0.0765975977585079,0.104642881944444,1166.59042420618,49.7284167101497,1286.39274475154,1087.51925396127,1168.66789900362,198.873490790273,342.5,"JERC","NA"
"41","508",0.0928636409916268,0.0498755289749658,0.237384161793372,0.0235192653508772,0.111698949579832,0.213864896442495,1092.29947871282,111.694813072005,2058.27644874031,1003.93607160328,1058.85560889292,1054.34037713703,342.5,"JERC","NA"
"42","501",0.208935127329976,0.0600489321067101,0.305905686936937,0.0690022073970037,0.233281530987395,0.236903479539933,1331.32776542859,82.038165318232,1679.95389792863,1176.09014264849,1322.09838472514,503.863755280137,349,"MLBS","O"
"43","502",0.179438684620228,0.0374415464150227,0.289502993782879,0.111601458333333,0.185888020833333,0.177901535449546,1172.816191446,61.3237404876648,1774.51415560772,1066.36235052083,1167.53765845404,708.151805086884,349,"MLBS","M"
"44","503",0.132135061653315,0.041443979874114,0.297728624295113,0.0685099038461539,0.133601973064854,0.229218720448959,1157.43070957443,154.399005682614,2062.55177529412,962.792411560191,1104.74059203586,1099.75936373393,349,"MLBS","NA"
"45","504",0.132850302751407,0.0501550820199446,0.33444921875,0.0512823401162791,0.125108726498984,0.283166878633721,1107.3162451047,162.970232573786,2091.16098397381,845.720597098257,1078.49705868554,1245.44038687556,349,"MLBS","NA"
"46","505",0.141436587179204,0.0603549473438529,0.366073860047998,0.0460718487394958,0.13624317485119,0.320002011308502,1086.89092541526,118.655948958443,1570.23069854651,898.34643442029,1066.52941386125,671.884264126222,349,"MLBS","NA"
"47","506",0.219450991245958,0.0898823150573533,0.360018256578947,0.0367964409722222,0.231773025444042,0.323221815606725,1173.87902433634,148.914698473487,1832.21310485495,985.925510231433,1140.36672730131,846.287594623512,349,"MLBS","NA"
"48","507",0.252124790226613,0.120007082948411,0.372413020833333,0.0412173076923077,0.304396468288656,0.331195713141026,1179.29878717415,131.599808518162,2034.44752536232,965.66096031746,1170.38498571047,1068.78656504486,349,"MLBS","NA"
"49","508",0.295982445347135,0.0576593629665446,0.343976116071429,0.1207984375,0.318046101400067,0.223177678571429,1113.47817562763,122.523764320869,1692.85107291667,853.551649803322,1140.60313664465,839.299423113345,349,"MLBS","NA"
"50","501",0.0605316373893564,0.0505121321715645,0.252175694444444,0.0053,0.0476825731497418,0.246875694444444,1133.80206060506,372.787372044828,3241.29801136364,262.71025,1130.30592834341,2978.58776136364,303,"TOOL","O"
"51","503",0.178821791366077,0.100807720168617,0.374253741496599,0.0270204545454545,0.161352337962963,0.347233286951144,1348.68442525922,125.938289960388,1582.94243345274,899.278964285714,1386.49488399831,683.663469167028,276,"TOOL","NA"
"52","504",0.130266397859126,0.0918623722182899,0.326533333333333,0.0262,0.0832299591836735,0.300333333333333,1253.59211814754,109.450808961669,1681.74910416667,1042.45763636364,1227.73716666667,639.29146780303,274,"TOOL","NA"
"53","506",0.210554685405041,0.134513685575694,0.381751041666667,0.0529208333333333,0.196888888888889,0.328830208333333,1313.25032046207,116.150946787719,1505.80346875,1040.35712962963,1287.74078846154,465.446339120371,307,"TOOL","NA"
"54","501",0.176315811752907,0.0693496464385819,0.364487467105263,0.0322071875,0.174967708333333,0.332280279605263,1896.00251802182,308.469237168031,2894.49799861111,1249.23152552083,1834.44716395168,1645.26647309028,339,"KONA","O"
"55","502",0.234497355079578,0.0618589754948995,0.367902856714628,0.101576105442177,0.248224692730126,0.266326751272451,1498.7821641093,85.5184318960179,1808.35521041667,1375.63539375,1477.47502227386,432.719816666667,340,"KONA","M"
"56","503",0.266227644696617,0.056846215085204,0.375305104166667,0.14911,0.28318541968599,0.226195104166667,1432.39159252376,34.3703724197615,1559.87775707547,1333.84786875,1433.04511407753,226.029888325472,340.5,"KONA","NA"
"57","504",0.176067996272928,0.0739702844775981,0.366569791666667,0.0303909722222222,0.197111273734177,0.336178819444444,1356.57554840046,53.5601457248767,1581.917890625,1275.41955208333,1341.56150440416,306.498338541666,334,"KONA","NA"
"58","505",0.283046306216644,0.0731670198484964,0.389904166666667,0.122855416666667,0.30211699960712,0.26704875,1391.81737956128,75.0593595555451,1601.44983189655,1255.46021848739,1366.34981017044,345.989613409157,334,"KONA","NA"
"59","506",0.311938145807102,0.0582807118176127,0.376762146892655,0.166074025974026,0.326570223367698,0.210688120918629,1428.81344358553,59.8578382159821,1645.83941201717,1309.70121818182,1407.72456733474,336.138193835349,334,"KONA","NA"
"60","507",0.294923513631721,0.034722829793129,0.343203645833333,0.205922916666667,0.299284282309322,0.137280729166667,1418.27702467192,52.0698231062129,1516.87632773109,1358.63948958333,1396.27659228254,158.236838147759,334,"KONA","NA"
"61","508",0.227831480593108,0.0172986264423143,0.274276215277778,0.157604513888889,0.229795077764376,0.116671701388889,1405.06257227164,75.7866850064868,1911.6560073605,1294.41077588378,1386.3916043512,617.245231476715,342,"KONA","NA"
"62","501",0.180622811365979,0.0807483365792562,0.365806163194444,0.0464079861111111,0.165680380703846,0.319398177083333,2241.33245200863,472.645558992269,3499.58842123227,1524.24210625,2069.91847389319,1975.34631498227,339,"STER","O"
"63","502",0.251536402347111,0.0516432175572562,0.372676041666667,0.1415,0.265061764705882,0.231176041666667,1619.51122398509,133.072742849961,2050.86398369565,1342.703,1574.4161,708.160983695652,321,"STER","M"
"64","503",0.227033435619654,0.0611974712760565,0.337975,0.103333333333333,0.234124791666667,0.234641666666667,1533.3848459128,52.0375021091138,1946.406,1394.5015,1524.04299791667,551.9045,326,"STER","NA"
"65","504",0.0999587862100073,0.0387059991467955,0.1817484375,0.0365141666666667,0.0982375,0.145234270833333,1488.26523666254,52.6867663948195,1587.09597083333,1337.91965463362,1487.66998177083,249.176316199713,346,"STER","NA"
"66","505",0.106108243337825,0.03024003111195,0.167551388888889,0.0561497916666667,0.10566984375,0.111401597222222,1744.30964883222,102.461682309009,1904.46053958333,1460.93272175732,1772.95816666667,443.527817826011,348,"STER","NA"
"67","506",0.117774788558058,0.0143559561433346,0.178565241666667,0.0843925347222222,0.116936805555556,0.0941727069444444,2443.91605148966,431.99234891747,3088.25806145833,1810.047925,2693.1010015625,1278.21013645833,348,"STER","NA"
"68","507",0.178745486122662,0.0347898626883707,0.26302641590389,0.116871838061466,0.168905696341036,0.146154577842424,2641.9216780543,757.970292179705,3978.96638027108,1529.20889811256,3004.08781608496,2449.75748215852,348,"STER","NA"
"69","508",0.145773077902276,0.0249165481956687,0.190674979166667,0.0924467555147059,0.147720981240981,0.0982282236519608,2144.68041580696,363.685692935351,2701.53716875,1610.2395998245,2323.71841492616,1091.2975689255,348,"STER","NA"
"70","501",0.100029711467199,0.0452705474108011,0.211565727459016,0.01724265625,0.1012053125,0.194323071209016,1008.82826644615,112.244262057844,1154.96038541667,699.053544597716,1048.91438125,455.90684081895,348.5,"OSBS","O"
"71","502",0.102359601756218,0.0392420542298923,0.192485328014184,0.0257608198221757,0.108574166666667,0.166724508192009,945.045898099325,101.510305999842,1216.82700287162,678.385436919181,970.36135625,538.441565952441,348.5,"OSBS","M"
"72","503",0.0880333737812016,0.0358882972900122,0.166136537447257,0.0230730257417103,0.0976597135416667,0.143063511705547,885.026652822647,86.8893530738953,1006.3081484375,658.796644168008,910.0657734375,347.511504269492,348.5,"OSBS","NA"
"73","504",0.137015507199448,0.059163190781273,0.221090625,0.0321434755927476,0.162507578125,0.188947149407252,883.378475104678,75.6193452611826,1007.9820021164,693.344921450272,908.644298321979,314.63708066613,348.5,"OSBS","NA"
"74","505",0.115957323967446,0.0487225471108306,0.185676982743205,0.0298908919543236,0.135446052631579,0.155786090788881,848.557587873679,70.5047591172562,978.02528265056,702.818915744536,862.820241682489,275.206366906025,348.5,"OSBS","NA"
"75","506",0.108555674449783,0.0444661432190634,0.178152152317881,0.0258038201708508,0.127061180555556,0.15234833214703,769.139494147021,58.5036756687005,886.8233625,651.643325150027,779.300836045811,235.180037349973,348.5,"OSBS","NA"
"76","507",0.142124929233736,0.0661503262005126,0.235104851190476,0.0374039977477477,0.164789791666667,0.197700853442728,799.677502965442,70.4254089105182,972.27724957188,665.646007090336,792.195617826548,306.631242481544,315.5,"OSBS","NA"
"77","508",0.108706498739645,0.0443150077794581,0.233357467105263,0.0279787316849817,0.121576028462441,0.205378735420281,750.168352408527,63.352784725624,894.166950520833,607.558535784314,751.280541112093,286.60841473652,348,"OSBS","NA"
"78","501",0.217513244679744,0.0970941977881628,0.379994262295082,0.0551191489361702,0.22427625,0.324875113358912,1621.86949649945,216.02589096228,2626.83619148936,1455.78266666667,1535.30049305556,1171.05352482269,331,"LENO","O"
"79","502",0.2179905194247,0.0797785760616282,0.37812311827957,0.091771875,0.215438541666667,0.28635124327957,1415.34163501095,52.6782031705335,1595.43310502283,1307.00625,1406.89871945701,288.426855022831,331,"LENO","M"
"80","503",0.26582402007798,0.0694992744811416,0.388713368983957,0.154720833333333,0.269107638888889,0.233992535650624,1486.79918750971,71.398311669356,1703.80697083333,1412.27911111111,1465.91334722222,291.527859722222,331,"LENO","NA"
"81","504",0.300486895004492,0.0657096542641472,0.386079679144385,0.171979166666667,0.320227777777778,0.214100512477718,1591.24444604034,217.197197870385,3175.46048913043,1400.20665972222,1535.18442608696,1775.25382940821,331,"LENO","NA"
"82","505",0.288245251302236,0.0575005779142538,0.375455555555556,0.1910625,0.296793055555556,0.184393055555556,1491.9405888018,90.6964266735276,1664.16994791667,1391.63279166667,1449.02241489362,272.53715625,331,"LENO","NA"
"83","506",0.264487486837863,0.0639766847514907,0.378132638888889,0.149849253731343,0.262190972222222,0.228283385157546,1504.03626328012,118.777817018138,1723.98795833333,1368.38158914729,1460.22059027778,355.606369186047,331,"LENO","NA"
"84","507",0.289625700038815,0.0610150857338843,0.36644375,0.187465625,0.2974125,0.178978125,1573.33672655542,145.207554820591,1899.85172340426,1425.11592708333,1494.06622916667,474.735796320922,331,"LENO","NA"
"85","508",0.288381668570044,0.0722107755808649,0.386588541666667,0.178973958333333,0.288533333333333,0.207614583333333,1665.80556513225,301.209543147659,3359.01672527473,1307.38739583333,1522.34042748092,2051.62932944139,331,"LENO","NA"
"86","501",0.233543869539843,0.0653273351770685,0.327743125,0.0995925,0.247196167996454,0.228150625,1678.57567918024,213.14252213868,2428.81912916667,1474.95490160256,1576.32472083333,953.864227564103,343.5,"UKFS","O"
"87","502",0.251491744372441,0.0501842830459051,0.334450960365854,0.0989583333333333,0.273834791666667,0.23549262703252,1447.03569382352,56.911390854125,1809.24593137692,1340.51806638418,1443.30228793705,468.72786499274,349.5,"UKFS","M"
"88","503",0.257735581975426,0.0483692217497661,0.350569911504425,0.169051458333333,0.274321639492754,0.181518453171091,1493.93091674201,94.0501258705562,2423.94626428571,1403.71706458333,1473.10999922821,1020.22919970238,331.5,"UKFS","NA"
"89","504",0.252331182983422,0.0576670278037902,0.3441703125,0.152921875,0.26865078125,0.1912484375,1461.73557337749,64.9656730456005,1774.29938172993,1385.87261053484,1435.53647027418,388.426771195091,348,"UKFS","NA"
"90","505",0.259531789561987,0.0488734708528577,0.329794593867671,0.1609346875,0.276946614583333,0.168859906367671,1561.82298976268,139.988331882833,2268.91384322034,1351.01248697246,1504.96987248445,917.901356247878,349,"UKFS","NA"
"91","506",0.288730632544763,0.0401227274777619,0.348320833333333,0.206728958333333,0.294962890625,0.141591875,1847.12407677816,145.750459881834,2529.56372553932,1513.21848132184,1857.07527515225,1016.34524421748,346.5,"UKFS","NA"
"92","507",0.22345966720447,0.0648113961546015,0.348101388888889,0.0930585774058577,0.24742734375,0.255042811483031,1885.07341408836,362.834151786744,3224.06086432161,1426.90272277228,1759.86566404074,1797.15814154933,334,"UKFS","NA"
"93","508",0.263411709295378,0.0323073349664328,0.324549402101466,0.155247218245228,0.273117048611111,0.169302183856239,1696.8476126489,91.2318035019046,2087.41774412794,1519.5810809457,1694.83565590566,567.836663182234,349.5,"UKFS","NA"
"94","501",0.205542150274565,0.100053016302799,0.377865364583333,0.047421875,0.187989270833333,0.330443489583333,1194.59534255838,97.05771365861,1662.48028730823,952.985708865248,1188.15182415534,709.49457844298,303,"DSNY","O"
"95","502",0.203223120300601,0.102058102216673,0.376482916666667,0.00851833333333333,0.186208037622388,0.367964583333333,1082.98018145702,95.8422168647146,1243.88482003199,836.296646888186,1066.76423958333,407.588173143806,300.5,"DSNY","M"
"96","503",0.169987855111446,0.118057611544583,0.349159217877095,0.0177025,0.128934791666667,0.331456717877095,1070.39455713867,141.279812786474,1249.56346111111,669.611367256637,1065.11687663288,579.952093854474,334,"DSNY","NA"
"97","504",0.184834190908097,0.0979582453695996,0.306590950226244,0.0337316666666667,0.18400539893617,0.272859283559578,1099.00998285948,56.7936762821683,1179.46717837838,992.228969827586,1102.07319841102,187.238208550792,334,"DSNY","NA"
"98","505",0.23237223550119,0.0813196572008981,0.327728078817734,0.0885370833333333,0.2696,0.239190995484401,1168.82289622237,34.7411815047421,1517.98322362869,1103.95412916667,1172.21571875,414.029094462025,334,"DSNY","NA"
"99","506",0.273147612979912,0.00622564011306581,0.284997916666667,0.249129487179487,0.27461342594724,0.0358684294871795,1134.19117857892,69.0681792046596,1682.47559111111,1080.5263625,1123.42052708333,601.949228611111,334,"DSNY","NA"
"100","507",0.300086735115311,0.00291343614761882,0.310508333333333,0.289021465968586,0.299877834302326,0.0214868673647469,1167.80587645235,12.2135634308533,1194.16403157895,1148.60296666667,1163.93704504045,45.5610649122807,334,"DSNY","NA"
"101","508",0.321666285256684,0.00256356468473243,0.331404166666667,0.310771328671329,0.321437663908188,0.020632837995338,1182.77067011772,10.9503862621852,1209.38163157895,1163.8408625,1180.72326584789,45.5407690789475,334,"DSNY","NA"
"102","501",0.296034302888684,0.0406588282740081,0.370645767195767,0.111633072916667,0.301489800347222,0.259012694279101,1537.22732044322,106.557731735099,1803.77336041667,1314.7250923682,1523.50601042299,489.048268048469,317,"SCBI","O"
"103","502",0.258692113860197,0.0438422955677133,0.373531597222222,0.121683680555556,0.25935192917864,0.251847916666667,1374.11647498264,87.5130692476805,1893.66390146199,1263.18428694737,1359.24045983212,630.47961451462,305,"SCBI","M"
"104","503",0.225951890009951,0.0356529250972343,0.323385069444444,0.135129977984344,0.223845520833333,0.1882550914601,1432.43845249675,79.1637578773393,1804.56351439394,1233.64961954114,1429.0972382174,570.9138948528,330.5,"SCBI","NA"
"105","504",0.250108426513619,0.0421210021050261,0.370131944444444,0.16351234375,0.24567153125,0.206619600694444,1572.18067744238,296.827176043064,3988.25949361511,1283.44750347222,1526.58990320618,2704.81199014289,330.5,"SCBI","NA"
"106","505",0.277247282638243,0.046150925861425,0.381282291666667,0.164900605842912,0.28473671875,0.216381685823755,1624.74635996161,390.886421904208,3807.10838627451,1345.54911967292,1499.36109957627,2461.55926660159,300.5,"SCBI","NA"
"107","506",0.309292040339481,0.0333787792813269,0.374049324324324,0.239553125,0.300357776162791,0.134496199324324,1651.83693874515,347.417564474562,3645.96693370166,955.624411458333,1534.63188580247,2690.34252224332,322,"SCBI","NA"
"108","507",0.322955462609318,0.0392445256304002,0.390684183673469,0.210179947916667,0.33103930372807,0.180504235756803,1767.8639562443,248.045970083169,3062.26563455497,1369.14152317177,1659.28645208862,1693.12411138321,291,"SCBI","NA"
"109","508",0.342327514161963,0.0267018196928306,0.394279166666667,0.249866666666667,0.346802083333333,0.1444125,1978.12683911126,330.423273685292,3080.00202521008,1562.35523611111,1884.92407908153,1517.64678909897,322,"SCBI","NA"
"110","501",0.11795896738734,0.0656812597056979,0.256896706081081,0.0291963541666667,0.101999221184653,0.227700351914414,2011.76581304921,445.393452364883,3106.56384010417,1383.1727286798,1868.23297135417,1723.39111142436,349,"ONAQ","O"
"111","502",0.166345691780258,0.0504525966318246,0.273875479166667,0.05043203125,0.16051939525463,0.223443447916667,2199.00905142642,277.446985048165,2791.21703645833,1576.38655855175,2220.98204622883,1214.83047790659,349,"ONAQ","M"
"112","503",0.166384975486879,0.046062687099642,0.25366375,0.0660600408548083,0.167769680669399,0.187603709145192,2265.55953759339,271.459885207635,2943.00074608452,1740.74966875,2318.52538046025,1202.25107733452,349,"ONAQ","NA"
"113","504",0.178009431316609,0.0384788401262721,0.247571041666667,0.0652815104166667,0.179827473958333,0.18228953125,2415.38783702603,222.627125127602,3147.58448326715,2076.37951041667,2380.01416784438,1071.20497285048,349,"ONAQ","NA"
"114","505",0.187149993686977,0.0310962343655789,0.254907604166667,0.112348766163793,0.190299371245839,0.142558838002874,1717.74495474441,75.6594079832222,2138.76803418541,1591.70074332751,1714.62677054634,547.067290857903,349,"ONAQ","NA"
"115","506",0.128922615410574,0.0254171290898551,0.221249652777778,0.0734728622631848,0.129368923611111,0.147776790514593,1678.13677817763,111.638353464962,2424.16308374493,1396.70651503011,1702.19727171562,1027.45656871483,349,"ONAQ","NA"
"116","507",0.17006616592514,0.0387806038728398,0.250317708333333,0.078878125,0.17850284841954,0.171439583333333,1486.87531936401,56.8427719309223,2133.82594312057,1361.85760416667,1485.84291145833,771.968338953901,348.5,"ONAQ","NA"
"117","508",0.188783245521181,0.0383738094993788,0.26908985745614,0.0675020833333333,0.196795138888889,0.201587774122807,1402.50342297401,42.0294969726332,1533.44558956345,1263.2742752193,1415.05602853749,270.171314344152,348,"ONAQ","NA"
"118","501",0.124759881012683,0.0368686472540362,0.209294471153846,0.0666967948717949,0.131941517857143,0.142597676282051,1132.54000530122,99.9847069115703,1736.38031262626,990.353465277778,1096.70611565778,746.026847348485,311.5,"BART","O"
"119","502",0.130760225090989,0.0642326290696582,0.285011113886114,0.0477217757936508,0.130068229166667,0.237289338092463,1156.57872747878,136.533143401245,2159.8449816343,977.356005208333,1140.34258506944,1182.48897642597,310.5,"BART","M"
"120","503",0.173193448589243,0.0439119692549022,0.290213888888889,0.0922229166666667,0.158448871527778,0.197990972222222,1113.60499153986,36.3319756742794,1241.98386319631,999.138557894737,1109.91694097222,242.845305301575,311,"BART","NA"
"121","504",0.199903341064192,0.0577828470400857,0.355492708333333,0.101361882648601,0.198228479770531,0.254130825684732,1223.8633270542,331.286952671684,2666.03823,896.615387839147,1063.50963163565,1769.42284216085,311.5,"BART","NA"
"122","505",0.20251755650798,0.019505801655795,0.240229861111111,0.139291145833333,0.206240023474178,0.100938715277778,1158.99122599611,201.687238101488,2218.23526219512,884.643109375,1081.25728657222,1333.59215282012,270,"BART","NA"
"123","506",0.226582565045651,0.0157242151395511,0.290664705882353,0.150163020833333,0.226838304093567,0.14050168504902,1148.95732328428,189.498479403499,3609.55292173913,1010.29266666667,1128.33340057292,2599.26025507246,268,"BART","NA"
"124","507",0.245627704784287,0.00946130946405625,0.272534306569343,0.1773375,0.246085350318471,0.0951968065693431,1843.9936294299,781.732412125418,3854.55350310559,716.5101625,1626.49162745098,3138.04334060559,269,"BART","NA"
"125","508",0.264762227979186,0.00842017935363528,0.2873,0.237665573770492,0.265898958333333,0.0496344262295082,1242.03397216242,287.278760698451,3070.26433714286,1079.86581132075,1152.771296875,1990.3985258221,269,"BART","NA"
"126","501",0.0983769536064126,0.0339741112531225,0.178015451027951,0.0380956805139721,0.0960293783295282,0.139919770513979,1084.62233920619,66.1856476289581,1243.30620616776,926.392909547641,1088.70201536458,316.913296620122,347.5,"TALL","O"
"127","502",0.0707165086721813,0.0222093711673197,0.124388958333333,0.0123753720238095,0.074120436698718,0.112013586309524,870.435251629318,75.2695043496464,1027.9497805383,694.239622023809,878.618392480159,333.710158514493,347.5,"TALL","M"
"128","503",0.0880291634106717,0.0284016811788541,0.16115369047619,0.0181783482142857,0.089653438688529,0.142975342261905,1033.40096820273,42.943437466749,1120.08097219317,924.589017080745,1039.94161517023,195.491955112421,347.5,"TALL","NA"
"129","504",0.0939242366740018,0.0210365469943778,0.159850921658986,0.0557791666666667,0.0915711247514894,0.10407175499232,1077.85902760377,92.1416508594354,1321.92226066761,883.726821134868,1093.46971532312,438.195439532743,347.5,"TALL","NA"
"130","505",0.0850554155669375,0.0181151829483476,0.14111640625,0.0528549224213287,0.0842115972222222,0.0882614838286713,1141.99893768787,62.4880729594183,1625.15100979277,1023.50802568922,1145.23920208075,601.642984103544,347.5,"TALL","NA"
"131","506",0.0832592679521812,0.0156168949983539,0.15241703125,0.0496234375,0.0822911284722222,0.10279359375,1124.92705225231,40.5149268802893,1199.02913278708,1005.22107837924,1129.41614809028,193.808054407834,347.5,"TALL","NA"
"132","507",0.176708259312818,0.0422157462107303,0.351328282828283,0.0811254044769504,0.168279574519299,0.270202878351332,1157.92738432805,31.5521934148414,1247.3467110119,1078.88977517361,1157.91673645594,168.456935838294,347.5,"TALL","NA"
"133","508",0.209325838185322,0.0305273273957907,0.33593125,0.142697960992908,0.202370231235225,0.193233289007092,1195.2277978841,33.0574957739679,1253.7998751935,1122.9411740359,1202.03830795634,130.858701157594,347.5,"TALL","NA"
"134","501",0.0569525856608778,0.0262089272734497,0.12934375,0.0259565104166667,0.0528762495641562,0.103387239583333,1875.43018238006,397.063696519986,2669.95275625,1032.75354415969,1906.5863400802,1637.19921209031,346.5,"SRER","O"
"135","502",0.0687501070070653,0.0275902070075789,0.14390625,0.0353513020833333,0.0598140625,0.108554947916667,1563.13377470704,176.560891515259,1875.89361979167,1228.89010520833,1564.23302395833,647.003514583333,346.5,"SRER","M"
"136","503",0.062063523440444,0.0242410975168577,0.139893333333333,0.0343000958856346,0.0517614544486387,0.105593237447699,1296.33245639674,126.682866162802,1847.4578929878,1028.92924713164,1300.85104367885,818.528645856162,346.5,"SRER","NA"
"137","504",0.0683858837302536,0.0177927940109998,0.114899739583333,0.0350082828825881,0.0660914780246401,0.0798914567007453,1389.97807043478,97.4210657507143,1754.478105879,1128.43506666667,1397.54843830697,626.043039212329,346.5,"SRER","NA"
"138","505",0.071874239582665,0.0244415517861833,0.1217953125,0.0283147360126084,0.0773546978851666,0.0934805764873917,1124.13093122111,86.8482407483721,1567.00145454545,943.487386919532,1101.72812803136,623.514067625923,346.5,"SRER","NA"
"139","506",0.0748002782857898,0.0264124666697991,0.124840104166667,0.0307897569444444,0.0768452256944444,0.0940503472222222,1441.55304669179,189.432536770047,2356.70571222222,1096.0089129331,1468.9069038257,1260.69679928912,346.5,"SRER","NA"
"140","507",0.0449522213081031,0.00942823516409253,0.0757808823529412,0.0293452260763936,0.0448072303921569,0.0464356562765476,1639.69978256927,78.1180018111513,2006.21935461523,1460.2316458663,1657.37387752388,545.987708748934,346.5,"SRER","NA"
"141","508",0.0776665213500362,0.013574215492367,0.114452083333333,0.0448091568499127,0.0794562313088729,0.0696429264834206,1630.24790785517,86.657868839402,1933.08987930556,1477.80818344298,1638.51254099904,455.281695862573,345.5,"SRER","NA"
"142","501",0.120308586560535,0.0332877924136439,0.18664625,0.0534439189189189,0.124146553030303,0.133202331081081,1209.24425809444,115.472256310863,1957.17573090278,808.328413020833,1192.96282779665,1148.84731788194,347.5,"ORNL","O"
"143","502",0.0928574649437879,0.0242887208603035,0.146386458333333,0.0415826388888889,0.09490703125,0.104803819444444,1032.90207873008,206.522963327491,2981.23212931035,824.204736169224,1008.36092230308,2157.02739314112,347.5,"ORNL","M"
"144","503",0.0911632095104737,0.0272978308635225,0.154823529088712,0.0411204268292683,0.0878339637027491,0.113703102259444,1212.64218844452,433.515664406012,4165.60593078451,818.889898432175,1092.62194194525,3346.71603235233,347.5,"ORNL","NA"
"145","504",0.196872667281755,0.0531082860800561,0.302215236549165,0.0815604439831002,0.198501692708333,0.220654792566065,934.047355441811,140.941455183332,2012.85198912796,757.482710539216,934.795079968944,1255.36927858874,347.5,"ORNL","NA"
"146","505",0.226681115841918,0.0422022086605221,0.334924113175676,0.133171346196496,0.225954655934343,0.20175276697918,1291.41136821011,307.271381364636,5383.27293977167,1071.28073611111,1263.0320258199,4311.99220366056,347.5,"ORNL","NA"
"147","506",0.153602851554476,0.0554930752209648,0.337078125,0.0363239583333333,0.153037636612022,0.300754166666667,1369.16094832276,116.543491375625,2085.30104846316,1215.70594180373,1333.90109407446,869.595106659437,347,"ORNL","NA"
"148","507",0.251109007306746,0.0438490887691407,0.354880520889854,0.148043230694037,0.260975347222222,0.206837290195816,1343.55909654323,210.554967249972,2774.34177496484,1130.58745478723,1271.82777398459,1643.7543201776,347.5,"ORNL","NA"
"149","508",0.265519110095764,0.0541612238473204,0.377446875,0.169884512296214,0.255911805555556,0.207562362703786,1384.82428452734,80.3848606747803,1720.38321107456,1073.26552777778,1385.08004221014,647.117683296784,346,"ORNL","NA"
"150","501",0.231269551661201,0.075153350271815,0.371757857142857,0.0948513888888889,0.215703645833333,0.276906468253968,1415.38516773436,44.9370257449968,1588.22099285714,1274.57791666667,1412.92025416667,313.643076190476,293,"DELA","O"
"151","502",0.219436791384528,0.062324728328474,0.38056380952381,0,0.200778125,0.38056380952381,1341.57481252643,57.0057249919673,2020.46825,1300.03565277778,1331.89204166667,720.432597222222,289,"DELA","M"
"152","503",0.193450915568806,0.0829523346356997,0.373732638888889,0.0862770833333333,0.137466666666667,0.287455555555556,1282.07781558513,53.3230380383512,1490.48027338129,1198.44925,1271.27326694915,292.031023381295,293,"DELA","NA"
"153","504",0.171315950336853,0.0890004351521289,0.365781818181818,0.0665333333333333,0.147175520833333,0.299248484848485,1374.02704977249,102.526178564189,2282.63838650307,1252.9910212766,1345.0349958159,1029.64736522647,293,"DELA","NA"
"154","505",0.164828972771103,0.0874262655673724,0.381421052631579,0.0710722222222222,0.144543541666667,0.310348830409357,1331.53146954454,65.6954090799256,1499.32695,1196.828375,1317.19111154114,302.498575,284,"DELA","NA"
"155","506",0.182416244924602,0.106949455865891,0.359750694444444,0,0.15770412371134,0.359750694444444,1427.75055120252,105.465301951013,2055.83758333333,963.848786764706,1412.48035672515,1091.98879656863,279,"DELA","NA"
"156","507",0.222949334581293,0.141565372865614,0.3863,0,0.237031816123188,0.3863,1600.23123961874,367.954464904181,3221.65833333333,1132.64722297297,1464.39689613003,2089.01111036036,282,"DELA","NA"
"157","508",0.261119093493783,0.149010481743268,0.372688524590164,0,0.364451041666667,0.372688524590164,1477.28783549592,40.3837055060385,1595.31523611111,1348.9316013986,1473.88934930556,246.38363471251,268,"DELA","NA"
"158","501",0.213163774902307,0.0477106940077319,0.306168129635689,0.062136524822695,0.220861510416667,0.244031604812994,1197.19380999026,41.7927499811442,1413.46685744681,1102.68005612245,1197.08514302249,310.78680132436,341,"STEI","O"
"159","502",0.213453308143676,0.0428911267848136,0.318748240599594,0.105024090375587,0.22301484375,0.213724150224007,1109.19586714178,43.8000996199457,1415.52641007994,1032.87698263889,1101.76218010057,382.649427441053,344.5,"STEI","M"
"160","503",0.150121849440078,0.041520644576449,0.347065845959596,0.0718299494949495,0.148139635416667,0.275235896464646,994.129074487658,94.3371728337221,1690.59951378338,907.015995105737,964.744556690705,783.583518677642,344.5,"STEI","NA"
"161","504",0.211981968781948,0.0516155814281544,0.309531930972254,0.0940547393364929,0.210182030238673,0.215477191635761,1138.65139653142,79.7653825024278,1584.64522462187,886.089730113636,1152.83249079768,698.555494508231,344.5,"STEI","NA"
"162","505",0.205066502719997,0.0564795979714165,0.333745192307692,0.0687817708333333,0.208740065789474,0.264963421474359,1281.69565474824,148.373932131697,1965.78761590146,1113.4970338785,1246.63818723517,852.290582022951,341,"STEI","NA"
"163","506",0.231336684909126,0.0669401410255489,0.333425104895105,0.0850666666666667,0.248213224491753,0.248358438228438,1213.06486463204,19.3366448889992,1251.01098877005,1180.68237291667,1215.08267115348,70.3286158533867,305.5,"STEI","NA"
"164","507",0.300329017260607,0.0346476525562357,0.349000480769231,0.175847175526276,0.317277121212121,0.173153305242955,1212.40489147294,31.6473444861721,1527.25422983364,1036.82697567994,1212.41892113095,490.427254153699,344,"STEI","NA"
"165","508",0.293132562291011,0.0375346420797327,0.342529674796748,0.169426578991108,0.305590422322775,0.17310309580564,1390.89600738401,412.396304009294,4328.20972887613,886.873719348996,1268.52422670848,3441.33600952713,344.5,"STEI","NA"
"166","501",0.0798726671359674,0.0641168071999146,0.298303645833333,0.00255,0.0609444791666667,0.295753645833333,1272.93993558074,332.287055469692,2353.608175,502.65975,1267.02887797934,1850.948425,291,"NIWO","O"
"167","502",0.0646281347143798,0.0547368296151705,0.3307,0.000433333333333333,0.053665625,0.330266666666667,769.652878415197,231.653121795097,1272.60866666667,376.492,735.886485021097,896.116666666667,284,"NIWO","M"
"168","503",0.0545814329925702,0.0358160075019402,0.242671590909091,6e-04,0.0440279513888889,0.242071590909091,990.398593616182,252.635514980628,1628.27686734694,220.902595238095,995.5524296875,1407.37427210884,280.5,"NIWO","NA"
"169","504",0.0636150360373935,0.0397801238608925,0.26231953125,0.0026,0.053034140625,0.25971953125,933.960732043941,148.458392501449,1261.24702819444,409.576375,932.156188852905,851.670653194445,277,"NIWO","NA"
"170","505",0.110056783090557,0.037915984367762,0.216055625,0.0077,0.104141458333333,0.208355625,963.210694027886,91.6719936236107,1163.23493761141,513.560338235294,978.462518492509,649.674599376114,315,"NIWO","NA"
"171","506",0.155720803629696,0.0493384706281863,0.243216319444444,0.0465130434782609,0.157717436597526,0.196703275966184,1153.51650598953,121.213468039148,1828.65334496753,878.158644444444,1146.52420890411,950.494700523088,332,"NIWO","NA"
"172","507",0.169511597193528,0.0650174057203997,0.290833333333333,0.0681549863387978,0.150731919549266,0.222678346994536,1223.16357589062,72.2281474850348,1719.83638504273,1100.80286875,1213.65984557292,619.033516292735,345.5,"NIWO","NA"
"173","508",0.183713159448732,0.0344185833545562,0.244316145833333,0.0857666666666667,0.187046848958333,0.158549479166667,1243.25233971495,173.210605167062,2435.19637459893,1114.44910763889,1171.32916944444,1320.74726696004,320.5,"NIWO","NA"
"174","501",0.188921004898593,0.0303492701886524,0.251531229946524,0.0998086904761905,0.192069375,0.151722539470334,1128.55375618404,42.9916798512471,1332.69651691074,992.262504128793,1130.66934895833,340.434012781947,348.5,"UNDE","O"
"175","502",0.151465051051931,0.0392660601006734,0.223200094007452,0.0689807291666667,0.16502230377907,0.154219364840786,952.977677309414,27.2775425151703,1031.41078885004,877.049681811569,958.797245833333,154.36110703847,348.5,"UNDE","M"
"176","503",0.0859055007013164,0.0171833753267402,0.11870675,0.0517352941176471,0.0879847916666667,0.0669714558823529,1245.48646747412,218.768108035769,2406.0198558732,1027.03724271845,1171.76943333333,1378.98261315476,348.5,"UNDE","NA"
"177","504",0.100236580636441,0.0144203539923189,0.152067479275742,0.0618682452174872,0.101261144456681,0.0901992340582545,997.987964704876,46.4764654089466,1285.3405507622,909.380541984953,992.066754483122,375.960008777243,348.5,"UNDE","NA"
"178","505",0.119777190329411,0.0120080780812143,0.153984889846743,0.0890684722222222,0.1228421875,0.0649164176245211,1007.09199562029,37.9507914412991,1247.62026752513,932.697500297619,1009.14610208333,314.922767227507,348.5,"UNDE","NA"
"179","506",0.107697251010981,0.0285508658946074,0.192338907418056,0.0606833146619722,0.102921930803571,0.131655592756084,929.953134122532,108.304562022081,1610.8571653406,763.081402200354,902.71627327804,847.775763140251,348.5,"UNDE","NA"
"180","507",0.136375018663714,0.0556273268929748,0.313409973404255,0.0632987612612613,0.108395289115646,0.250111212142994,1213.59480469494,230.404973692305,3184.20512541406,1053.99162032585,1152.35420157585,2130.21350508821,348.5,"UNDE","NA"
"181","508",0.212082142766852,0.0223933360793571,0.269752611208846,0.171087554629421,0.214815614270386,0.0986650565794254,1274.22815917979,66.6611925275955,1714.3300105755,1203.61742626967,1259.22390964409,510.712584305833,348.5,"UNDE","NA"
"182","501",0.0317816302705657,0.0259687772219333,0.15739494047619,0,0.0222794890873016,0.15739494047619,754.653060302766,238.017809865637,1754.29843441479,162.555104166667,691.828848958333,1591.74333024812,288.5,"HEAL","O"
"183","504",0.100220051576083,0.072179455649083,0.3274678125,0.00563506493506494,0.0740870309438005,0.321832747564935,1267.24044293851,314.085732129788,2813.63260495358,577.51930625,1177.7144806338,2236.11329870358,319.5,"HEAL","NA"
"184","505",0.116607828089179,0.0794171900110795,0.396844505494505,0.00676666666666667,0.0909794221698113,0.390077838827839,1332.87204084822,172.497158552906,2166.16594791667,963.469758865248,1297.14192540251,1202.69618905142,342,"HEAL","NA"
"185","506",0.212694016773403,0.103893589591547,0.388447594501718,0.0522666666666667,0.189909331462848,0.336180927835052,1431.00117348931,215.992673328175,2630.1497017601,1047.15539090909,1398.5816763217,1582.99431085101,311.5,"HEAL","NA"
"186","507",0.097321505971988,0.0422749648890679,0.192367717717718,0.04001,0.0747387456293706,0.152357717717718,1381.85998633344,114.636154399818,1972.56122691667,1121.20902083333,1375.19704245051,851.352206083333,342.5,"HEAL","NA"
"187","508",0.104889667292633,0.0288020928928019,0.195141666666667,0.05165,0.115189622641509,0.143491666666667,1498.11013912881,92.8205835947817,1709.105,919.016,1494.36217329545,790.089,297,"HEAL","NA"
"188","501",0.0712901593858272,0.0391001421829763,0.200616666666667,0.0353854166666667,0.0538379166666667,0.16523125,1085.60801340976,487.260798326343,1859.34069166667,489.149058823529,1240.33622395833,1370.19163284314,355,"SJER","O"
"189","502",0.0558244449977657,0.0279642740950915,0.1438671875,0.0278213541666667,0.0463125,0.116045833333333,1121.45975200385,395.864916910957,1647.953296875,538.996194444444,1302.82653125,1108.95710243056,355,"SJER","M"
"190","503",0.056167767106143,0.0234984499687837,0.130781111111111,0.0293895833333333,0.049896875,0.101391527777778,1081.28810448601,239.880604797185,1395.10405494505,630.908532608696,1205.26808421053,764.195522336359,355,"SJER","NA"
"191","504",0.0787937349423134,0.0503038325983474,0.241783854166667,0.0362548611111111,0.0543875,0.205528993055556,1204.50660828539,152.425149023112,1585.33184375,802.415970588235,1222.94640625,782.915873161765,355,"SJER","NA"
"192","505",0.116902151780352,0.0665711909576387,0.245177083333333,0.03960625,0.0983763888888889,0.205570833333333,1223.90771052153,136.731137803236,1651.50347826087,1007.19782291667,1197.73171195451,644.305655344203,354,"SJER","NA"
"193","506",0.192242899493536,0.0582045611203597,0.292073611111111,0.0248458333333333,0.185625,0.267227777777778,1611.2579151093,314.645327280044,2028.31217204301,1066.01873404255,1622.18857068063,962.293438000458,355,"SJER","NA"
"194","507",0.188941312010349,0.0621526357782723,0.326771875,0.05335625,0.169955729166667,0.273415625,1798.44063598362,387.987576123271,2267.94830208333,1260.10711290323,1940.338859375,1007.84118918011,355,"SJER","NA"
"195","508",0.226477259526704,0.0574647565959816,0.398632258064516,0.0377,0.222517708333333,0.360932258064516,1809.01520450135,394.007550374091,2306.44835195531,1293.81121527778,1876.98746774194,1012.63713667753,327,"SJER","NA"
"196","501",0.0902382423366352,0.0515789913293176,0.231605217391304,0.0216783333333333,0.079175,0.209926884057971,1596.23319679253,325.550840481277,2388.91692083333,1123.51420879121,1532.4357,1265.40271204212,303,"RMNP","O"
"197","502",0.115031929202673,0.0511429220769137,0.2374525,0.04890375,0.110974160586967,0.18854875,1449.66231056225,172.302548565972,1784.65280252101,1228.21983431953,1405.20267311321,556.432968201482,320,"RMNP","M"
"198","503",0.111094006153714,0.0475524431027181,0.208478333333333,0.0367,0.107383177570093,0.171778333333333,1465.43446305085,158.326834022657,1792.30033333333,1225.49133333333,1433.6321375,566.809,331,"RMNP","NA"
"199","504",0.166021588042097,0.0589781154570706,0.298554375,0.0256924686192469,0.154197806555543,0.272861906380753,1404.73849326378,135.755874521555,1649.16879555556,1140.06110416667,1433.08878082045,509.107691388889,313.5,"RMNP","NA"
"200","505",0.121463259097932,0.0591701563132464,0.227645155704625,0.0358916666666667,0.0959815519553636,0.191753489037958,1286.59752893952,116.067800216824,1547.7932644433,1075.26101020408,1269.65175378788,472.532254239219,339,"RMNP","NA"
"201","506",0.0839627302539014,0.0282830672084659,0.164975,0.0313513986013986,0.0730665416403335,0.133623601398601,1274.09813619414,130.923459304759,1746.35146880087,1077.56087390445,1283.92326442922,668.790594896414,335,"RMNP","NA"
"202","507",0.139500233890468,0.0493227698170932,0.237205729166667,0.0291864583333333,0.134658335241148,0.208019270833333,1425.75835168605,102.30966854378,1620.16291084722,1279.79433653382,1400.57323017408,340.368574313401,346.5,"RMNP","NA"
"203","508",0.111107332226344,0.0409668260859344,0.182770833333333,0.0375916075650118,0.0978220094086022,0.145179225768322,1470.92877018665,56.9394413188266,1604.50490394402,1357.74275879167,1460.20528405449,246.762145152354,336,"RMNP","NA"
"204","501",0.179537802810421,0.0580099722548382,0.294011699507389,0.0944404166666667,0.173407466186736,0.199571282840723,1453.74033468846,176.688047936314,2048.81854727564,1221.83219044242,1397.18808024194,826.986356833223,348,"CLBJ","O"
"205","502",0.135568428953818,0.0475406527977714,0.218537577054795,0.0657322916666667,0.138662367424242,0.152805285388128,1371.29220460681,114.712929006338,1983.11790204802,1170.12258936966,1357.65655863842,812.995312678364,348,"CLBJ","M"
"206","503",0.112617595691163,0.0399874344987267,0.247903842302879,0.0580833333333333,0.103317422619048,0.189820508969545,1362.90050541977,86.6981738873677,1713.98163108941,1185.92995530914,1344.17910326883,528.051675780268,348,"CLBJ","NA"
"207","504",0.153122804313784,0.0438175812664342,0.308787906976744,0.087438125,0.146220479992928,0.221349781976744,1562.61513007357,199.370991118805,2471.21398275067,1250.62853738757,1533.34191713511,1220.5854453631,348,"CLBJ","NA"
"208","505",0.151481634289578,0.046911061159752,0.280033708414873,0.0922891666666667,0.145488814655172,0.187744541748206,1543.33026329171,160.091886498655,2130.1043946558,1294.76126965409,1493.90973680556,835.343125001709,348,"CLBJ","NA"
"209","506",0.0962448807752242,0.0539344621414857,0.280881565656566,0.02513890625,0.0836839349856322,0.255742659406566,1363.87962046554,118.561483848723,1972.99405885944,1136.70439595582,1350.27579038526,836.289662903619,339.5,"CLBJ","NA"
"210","507",0.12432620570327,0.0484509170837015,0.335978571428571,0.04273046875,0.10890390625,0.293248102678571,1685.92508215789,294.108275790047,2759.37394764239,1159.60326644101,1596.93662580269,1599.77068120138,331.5,"CLBJ","NA"
"211","508",0.202752616463243,0.0351793929028291,0.319423632478632,0.137248066057333,0.196206233974359,0.1821755664213,1740.62062014212,206.878086917596,3016.71060629473,1441.45110363895,1666.95148211382,1575.25950265578,303.5,"CLBJ","NA"
"212","501",0.319429055785572,0.0771615793375434,0.39965,0.01042,0.3374046875,0.38923,1968.27917913559,506.346458329515,4335.84386956522,1493.48173333333,1777.72734375,2842.36213623188,265,"LAJA","O"
"213","504",0.191810526396769,0.0560846488687585,0.302010416666667,0.0743,0.19886484375,0.227710416666667,1948.06617076629,369.686862527708,3245.65115151515,1558.85079166667,1811.93606710526,1686.80035984848,350,"LAJA","NA"
"214","505",0.250468180847781,0.0487870069704743,0.343633766233766,0.147353773584906,0.239637083333333,0.196279992648861,1980.96748831046,587.83928724774,3754.24644174757,1471.21322869955,1594.94675953241,2283.03321304802,360,"LAJA","NA"
"215","506",0.176826067525083,0.035402450848359,0.290729166666667,0.0755765957446809,0.190257291666667,0.215152570921986,1899.85823587227,409.823825573528,2910.5813628692,1550.01153403141,1675.15313333333,1360.56982883778,360,"LAJA","NA"
"216","507",0.290560097117356,0.102076387713644,0.399966666666667,0,0.324203645833333,0.399966666666667,1934.93290453401,213.630089852311,2844.67409302326,1649.37545754717,1834.10269977241,1195.29863547609,276,"LAJA","NA"
"217","501",0.182800798950423,0.0304146603044393,0.240398780487805,0.0985173076923077,0.179428645833333,0.141881472795497,1148.08184066297,62.2792559684128,1756.26175418994,959.111578125,1149.43795052083,797.150176064944,332,"HARV","O"
"218","502",0.129555446306225,0.0523650718365458,0.260329861111111,0.0452680555555556,0.126857599803665,0.215061805555556,1103.95207830514,49.742518127546,1379.35403703704,1001.42513475177,1102.06856417112,377.928902285264,332,"HARV","M"
"219","503",0.109398446425029,0.0492401181594014,0.215923410087719,0.0248616180981595,0.115338783204352,0.19106179198956,984.036861882847,86.0003983392411,1424.86607832226,798.823238738739,973.750231765339,626.042839583524,347,"HARV","NA"
"220","504",0.146933373159816,0.0296622255072098,0.234932291666667,0.0744388020833333,0.142935454999287,0.160493489583333,1023.33547805272,136.10509045272,2193.72132124204,872.615287908755,989.760983173304,1321.10603333328,347,"HARV","NA"
"221","505",0.106183742142441,0.0344261290303251,0.217329861111111,0.0383803819444444,0.108199739583333,0.178949479166667,915.839683348302,70.2396440607815,1880.65899511241,799.858401041667,912.618132792192,1080.80059407075,347,"HARV","NA"
"222","506",0.156868170972696,0.058361148224037,0.301015277777778,0.0567349927325581,0.170619370567376,0.24428028504522,1078.94820383877,47.2666823259891,1234.93870833333,928.445959242695,1067.02562316176,306.492749090638,347,"HARV","NA"
"223","501",0.136272779479963,0.0355323135575332,0.210917977150538,0.0252596153846154,0.141024262652705,0.185658361765922,1264.61527838041,208.65008034233,3326.74798214286,935.728405660377,1226.8799662166,2391.01957648248,335.5,"TREE","O"
"224","502",0.144448593386861,0.0323686669369225,0.208948605769231,0.0416649659863946,0.145495438762626,0.167283639782836,1048.02121288775,62.1829809997565,1252.79049931243,775.706581632653,1051.33837714487,477.083917679778,344,"TREE","M"
"225","503",0.070929856747376,0.0254608882236563,0.123863541666667,0.0268394731509625,0.0811707291666667,0.0970240685157042,855.205625563257,170.57389304625,1920.41459028305,626.913368292683,811.619079087313,1293.50122199037,349,"TREE","NA"
"226","504",0.0376690863964464,0.0163682796870403,0.108985161198413,0.0157761458333333,0.0339492074823042,0.0932090153650799,809.19878021532,251.621150308143,2511.1352867621,574.08295495786,726.48343533874,1937.05233180424,349.5,"TREE","NA"
"227","505",0.059811154733106,0.0266835390741818,0.156121757550336,0.0214914583333333,0.0612280844815563,0.134630299217002,1109.91660651658,287.375383697676,2116.95600151177,740.654527380952,1026.40449894971,1376.30147413081,349.5,"TREE","NA"
"228","506",0.139865892771171,0.0326476047327193,0.234462895927602,0.0552141666666667,0.142513188976958,0.179248729260935,1113.6921774309,144.27253342504,2164.57426615021,956.99496184803,1083.02531721192,1207.57930430218,349.5,"TREE","NA"
"229","507",0.170323762093025,0.0355406832520873,0.245258264293178,0.0761553232758621,0.17320466407496,0.169102941017316,1198.69977684609,186.860938306457,2198.71312093789,1041.97208721053,1139.7712525463,1156.74103372735,349.5,"TREE","NA"
"230","508",0.208506941897255,0.0200831033453715,0.273517003205128,0.15393190376569,0.205998174750903,0.119585099439438,1237.45830948006,140.431380512749,2366.40634034306,1102.34268132538,1208.94554453782,1264.06365901768,349.5,"TREE","NA"
"231","501",0.076267538675715,0.0722040263976823,0.383576,0.01165625,0.0523022916666667,0.37191975,2389.52355488945,623.85662094781,4307.25400421941,1594.36914285714,2160.45700208333,2712.88486136227,342,"GUAN","O"
"232","502",0.202277575342619,0.086835964254166,0.398466666666667,0.0760570833333333,0.197373333333333,0.322409583333333,1652.62635693163,81.3411626230654,1787.42988317757,1487.49333333333,1667.07456666667,299.936549844237,291,"GUAN","M"
"233","503",0.171536630284797,0.0634879829412515,0.384536842105263,0.0807458333333333,0.168202604166667,0.30379100877193,1655.85704688609,94.8359828770736,1859.7690375,1465.459675,1640.36157916667,394.3093625,325,"GUAN","NA"
"234","504",0.19708569739561,0.0832999840892855,0.39528,0.0445,0.20243125,0.35078,1654.60481649483,95.7959209489725,2273.89333333333,1425.70497916667,1628.6083702219,848.188354166667,306,"GUAN","NA"
"235","505",0.2197206297429,0.0358434922990029,0.255614583333333,0.105883333333333,0.232515625,0.14973125,1453.62948939936,60.624223930454,1552.08082539683,1297.33562903226,1471.49336885246,254.745196364567,350,"GUAN","NA"
"236","506",0.246520046109488,0.0542063837315797,0.340566666666667,0.137321238938053,0.256251438109913,0.203245427728614,1303.34068696235,30.9829234223516,1537.3697962963,1221.81749189189,1296.71984481793,315.552304404404,350,"GUAN","NA"
"237","507",0.1893479813585,0.0310088299633431,0.2116,0.118719583333333,0.205336458333333,0.0928804166666667,2032.89757639658,62.2245306276397,2211.55861780105,1459.80664912281,2042.35784189189,751.75196867824,350,"GUAN","NA"
"238","508",0.22334634962803,0.0192185417007355,0.249358928571429,0.17885375,0.230471440972222,0.0705051785714286,1543.0072476831,22.769680554677,1600.24749166667,1506.63664166667,1536.65085003687,93.61085,350,"GUAN","NA"
"239","501",0.236598715594926,0.0578966861690068,0.3933,0.118731458333333,0.234276442314522,0.274568541666667,1605.0490904929,148.078557996665,2138.4888625,1411.99684085948,1555.09077135417,726.492021640521,332,"KONZ","O"
"240","502",0.197825878397209,0.140140490574586,0.387308888888889,0.0472383333333333,0.108511520737327,0.340070555555556,1453.23841593077,79.3575108313245,1664.05429166667,1228.90349166667,1452.554625,435.1508,313,"KONZ","M"
"241","503",0.221112950991762,0.0632540635611878,0.319266023284314,0.128851979166667,0.187696083333333,0.190414044117647,1509.95182633011,64.9550450695443,1732.67326666667,1314.69665062389,1510.46564166667,417.976616042781,338.5,"KONZ","NA"
"242","504",0.132083672341232,0.0770468923495467,0.398078671328671,0.00809833333333333,0.112343125,0.389980337995338,1524.53739654991,142.700068150899,1942.20968238994,1246.42471769462,1490.89319243741,695.784964695319,271.5,"KONZ","NA"
"243","505",0.139598998149765,0.0541966156239712,0.262299045138889,0.0858949145299145,0.116933570075758,0.176404130608974,1573.00280710875,119.414183796862,1858.75235328947,1391.75479480089,1562.74108472305,466.997558488589,338.5,"KONZ","NA"
"244","506",0.27831809216662,0.0628034679009169,0.374253787878788,0.141882708333333,0.248074166666667,0.232371079545455,1468.81194517911,33.5115848264985,1602.71562605042,1386.22973263889,1466.05250416667,216.485893411531,327,"KONZ","NA"
"245","507",0.160228504795804,0.0470426607785039,0.304446006944444,0.0910652072425829,0.148756792625523,0.213380799701862,1482.61288938154,204.553584439475,2259.6236450715,1164.74313611111,1441.18752968833,1094.88050896038,338.5,"KONZ","NA"
"246","508",0.239778196937761,0.0421332329931688,0.322165392525036,0.179862239583333,0.218875768849206,0.142303152941702,1691.38394982129,154.320182277749,2981.06422712531,1475.14335638165,1658.22560548611,1505.92087074365,338.5,"KONZ","NA"
"247","502",0.04370376821165,0.0326561135909933,0.139777966101695,0,0.0403947598253275,0.139777966101695,1117.85611057468,462.265711304892,3016.0775754717,189.444,1054.52166666667,2826.6335754717,259,"BONA","M"
"248","503",0.0898151906022843,0.0767929142829984,0.26775453125,0.00891041666666667,0.0668649588323353,0.258844114583333,1007.86733572744,359.421425463277,1998.62588309326,451.566395833333,1100.79586526616,1547.05948725993,327,"BONA","NA"
"249","504",0.171520932341629,0.124090959663434,0.36572030075188,0.0262,0.119826315789474,0.33952030075188,1193.11253794375,230.61576799387,2706.70274553571,733.726,1190.43620640866,1972.97674553571,312,"BONA","NA"
"250","505",0.122544254604679,0.0791226609075449,0.313428125,0.02145,0.0910807437407953,0.291978125,1075.44697384741,147.942467970708,2446.22556648352,690.0215,1057.37268654088,1756.20406648352,301.5,"BONA","NA"
"251","506",0.0542819583519179,0.023289243190606,0.204166666666667,0.0179,0.0510238636363636,0.186266666666667,1355.09972168816,748.677333816358,8783.4795,740.297,1213.77628571429,8043.1825,354,"BONA","NA"
"252","507",0.0467245431884571,0.0279850460579084,0.3997,0.01945,0.0447666666666667,0.38025,1362.22315398282,198.628256132826,2030.3075,702.216,1332.92513392857,1328.0915,315,"BONA","NA"
"253","508",0.0491824543978238,0.0159104977868962,0.147655555555556,0.02005,0.0516209595959596,0.127605555555556,1810.24774930204,1186.36551877804,8401.27686764706,782.363833333333,1496.06197392367,7618.91303431373,317.5,"BONA","NA"
"254","501",0.0684625361007511,0.0379914452890096,0.179953392857143,0.0181764583333333,0.0577505208333333,0.16177693452381,2625.17779052069,808.13077808269,4148.31908288877,1148.59129583333,2749.81908854167,2999.72778705544,349.5,"JORN","O"
"255","502",0.0908177294868396,0.0316663093369261,0.17226119047619,0.0385102083333333,0.0936219791666667,0.133750982142857,2275.16181003699,201.93700841446,2687.17670208333,1713.5555464236,2269.4265636691,973.621155659737,349.5,"JORN","M"
"256","503",0.102794530744523,0.0365705752335794,0.17612443452381,0.0405739583333333,0.1086165625,0.135550476190476,2254.48764721325,287.301524716138,2698.38136122832,1701.08628601695,2310.19253125,997.295075211368,349.5,"JORN","NA"
"257","504",0.110706336717327,0.0333352444109645,0.1790125,0.0563807291666667,0.113744791666667,0.122631770833333,1614.57844655188,89.4140866172757,1881.06421838813,1429.79344315476,1605.59706061514,451.270775233369,349.5,"JORN","NA"
"258","505",0.168478786109827,0.0414231030631785,0.213527364583333,0.0815584722222222,0.18884359375,0.131968892361111,1868.35062818689,51.2349712665703,1972.98739748954,1752.8482890625,1882.82316453456,220.13910842704,349.5,"JORN","NA"
"259","506",0.0854325492762835,0.00670765334266503,0.105484895833333,0.072975,0.085530882034632,0.0325098958333333,1885.65488079938,34.9092671203228,1970.19990625,1817.85062770563,1879.04333624454,152.349278544372,334,"JORN","NA"
"260","507",0.157960756940286,0.0119163530606293,0.186888888888889,0.136064166666667,0.156382995554393,0.0508247222222222,1610.02564673356,21.2736227609751,1662.74109565217,1566.69628205128,1600.05250601886,96.044813600892,334,"JORN","NA"
"261","508",0.180452974071402,0.0417335026070007,0.2181734375,0.098262834179357,0.200558229166667,0.119910603320643,1807.29747661883,61.6661990827763,1931.27635013947,1702.77514903243,1789.570409375,228.501201107043,349.5,"JORN","NA"
"262","501",0.0687194140384304,0.0342613410939194,0.147076423611111,0.0244671875,0.0657699962797619,0.122609236111111,2370.1071595018,890.773135842529,4891.9163203125,1231.6114985594,2115.22520963542,3660.3048217531,341.5,"MOAB","O"
"263","502",0.0721870864751418,0.0361280659975623,0.137798854166667,0.025346875,0.0684791213768116,0.112451979166667,2550.710690991,789.251897562639,4121.1026796875,1618.85497577828,2306.62565047554,2502.24770390922,340,"MOAB","M"
"264","503",0.0699618399236475,0.0310314369023243,0.148433510638298,0.0297782638888889,0.0625588975694444,0.118655246749409,2829.45676412726,806.073759571709,4125.16410416667,1799.73092209596,2702.45729607159,2325.43318207071,343.5,"MOAB","NA"
"265","504",0.0793506445309383,0.0260172198369677,0.136345833333333,0.0435523958333333,0.0692245833333333,0.0927934375,2782.82811120297,616.558429055603,3598.29643067956,1866.12316104798,2871.30232881944,1732.17326963158,344.5,"MOAB","NA"
"266","505",0.116190198000786,0.02907140055663,0.206136177884615,0.0470011812943262,0.115859798693783,0.159134996590289,2637.29806292833,345.850161785457,3118.59977647754,1936.29949627193,2664.83388115246,1182.30028020561,344.5,"MOAB","NA"
"267","506",0.0910588809338527,0.0269705859193136,0.143800027736686,0.0505308064516129,0.088493359375,0.0932692212850735,3132.40564112123,359.736075817919,3865.66010430021,2387.96055729167,3110.9871796875,1477.69954700855,343.5,"MOAB","NA"
"268","507",0.0242969179116429,0.0147235246281261,0.101260017730496,0.0101749725877193,0.0225853174603175,0.0910850451427772,1706.65271639142,516.032797001868,4765.88833046683,926.774931757414,1748.64651436739,3839.11339870942,336.5,"MOAB","NA"
"269","508",0.0257718585571021,0.00983241241597133,0.0476655637254902,0.00728461538461538,0.0257074802036199,0.0403809483408748,2302.22181057813,515.915043279064,3264.49239652778,873.238578125,2409.0209023617,2391.25381840278,328.5,"MOAB","NA"
"270","501",0.216839186918439,0.0564965299398165,0.361843663194444,0.0330027777777778,0.213573955218301,0.328840885416667,1363.2181911912,166.329301002348,2162.61028817655,1191.87113290725,1293.25330520833,970.739155269296,346.5,"SERC","O"
"271","502",0.214646784991783,0.0348816476777851,0.319389071379071,0.100482699275362,0.212142671764184,0.218906372103709,1164.84381561514,106.732587709855,1933.07827310924,992.031328125,1142.3147931023,941.046944984244,348.5,"SERC","M"
"272","503",0.161820239871864,0.0303099343833685,0.252327977195946,0.0868067481884058,0.160560213346702,0.16552122900754,1192.64777279602,76.1806364796781,1435.15780720339,1070.19054697745,1175.48069322917,364.967260225944,348.5,"SERC","NA"
"273","504",0.240580015244354,0.0370214122689645,0.340099334490741,0.182617490942029,0.235529861111111,0.157481843548712,1500.81276998339,175.322775754753,2353.06034573413,1327.5080033944,1449.66815934523,1025.55234233973,348.5,"SERC","NA"
"274","505",0.249442088822937,0.052731083073098,0.373091592920354,0.163756772925033,0.239234201388889,0.20933481999532,1680.62396977515,288.665862477843,3221.44764672176,1301.95279022183,1581.15750872276,1919.49485649994,348.5,"SERC","NA"
"275","506",0.247562199740798,0.0416209842012097,0.347729375,0.146368682642323,0.246396906397754,0.201360692357677,1702.66445863684,165.005923916908,2157.703075,1405.26127006579,1681.68584739583,752.44180493421,348.5,"SERC","NA"
"276","507",0.287675819726398,0.05068487607226,0.393012053571429,0.158118317460317,0.267490885416667,0.234893736111111,1651.92647124426,122.386369729514,2390.97558997334,1381.94621875,1653.35276308761,1009.02937122334,348.5,"SERC","NA"
"277","508",0.309572658408749,0.0470062383905052,0.368905729166667,0.142239583333333,0.326009027777778,0.226666145833333,1731.63871739778,201.379316413112,2387.5367014629,1452.7914627193,1720.00234193218,934.745238743607,348.5,"SERC","NA"
"278","501",0.127020668965471,0.046596983425739,0.247786805555556,0.0399026041666667,0.116749479166667,0.207884201388889,1083.35068075096,137.312554746327,2018.77021875,951.525105263158,1032.91926744186,1067.24511348684,365,"WREF","O"
"279","502",0.0956949636288462,0.04618661634309,0.205980829015544,0.0321059459459459,0.080350462962963,0.173874883069598,883.55715678297,68.6735676889465,1293.56440611354,721.697537931035,876.436255102041,571.866868182503,365,"WREF","M"
"280","503",0.100091009038272,0.0335295891131057,0.192561650485437,0.0585990950226244,0.09611125,0.133962555462812,964.018262710029,57.3262467233953,1089.75449166667,811.854717948718,969.795825,277.899773717949,365,"WREF","NA"
"281","504",0.152712227692952,0.0215674023130224,0.226800520833333,0.0996465968586387,0.147569444444444,0.127153923974695,1376.9196657989,395.342010073175,3516.80796296296,1007.86913636364,1202.4712459893,2508.93882659933,365,"WREF","NA"
"282","505",0.144374147740047,0.0331623516679741,0.261517708333333,0.08418125,0.159680833333333,0.177336458333333,1149.50336612141,127.356907959619,1752.2245,987.61164084507,1117.04947083333,764.61285915493,365,"WREF","NA"
"283","506",0.188946067515756,0.0391320956546254,0.313892783505155,0.128917931034483,0.184047916666667,0.184974852470672,1211.5222302518,78.0099961637084,1726.11833928571,1119.60164705882,1195.89260846561,606.516692226891,365,"WREF","NA"
"284","507",0.262321105347988,0.044180229838023,0.382446875,0.18350625,0.263079166666667,0.198940625,1258.57893362759,113.564248209483,2031.40681460674,1102.9714,1250.54345026178,928.435414606742,365,"WREF","NA"
"285","508",0.238520646299098,0.111633348602978,0.380785882352941,0.00956666666666667,0.259488541666667,0.371219215686275,1296.93484314906,138.989030211687,1488.8226954023,1004.8982742616,1340.89177447917,483.924421140696,344,"WREF","NA"
"286","501",0.213531500745571,0.0598167349729629,0.360125625,0.0751215625,0.215750130208333,0.2850040625,1494.0841023844,181.542558665156,2698.32126749109,1289.20598471301,1436.440684375,1409.11528277807,349.5,"BLAN","O"
"287","502",0.169844203637117,0.0523845526304919,0.338630368589744,0.0703385416666667,0.164928227423291,0.268291826923077,1497.8139271019,259.819448464261,3387.5294195171,1226.94857011218,1466.421596875,2160.58084940492,349.5,"BLAN","M"
"288","503",0.21782127681858,0.0443593941169754,0.358256342054264,0.134417916666667,0.214219607683983,0.223838425387597,1461.24471846517,121.620213919176,1793.67118541667,1243.12199420904,1425.88583125,550.549191207627,349.5,"BLAN","NA"
"289","504",0.211968654067996,0.0458103055012879,0.33991239539749,0.120672447916667,0.2118884375,0.219239947480823,1453.23780401544,114.89889159114,1857.63118400424,1175.27149211382,1426.92003650568,682.359691890421,349,"BLAN","NA"
"290","505",0.238253698097702,0.0694368142527158,0.363453168891835,0.128220625,0.218747395833333,0.235232543891835,1457.62742057444,126.629639900347,2523.21423826318,1296.35816319444,1438.46230375845,1226.85607506874,349.5,"BLAN","NA"
"291","506",0.320539728184261,0.0231906124979333,0.366418094512195,0.267391319444444,0.318942395833333,0.0990267750677507,1446.1279119145,52.5908721570615,1623.61587938961,1158.06107168445,1448.08370978761,465.554807705157,349.5,"BLAN","NA"
"292","507",0.268643186914876,0.0922451921195889,0.385022867564534,0.115672083333333,0.317420351049869,0.269350784231201,1574.39278636459,192.360609664482,2651.59838866516,1404.97390590986,1507.10167514996,1246.6244827553,292.5,"BLAN","NA"
"293","508",0.266133341438201,0.100665580786204,0.399178739316239,0.0873208333333333,0.212941666666667,0.311857905982906,1630.79608044193,823.251104467619,6683.7955523399,1014.83676472995,1319.95878919936,5668.95878760995,347,"BLAN","NA"
"294","501",0.114701998962243,0.0609025536662476,0.2605,0.0068,0.130369444444444,0.2537,1768.02803332414,397.965554083272,3154.76214285714,1258.37048275862,1609.05726950355,1896.39166009852,292,"YELL","O"
"295","502",0.134270447591132,0.0646803337530786,0.273557142857143,0.005,0.141965476190476,0.268557142857143,1716.20004022916,633.423029795384,6606.8623,908.157901960784,1534.22145283019,5698.70439803922,301,"YELL","M"
"296","503",0.12358786013735,0.0625717545055767,0.238419444444444,0.00403809523809524,0.1064625,0.234381349206349,1625.58078781948,254.192723628604,2534.961,1334.67048148148,1556.66488028169,1200.29051851852,313,"YELL","NA"
"297","504",0.101369683611431,0.0507725153707006,0.230320202020202,0.0249,0.0829899470899471,0.205420202020202,1620.44967248311,231.243149848318,2291.703,1319.85342708333,1625.89646819867,971.849572916667,312,"YELL","NA"
"298","505",0.101214268198775,0.0649851660761114,0.230052083333333,0.0153705882352941,0.0749266666666667,0.214681495098039,1389.68836201897,195.3856296154,2243.59075,1163.22098540146,1368.2625530303,1080.36976459854,329,"YELL","NA"
"299","506",0.0826573924706473,0.0384520776627914,0.171259259259259,0.004,0.0709166666666667,0.167259259259259,1616.75450324622,558.60648298131,2744.453875,838.132089285714,1376.32154945055,1906.32178571429,327,"YELL","NA"
"300","507",0.0753431391830216,0.0172364194901237,0.17636,0.0639604166666667,0.07175,0.112399583333333,1299.4840467416,73.6849493245488,1409.18983333333,954.689653846154,1305.10609375,454.500179487179,285,"YELL","NA"
"301","508",0.0692565013874381,0.0033490554997349,0.07943125,0.0626617021276596,0.0707408333333333,0.0167695478723404,1363.99868800488,31.9025463490836,1437.6167173913,1280.2240625,1351.86138541667,157.392654891304,252,"YELL","NA"
"302","501",0.146564514785027,0.0457214159813447,0.20776375,0.0447980661040788,0.162378151041667,0.162965683895921,1214.07322315955,54.7948536558844,1342.31888040902,1092.44437708333,1207.23261770833,249.874503325688,348.5,"ABBY","O"
"303","502",0.140610369339354,0.040562700932014,0.198355068069307,0.0549355073221757,0.154527377013305,0.143419560747131,1085.53034873666,41.8723630950799,1197.53526968477,1005.368075,1086.03811458333,192.167194684771,348.5,"ABBY","M"
"304","503",0.116596235242272,0.0370717951785148,0.175908958333333,0.0395971392367323,0.124164791666667,0.136311819096601,1151.38525176533,65.7381693496616,1281.6173,1031.8148014507,1157.0340517663,249.802498549302,348.5,"ABBY","NA"
"305","504",0.125765670213772,0.0367441996788144,0.188356535057863,0.0355932606899401,0.133414805900621,0.152763274367922,979.92255987241,91.080108740617,1367.22569166667,868.768598674242,950.091464384829,498.457092992424,348,"ABBY","NA"
"306","505",0.0862144392098941,0.0238530999716477,0.145598958333333,0.033229974779319,0.08267863424411,0.112368983554014,1010.25015938269,134.219214566438,1780.1349036859,833.575310409961,983.015603055479,946.559593275937,348.5,"ABBY","NA"
"307","506",0.174541600006052,0.0553591994904455,0.305019215846437,0.0571553125,0.184128956505848,0.247863903346437,1189.57882275547,92.2230003527362,1769.69873448862,1093.8019435049,1167.2562745552,675.89679098372,348.5,"ABBY","NA"
"308","507",0.195408281328188,0.0368584655484876,0.342985349099099,0.126016579861111,0.184242057291667,0.216968769237988,1038.2943246455,72.3197566297729,1283.70813722222,932.327708333333,1035.34979223348,351.380428888889,348.5,"ABBY","NA"
"309","508",0.256034416961082,0.0450790337300749,0.392019270833333,0.210918848167539,0.239135270037598,0.181100422665794,1222.41152234629,74.0686820240347,2177.82752542373,1185.41224444444,1199.22334038867,992.415280979284,334,"ABBY","NA"
"310","501",0.142918171247023,0.079680454559802,0.321277847222222,0.02054140625,0.130822526041667,0.300736440972222,1605.36478775235,259.330993972255,2495.18843994829,1252.11701376488,1591.04390845353,1243.07142618341,324,"SOAP","O"
"311","502",0.154356599777042,0.060877255627376,0.335323611111111,0.0385676829268293,0.134015260416667,0.296755928184282,1431.95774859811,117.091207553419,1731.711865625,1198.48670073792,1402.47413883272,533.225164887078,323,"SOAP","M"
"312","503",0.181314179043805,0.0446966457570806,0.292386262077295,0.125825,0.162398563596491,0.166561262077295,1380.86460509152,66.9493547118415,1528.97378035631,1240.52793988407,1381.33934609375,288.445840472237,336,"SOAP","NA"
"313","504",0.174625121383005,0.036606874231153,0.282941319444444,0.112359027777778,0.167789342246564,0.170582291666667,1417.83898573172,73.4218625108111,2117.33488531389,1315.79243890224,1413.40086067055,801.542446411642,336,"SOAP","NA"
"314","505",0.158219620536533,0.0439972258507619,0.284213454861111,0.0879046875,0.135187212045415,0.196308767361111,1466.8470672992,74.7538567143108,1779.65935385417,1295.66999748522,1488.98806498036,483.989356368951,336,"SOAP","NA"
"315","506",0.205133949173691,0.053189814419078,0.324690296052632,0.0683938210227273,0.19475231918239,0.256296475029904,1517.88968777813,188.796038359535,2646.53940751998,1160.22655191257,1483.58606147285,1486.31285560741,324,"SOAP","NA"
"316","507",0.118834047751628,0.0442653714178184,0.2676546875,0.0309320723684211,0.116186691961366,0.236722615131579,1110.94569118945,254.937412354652,2523.28109701493,578.361372641509,1078.9788249623,1944.91972437342,335.5,"SOAP","NA"
"317","508",0.143638210797362,0.0409805106162504,0.322340502793296,0.0554541255959519,0.136965808189655,0.266886377197344,1397.24284787474,158.012132165994,2464.53503153409,1094.44717594747,1368.21670225794,1370.08785558662,322,"SOAP","NA"
"318","501",0.0256554168337201,0.0333547175804632,0.202329166666667,0.00133552631578947,0.013025,0.200993640350877,1113.74510577986,325.22960841828,1871.53098555108,544.567522035256,1096.53414589057,1326.96346351582,139.5,"BARR","O"
"319","502",0.11654798394573,0.0685112196972878,0.222843597560976,0.0291138138138138,0.127099675925926,0.193729783747162,1138.12652661225,129.126667813332,1312.41568518519,896.022778525772,1138.06221025414,416.392906659413,101,"BARR","M"
"320","503",0.198003087598405,0.0989024318183956,0.30785625,0.0697145833333333,0.209863773148148,0.238141666666667,1401.46116672997,111.967230469924,1514.32674305556,1072.39733333333,1424.29901217228,441.929409722222,103.666666666667,"BARR","NA"
"321","504",0.246099386950866,0.109557100366896,0.378852127659574,0.05426375,0.275023371010638,0.324588377659574,1284.24067190497,88.5479132552469,1421.9758685567,1097.36546153846,1312.17636979167,324.610407018239,127.5,"BARR","NA"
"322","505",0.0450808261957732,0.018360275933628,0.0821011033681765,0.0184,0.0457905660377358,0.0637011033681765,1240.76204049662,169.168392198839,1419.46002666667,939.325775641026,1277.25350477499,480.134251025641,62.6666666666667,"BARR","NA"
"323","506",0.0242557353387569,0.0152726742571543,0.0614875,0.0099,0.01892,0.0515875,811.090428649451,258.383966750473,1370.45366666667,423.571985294118,745.7108,946.881681372549,89.5,"BARR","NA"
"324","507",0.0329706833405981,0.0169236798819108,0.1148,0.01705,0.0291045454545455,0.09775,1090.40195738532,209.574873432045,1472.9805,841.209875,1032.12166217949,631.770625,56.5,"BARR","NA"
"325","508",0.0415744903354843,0.00482499375380337,0.04995,0.035475,0.0395380208333333,0.014475,1458.43177680999,223.30301909895,1758.2656,927.735571428571,1505.00021875,830.530028571429,46,"BARR","NA"
