"","soilID","domainID","plotID","collectDate","mean_cn","mean_OrgC","mean_Org13C","mean_15n","mean_N"
"1","BART_001-M","D01","BART_001",2014-08-19,26.8333333333333,9.49,-26.9,3.76666666666667,0.4
"2","BART_001-O","D01","BART_001",2014-08-19,27.875,46.875,-27.5,1,1.6825
"3","BART_002-M","D01","BART_002",2014-08-21,22.6333333333333,6.07666666666667,-26.9,5.63333333333333,0.273333333333333
"4","BART_003-M","D01","BART_003",2015-07-27,16.9666666666667,2.32333333333333,-26.5666666666667,0.366666666666667,0.14
"5","BART_003-O","D01","BART_003",2015-07-27,22.3666666666667,44.2066666666667,-28.4,0.7,1.97666666666667
"6","BART_004-M","D01","BART_004",2014-08-19,25.675,3.6675,-26.35,5.225,0.1425
"7","BART_004-O","D01","BART_004",2014-08-19,23.7,44.1566666666667,-26.7333333333333,3.83333333333333,1.87666666666667
"8","BART_005-M","D01","BART_005",2014-08-19,32.6333333333333,8.89,-26.4666666666667,6.63333333333333,0.273333333333333
"9","BART_005-O","D01","BART_005",2014-08-19,28.5,54.43,-27.0666666666667,3.43333333333333,1.95
"10","BART_006-M","D01","BART_006",2014-08-20,22.675,4.7625,-26.8,6.55,0.205
"11","BART_006-O","D01","BART_006",2014-08-20,29.25,47.45,-28,1.45,1.625
"12","BART_023-M","D01","BART_023",2014-08-19,24.3333333333333,18.1066666666667,-26.3666666666667,4.3,0.736666666666667
"13","BART_023-O","D01","BART_023",2014-08-19,23.6,48.0833333333333,-27.7333333333333,-1.3,2.05333333333333
"14","BART_024-M","D01","BART_024",2015-07-27,41.4,16.36,-31.1,0.2,0.396666666666667
"15","BART_024-O","D01","BART_024",2015-07-27,32.825,45.7675,-27.825,-3.75,1.395
"16","BART_028-M","D01","BART_028",2014-08-20,25.6333333333333,7.25666666666667,-27,2.13333333333333,0.28
"17","BART_028-O","D01","BART_028",2014-08-20,28.0333333333333,48.19,-27.8333333333333,-2,1.75333333333333
"18","BART_032-M","D01","BART_032",2014-08-21,21.9333333333333,3.92666666666667,-27.5333333333333,7.2,0.176666666666667
"19","BART_032-O","D01","BART_032",2014-08-21,27.1333333333333,43.1433333333333,-28.8,1.16666666666667,1.61
"20","BART_033-M","D01","BART_033",2014-08-20,23.3666666666667,5.77333333333333,-26.8666666666667,6.76666666666667,0.243333333333333
"21","BART_033-O","D01","BART_033",2014-08-20,29.7,48.8533333333333,-28.4,1.23333333333333,1.66
"22","BART_034-M","D01","BART_034",2014-08-20,24.075,8.3625,-27.4,5.325,0.35
"23","BART_034-O","D01","BART_034",2014-08-20,29.5333333333333,46.5333333333333,-28.3666666666667,-0.2,1.59666666666667
"24","BART_036-M","D01","BART_036",2015-07-28,23.7666666666667,5.54666666666667,-26.1666666666667,5.9,0.23
"25","BART_036-O","D01","BART_036",2015-07-28,28.4666666666667,39.71,-27.7,-0.466666666666667,1.44666666666667
"26","BART_040-M","D01","BART_040",2015-07-27,22.4666666666667,4.35666666666667,-26.8333333333333,6.1,0.19
"27","BART_040-O","D01","BART_040",2015-07-27,23.775,41.9975,-28.525,0.775,1.7675
"28","BART_042-M","D01","BART_042",2015-07-28,21.1333333333333,5.69666666666667,-30.2333333333333,4.53333333333333,0.256666666666667
"29","BART_042-O","D01","BART_042",2015-07-28,31.45,45.61,-26.95,-0.275,1.535
"30","BART_071-M","D01","BART_071",2015-07-27,31.3666666666667,5.4,-27.8333333333333,2.83333333333333,0.17
"31","BART_071-O","D01","BART_071",2015-07-27,28.0666666666667,42.17,-28.8,0.1,1.50333333333333
"32","BLAN_001-M","D02","BLAN_001",2015-07-15,11.6,1.7025,-26.975,4.2,0.145
"33","BLAN_002-M","D02","BLAN_002",2015-07-15,9.7,1.25333333333333,-26.0333333333333,4.8,0.13
"34","BLAN_003-M","D02","BLAN_003",2015-07-15,8.93333333333333,1.07333333333333,-24.6333333333333,4.96666666666667,0.116666666666667
"35","BLAN_004-M","D02","BLAN_004",2015-07-15,10,1.08,-24.7,5.13333333333333,0.106666666666667
"36","BLAN_005-M","D02","BLAN_005",2015-07-15,10.9,1.39666666666667,-26.4333333333333,3.96666666666667,0.13
"37","BLAN_007-M","D02","BLAN_007",2015-07-15,11.6,2.11666666666667,-26.9,3.73333333333333,0.183333333333333
"38","BLAN_031-M","D02","BLAN_031",2015-07-14,9.26666666666667,1.07,-23.8,6.2,0.113333333333333
"39","BLAN_032-M","D02","BLAN_032",2015-07-14,9.675,1.175,-25.325,5.325,0.12
"40","BLAN_033-M","D02","BLAN_033",2015-07-14,8.86666666666667,0.733333333333333,-23.3,5.5,0.0833333333333333
"41","BLAN_041-M","D02","BLAN_041",2015-07-14,9.63333333333333,1.21,-26.8666666666667,4.5,0.126666666666667
"42","BONA_001-M","D19","BONA_001",2019-08-30,19.05,7.2,-26.9,4.45,0.3975
"43","BONA_001-O","D19","BONA_001",2019-08-30,26.4666666666667,37.2833333333333,-28.2,2.8,1.39666666666667
"44","BONA_002-M","D19","BONA_002",2019-08-29,15.8333333333333,3.48,-26.9,2.76666666666667,0.22
"45","BONA_002-O","D19","BONA_002",2019-08-29,17.7666666666667,24.7366666666667,-27.7333333333333,1.2,1.37
"46","BONA_004-M","D19","BONA_004",2019-08-30,20.7666666666667,3.25,-26.5333333333333,4.83333333333333,0.153333333333333
"47","BONA_004-O","D19","BONA_004",2019-08-30,40.4333333333333,37.1133333333333,-28.4666666666667,1.63333333333333,0.913333333333333
"48","BONA_006-M","D19","BONA_006",2019-08-28,30.6,12.25,-25.3666666666667,1.43333333333333,0.406666666666667
"49","BONA_006-O","D19","BONA_006",2019-08-28,42.9,39.9175,-27.725,2.65,0.9325
"50","BONA_009-M","D19","BONA_009",2019-08-29,19.4333333333333,14.2166666666667,-26.5,3.63333333333333,0.71
"51","BONA_009-O","D19","BONA_009",2019-08-29,26.3666666666667,41.6966666666667,-27.8333333333333,1.56666666666667,1.58666666666667
"52","BONA_013-M","D19","BONA_013",2019-08-28,19.575,3.525,-26.75,3.625,0.1775
"53","BONA_013-O","D19","BONA_013",2019-08-28,21.2333333333333,25.8133333333333,-27.6333333333333,1.9,1.19333333333333
"54","BONA_070-M","D19","BONA_070",2019-08-26,22.2666666666667,18.3933333333333,-26.4666666666667,3.76666666666667,0.8
"55","BONA_070-O","D19","BONA_070",2019-08-26,34.5666666666667,48.25,-27.5333333333333,2.83333333333333,1.43
"56","BONA_071-M","D19","BONA_071",2019-08-26,20.5333333333333,5.72,-26.3333333333333,4.13333333333333,0.286666666666667
"57","BONA_071-O","D19","BONA_071",2019-08-26,47.2333333333333,46.92,-27.7666666666667,0.4,1.06333333333333
"58","BONA_080-M","D19","BONA_080",2019-08-26,21.05,6.375,-26.2,4.05,0.305
"59","BONA_080-M","D19","BONA_080",2019-08-27,20.8,4.04,-26.5,3.4,0.19
"60","BONA_080-O","D19","BONA_080",2019-08-26,33.15,35.8575,-27.225,2.7,1.1
"61","BONA_084-M","D19","BONA_084",2019-08-30,19.45,2.915,-27.6,4.05,0.155
"62","BONA_084-M","D19","BONA_084",2019-08-31,22.3,2.76,-27.8,4,0.12
"63","BONA_084-O","D19","BONA_084",2019-08-30,22.6,38.9,-28.35,2.55,1.715
"64","BONA_084-O","D19","BONA_084",2019-08-31,21,33.11,-28.4,2.6,1.58
"65","CLBJ_001-M","D11","CLBJ_001",2019-04-16,NA,0.1625,-19.9,5.325,0.0425
"66","CLBJ_002-M","D11","CLBJ_002",2019-04-15,NA,0.176666666666667,-25.1333333333333,3.1,0.0766666666666667
"67","CLBJ_003-M","D11","CLBJ_003",2019-04-15,NA,0.146666666666667,-24.7,4.9,0.0466666666666667
"68","CLBJ_006-M","D11","CLBJ_006",2019-04-16,NA,0.12,-22.8666666666667,3.5,0.0666666666666667
"69","CLBJ_031-M","D11","CLBJ_031",2019-04-16,NA,0.14,-21.4666666666667,4.13333333333333,0.0466666666666667
"70","CLBJ_032-M","D11","CLBJ_032",2019-04-15,NA,0.193333333333333,-19.8,5.26666666666667,0.0566666666666667
"71","CLBJ_033-M","D11","CLBJ_033",2019-04-15,NA,0.145,-24.15,3.73333333333333,0.07
"72","CLBJ_034-M","D11","CLBJ_034",2019-04-16,NA,3.52,-17.8,2.65,0.13
"73","CLBJ_038-M","D11","CLBJ_038",2019-04-16,NA,0.193333333333333,-22.4,5.1,0.07
"74","CLBJ_040-M","D11","CLBJ_040",2019-04-15,NA,0.176666666666667,-24.7,4,0.116666666666667
"75","CPER_001-M","D10","CPER_001",2014-07-15,NA,2.39333333333333,-18.1666666666667,6.36666666666667,0.12
"76","CPER_002-M","D10","CPER_002",2014-07-15,NA,0.843333333333333,-18.2333333333333,6.43333333333333,0.0766666666666667
"77","CPER_003-M","D10","CPER_003",2014-07-15,NA,0.75,-20.3,7.5,0.07
"78","CPER_003-M","D10","CPER_003",2014-07-16,NA,0.615,-20.6,5.7,0.07
"79","CPER_004-M","D10","CPER_004",2014-07-15,NA,0.776666666666667,-18.6333333333333,4.96666666666667,0.08
"80","CPER_005-M","D10","CPER_005",2014-07-17,NA,0.563333333333333,-19.7333333333333,6.4,0.0733333333333333
"81","CPER_006-M","D10","CPER_006",2014-07-15,NA,0.826666666666667,-19.1333333333333,7.5,0.09
"82","CPER_007-M","D10","CPER_007",2014-07-17,NA,0.72,-19.7666666666667,5.63333333333333,0.08
"83","CPER_045-M","D10","CPER_045",2014-07-16,NA,0.693333333333333,-19.5,6.7,0.0666666666666667
"84","CPER_046-M","D10","CPER_046",2014-07-16,NA,0.8,-18.6666666666667,7.13333333333333,0.08
"85","CPER_047-M","D10","CPER_047",2014-07-17,NA,0.66,-20.1333333333333,7.06666666666667,0.0733333333333333
"86","DCFS_003-M","D09","DCFS_003",2019-07-31,NA,2.83,-22.4,4.9125,0.4075
"87","DCFS_004-M","D09","DCFS_004",2019-07-29,NA,1.92,-21.3666666666667,4.6,0.323333333333333
"88","DCFS_006-M","D09","DCFS_006",2019-07-29,NA,2.91666666666667,-21.9666666666667,4.98333333333333,0.44
"89","DCFS_007-M","D09","DCFS_007",2019-07-22,NA,2.07666666666667,-24.0333333333333,4.06666666666667,0.36
"90","DCFS_008-M","D09","DCFS_008",2019-07-22,NA,3.54333333333333,-22.6,5.43333333333333,0.336666666666667
"91","DCFS_009-M","D09","DCFS_009",2019-07-29,NA,2.22333333333333,-20.9666666666667,3.55,0.156666666666667
"92","DCFS_062-M","D09","DCFS_062",2019-07-24,NA,2.70333333333333,-23.1666666666667,4.3,0.36
"93","DCFS_063-M","D09","DCFS_063",2019-07-24,NA,3.1025,-25.95,3.675,0.32
"94","DCFS_065-M","D09","DCFS_065",2019-07-24,NA,1.67333333333333,-23.2,4.03333333333333,0.28
"95","DCFS_067-M","D09","DCFS_067",2019-07-24,NA,1.01666666666667,-21.8666666666667,3.88333333333333,0.29
"96","DEJU_001-M","D19","DEJU_001",2018-06-19,22.1,4.97333333333333,-26.4,4.56666666666667,0.223333333333333
"97","DEJU_001-O","D19","DEJU_001",2018-06-19,25.9,19.3233333333333,-26.4333333333333,2.5,0.74
"98","DEJU_002-M","D19","DEJU_002",2018-06-19,19.725,1.4225,-26.6,4.975,0.07
"99","DEJU_002-O","D19","DEJU_002",2018-06-19,26.2333333333333,17.4933333333333,-27.8,2.56666666666667,0.67
"100","DEJU_006-M","D19","DEJU_006",2018-06-18,20.1333333333333,5.06333333333333,-25.1666666666667,3.9,0.236666666666667
"101","DEJU_006-O","D19","DEJU_006",2018-06-18,28.7666666666667,22.34,-25.8333333333333,0.2,0.76
"102","DEJU_009-M","D19","DEJU_009",2018-06-19,17.3,2.425,-26.1,4.1,0.14
"103","DEJU_009-M","D19","DEJU_009",2018-06-20,21.7,8.29,-26.1,5.3,0.38
"104","DEJU_009-O","D19","DEJU_009",2018-06-19,23.0666666666667,25.1666666666667,-26.5666666666667,1.93333333333333,1.10666666666667
"105","DEJU_014-M","D19","DEJU_014",2018-06-18,18.7,3.24333333333333,-26.4666666666667,4.76666666666667,0.173333333333333
"106","DEJU_014-O","D19","DEJU_014",2018-06-18,24.2666666666667,21.4966666666667,-27.6666666666667,2.03333333333333,0.83
"107","DEJU_015-M","D19","DEJU_015",2018-06-20,17.2333333333333,1.32333333333333,-26.4,4.53333333333333,0.08
"108","DEJU_015-O","D19","DEJU_015",2018-06-20,22.55,20.58,-27.4,2.625,0.935
"109","DEJU_045-M","D19","DEJU_045",2018-06-21,19.7,2.07666666666667,-25.9666666666667,5.16666666666667,0.103333333333333
"110","DEJU_045-O","D19","DEJU_045",2018-06-21,24.0333333333333,11.25,-27.1666666666667,2.2,0.473333333333333
"111","DEJU_046-M","D19","DEJU_046",2018-06-21,22,3.8375,-26.5,4.775,0.17
"112","DEJU_046-O","D19","DEJU_046",2018-06-21,24.4333333333333,14.99,-27.1666666666667,2.96666666666667,0.613333333333333
"113","DEJU_047-M","D19","DEJU_047",2018-06-21,20.2333333333333,3.53666666666667,-26.9,4.16666666666667,0.176666666666667
"114","DEJU_047-O","D19","DEJU_047",2018-06-21,37.15,35.4725,-27.65,1.275,0.9525
"115","DEJU_048-M","D19","DEJU_048",2018-06-21,22.7666666666667,3.79333333333333,-26.6333333333333,4.4,0.166666666666667
"116","DEJU_048-O","D19","DEJU_048",2018-06-21,41.9,16.2833333333333,-27.7,2.46666666666667,0.39
"117","DELA_001-M","D08","DELA_001",2015-08-17,12.325,0.735,-27.45,6,0.0625
"118","DELA_001-M","D08","DELA_001",2019-06-26,11.975,0.4475,-26.775,5.075,0.0375
"119","DELA_002-M","D08","DELA_002",2015-08-17,9.63333333333333,1.24333333333333,-26.2333333333333,7.56666666666667,0.13
"120","DELA_002-M","D08","DELA_002",2019-06-24,10.1333333333333,1.38333333333333,-25.8666666666667,7.6,0.13
"121","DELA_003-M","D08","DELA_003",2015-08-17,10.4666666666667,1.77666666666667,-26.3333333333333,6.83333333333333,0.17
"122","DELA_003-M","D08","DELA_003",2019-06-26,11.0666666666667,1.96333333333333,-26.6333333333333,6.7,0.176666666666667
"123","DELA_004-M","D08","DELA_004",2015-08-19,10.1333333333333,1.38666666666667,-25.8,6.43333333333333,0.136666666666667
"124","DELA_004-M","D08","DELA_004",2019-06-24,10.9666666666667,1.66333333333333,-25.8,6.56666666666667,0.15
"125","DELA_005-M","D08","DELA_005",2015-08-19,11.2,0.98,-26.8666666666667,5.43333333333333,0.0866666666666667
"126","DELA_005-M","D08","DELA_005",2019-06-24,11.1666666666667,0.956666666666667,-26.7,5.56666666666667,0.0866666666666667
"127","DELA_014-M","D08","DELA_014",2015-08-17,11.9666666666667,2.07,-25.9333333333333,6.8,0.173333333333333
"128","DELA_014-M","D08","DELA_014",2019-06-24,13.5666666666667,2.48,-27.0333333333333,6.83333333333333,0.183333333333333
"129","DELA_037-M","D08","DELA_037",2015-08-18,10.5333333333333,1.51666666666667,-25.8333333333333,5.86666666666667,0.143333333333333
"130","DELA_037-M","D08","DELA_037",2019-06-26,11.1666666666667,1.75,-26.7333333333333,5.63333333333333,0.156666666666667
"131","DELA_038-M","D08","DELA_038",2015-08-18,9.3,1.33666666666667,-25.6666666666667,6.53333333333333,0.136666666666667
"132","DELA_038-M","D08","DELA_038",2019-06-26,10.7,2.0975,-26.075,6.4,0.1975
"133","DELA_040-M","D08","DELA_040",2015-08-18,10.4333333333333,1.46333333333333,-26.2,6.1,0.14
"134","DELA_040-M","D08","DELA_040",2019-06-26,11.2666666666667,1.90333333333333,-26.4666666666667,6.06666666666667,0.17
"135","DELA_041-M","D08","DELA_041",2015-08-18,11.05,1.8875,-26.275,6.375,0.17
"136","DELA_041-M","D08","DELA_041",2019-06-26,11.6333333333333,2.07333333333333,-26.6,6.56666666666667,0.18
"137","DSNY_001-M","D03","DSNY_001",2014-08-13,24.4,0.816666666666667,-25.4333333333333,2.4,0.0333333333333333
"138","DSNY_001-M","D03","DSNY_001",2018-08-22,27.575,0.63,-25.7,3.9,0.0225
"139","DSNY_002-M","D03","DSNY_002",2014-08-13,29,2.14,-26.35,2.5,0.075
"140","DSNY_002-M","D03","DSNY_002",2014-10-22,30.2,1.99,-25.6,4,0.07
"141","DSNY_003-M","D03","DSNY_003",2014-08-13,30.38,2.76,-23.68,3.2,0.092
"142","DSNY_003-M","D03","DSNY_003",2018-08-22,27.2,1.35,-25.2,2.9,0.05
"143","DSNY_003-M","D03","DSNY_003",2018-08-23,29.1,1.535,-25.25,3.4,0.05
"144","DSNY_004-M","D03","DSNY_004",2014-08-13,29.8,3.74,-21.8,3.4,0.125
"145","DSNY_004-M","D03","DSNY_004",2014-08-14,35.8,3.07,-26.7,4.2,0.09
"146","DSNY_004-M","D03","DSNY_004",2018-08-20,37.5,3.23666666666667,-25.4333333333333,4.83333333333333,0.0933333333333333
"147","DSNY_005-M","D03","DSNY_005",2014-05-15,30,1.71,-27.4,2.1,0.06
"148","DSNY_005-M","D03","DSNY_005",2014-08-14,26.3,0.71,-23.6,3.1,0.03
"149","DSNY_005-M","D03","DSNY_005",2014-08-18,28.9,1.02,-25.8,3.3,0.04
"150","DSNY_005-M","D03","DSNY_005",2018-08-20,33.3666666666667,1.15666666666667,-27.2,1.23333333333333,0.0333333333333333
"151","DSNY_006-M","D03","DSNY_006",2018-08-23,26.1,0.47,-25,1.8,0.02
"152","DSNY_009-M","D03","DSNY_009",2014-08-13,23.3333333333333,2.76666666666667,-19.2,2.86666666666667,0.12
"153","DSNY_009-M","D03","DSNY_009",2018-08-23,23.8333333333333,1.4,-19.9666666666667,2.73333333333333,0.0566666666666667
"154","DSNY_016-M","D03","DSNY_016",2014-08-13,16.5,0.626666666666667,-17.1333333333333,3.56666666666667,0.0366666666666667
"155","DSNY_041-M","D03","DSNY_041",2014-01-22,20.7,1.92,-19.8,2.6,0.09
"156","DSNY_041-M","D03","DSNY_041",2014-02-27,19.3,1.7,-20.7,2.8,0.09
"157","DSNY_041-M","D03","DSNY_041",2014-06-03,20.2,1.65,-20.1,2.7,0.08
"158","DSNY_041-M","D03","DSNY_041",2018-08-20,24.5,1.32666666666667,-21.9,3.33333333333333,0.0533333333333333
"159","DSNY_042-M","D03","DSNY_042",2018-08-20,18.05,0.92,-23,2.75,0.05
"160","DSNY_042-M","D03","DSNY_042",2018-08-22,24.3,3.915,-23.9,1.6,0.145
"161","DSNY_043-M","D03","DSNY_043",2014-08-14,21.9333333333333,1.35,-20.7,3.1,0.06
"162","DSNY_043-M","D03","DSNY_043",2018-08-23,20.4666666666667,0.88,-20.7666666666667,2.93333333333333,0.0433333333333333
"163","DSNY_044-M","D03","DSNY_044",2018-08-20,21.8,1.62666666666667,-22.4,4.4,0.07
"164","GRSM_001-M","D07","GRSM_001",2015-08-27,14.4333333333333,3.17666666666667,-26.3666666666667,3.46666666666667,0.21
"165","GRSM_002-M","D07","GRSM_002",2015-08-27,24.4666666666667,3.35666666666667,-27.4666666666667,4.56666666666667,0.126666666666667
"166","GRSM_002-O","D07","GRSM_002",2015-09-03,29.0333333333333,15.7633333333333,-27.7333333333333,1.76666666666667,0.546666666666667
"167","GRSM_003-M","D07","GRSM_003",2015-08-27,21.75,6.02,-26.95,6.1,0.275
"168","GRSM_003-O","D07","GRSM_003",2015-09-03,23,28.06,-27.4666666666667,0.466666666666667,1.21333333333333
"169","GRSM_006-M","D07","GRSM_006",2015-09-03,16.8,2.33,-27.025,4.4,0.1425
"170","GRSM_006-O","D07","GRSM_006",2015-09-03,23.0333333333333,18.3,-28,1.1,0.743333333333333
"171","GRSM_007-M","D07","GRSM_007",2015-09-03,24.6333333333333,5.91666666666667,-27.3333333333333,4.23333333333333,0.25
"172","GRSM_007-O","D07","GRSM_007",2015-09-03,25.2666666666667,25.5133333333333,-27.8666666666667,-0.133333333333333,1.03666666666667
"173","GRSM_016-M","D07","GRSM_016",2015-08-27,16.5,7.11333333333333,-25.1,4.23333333333333,0.42
"174","GRSM_016-O","D07","GRSM_016",2015-09-03,22.975,23.18,-26.775,1.075,1.165
"175","GRSM_047-M","D07","GRSM_047",2015-08-26,29.0666666666667,2.9,-27.8333333333333,5.06666666666667,0.1
"176","GRSM_047-O","D07","GRSM_047",2015-09-03,30.6666666666667,13.6666666666667,-28.3666666666667,1.43333333333333,0.443333333333333
"177","GRSM_050-M","D07","GRSM_050",2015-08-26,14.3333333333333,4.49666666666667,-26.6666666666667,3.96666666666667,0.316666666666667
"178","GRSM_051-M","D07","GRSM_051",2015-08-26,31.2333333333333,2.90666666666667,-27.9666666666667,2.26666666666667,0.0933333333333333
"179","GRSM_051-O","D07","GRSM_051",2015-09-03,32.2,30.5933333333333,-27.7333333333333,0.1,0.976666666666667
"180","GUAN_001-M","D04","GUAN_001",2016-09-28,NA,18.7266666666667,-25.7,7.63333333333333,0.793333333333333
"181","GUAN_001-M","D04","GUAN_001",2018-09-24,NA,11.5633333333333,-25.5333333333333,7.7,0.586666666666667
"182","GUAN_002-M","D04","GUAN_002",2016-09-27,NA,15.8566666666667,-25.7666666666667,6.3,1.23333333333333
"183","GUAN_002-M","D04","GUAN_002",2018-09-24,NA,12.64,-25.8666666666667,6.3,1.38333333333333
"184","GUAN_003-M","D04","GUAN_003",2016-09-28,NA,28.8266666666667,-26.1333333333333,7.2,1.96333333333333
"185","GUAN_003-M","D04","GUAN_003",2018-09-25,NA,22.17,-25.6666666666667,6.66666666666667,1.97
"186","GUAN_004-M","D04","GUAN_004",2016-09-27,NA,30.3266666666667,-25.6333333333333,6.83333333333333,1.67333333333333
"187","GUAN_004-M","D04","GUAN_004",2018-09-25,NA,21.8125,-25.6,7.375,1.535
"188","GUAN_006-M","D04","GUAN_006",2016-10-05,NA,18.1933333333333,-24.8333333333333,6.1,0.75
"189","GUAN_006-M","D04","GUAN_006",2018-09-27,NA,14.5866666666667,-24.5333333333333,6.13333333333333,1.13333333333333
"190","GUAN_007-M","D04","GUAN_007",2016-09-28,NA,39.8033333333333,-25.8666666666667,6.4,2.11
"191","GUAN_007-M","D04","GUAN_007",2018-09-25,NA,28.0266666666667,-25.8666666666667,6.4,2.09666666666667
"192","GUAN_042-M","D04","GUAN_042",2016-10-04,NA,30.515,-25.55,8.825,2.4
"193","GUAN_042-M","D04","GUAN_042",2018-09-26,NA,19.4533333333333,-24.8333333333333,8.4,1.98333333333333
"194","GUAN_043-M","D04","GUAN_043",2016-10-05,NA,17.7766666666667,-26.0666666666667,6.26666666666667,0.69
"195","GUAN_043-M","D04","GUAN_043",2018-09-27,NA,19.3566666666667,-25.4666666666667,6,0.753333333333333
"196","GUAN_048-M","D04","GUAN_048",2016-10-04,NA,13.44,-25.1333333333333,8.1,1.16
"197","GUAN_048-M","D04","GUAN_048",2018-09-26,NA,9.395,-24.9,7.825,1.1225
"198","GUAN_049-M","D04","GUAN_049",2016-10-04,NA,8.74,-24,8.4,0.965
"199","GUAN_049-M","D04","GUAN_049",2018-09-26,NA,9.77333333333333,-25.1,7.23333333333333,0.96
"200","HARV_001-M","D01","HARV_001",2014-07-15,22.6,4.42333333333333,-27.2666666666667,5.06666666666667,0.193333333333333
"201","HARV_001-M","D01","HARV_001",2018-07-10,20.3,2.88666666666667,-26.9666666666667,4.96666666666667,0.14
"202","HARV_001-O","D01","HARV_001",2014-07-15,25.675,26.63,-28.85,-0.95,1.0375
"203","HARV_001-O","D01","HARV_001",2018-07-10,25.9333333333333,26.0233333333333,-28.3666666666667,0.0333333333333333,0.996666666666667
"204","HARV_002-M","D01","HARV_002",2014-07-16,20.5,3.69,-27.3,5.23333333333333,0.186666666666667
"205","HARV_002-M","D01","HARV_002",2018-07-11,25.0333333333333,4.62,-27.3333333333333,4,0.183333333333333
"206","HARV_002-O","D01","HARV_002",2014-07-16,28.1666666666667,11.72,-27.7,2.66666666666667,0.413333333333333
"207","HARV_002-O","D01","HARV_002",2018-07-11,26.9333333333333,29.61,-28.4666666666667,-0.166666666666667,1.12
"208","HARV_004-M","D01","HARV_004",2014-07-15,17.6,4.79,-26.8666666666667,4.7,0.273333333333333
"209","HARV_004-M","D01","HARV_004",2018-07-10,15.6333333333333,4.17333333333333,-26.6,4.26666666666667,0.27
"210","HARV_004-O","D01","HARV_004",2014-07-15,21.8666666666667,36.9,-28.6333333333333,-0.733333333333333,1.68333333333333
"211","HARV_004-O","D01","HARV_004",2018-07-10,20.2666666666667,17.8633333333333,-28.0666666666667,-0.166666666666667,0.903333333333333
"212","HARV_005-M","D01","HARV_005",2018-07-11,18.5333333333333,3.19666666666667,-27.2666666666667,6.4,0.17
"213","HARV_005-O","D01","HARV_005",2018-07-11,24.2,23.35,-28.7,0.075,0.975
"214","HARV_010-M","D01","HARV_010",2014-07-15,25.6666666666667,3.42666666666667,-27.1333333333333,3.36666666666667,0.133333333333333
"215","HARV_010-O","D01","HARV_010",2014-07-15,25.7333333333333,30.6766666666667,-28.3,-1.5,1.19333333333333
"216","HARV_013-M","D01","HARV_013",2014-07-16,17.1,3.34,-25.8,4.7,0.19
"217","HARV_013-M","D01","HARV_013",2014-07-17,17.8,1.845,-24.95,6.15,0.105
"218","HARV_013-M","D01","HARV_013",2018-07-12,16.7333333333333,2.55666666666667,-25.3,5.26666666666667,0.153333333333333
"219","HARV_013-O","D01","HARV_013",2014-07-17,21.7,12.805,-26.75,2.05,0.575
"220","HARV_013-O","D01","HARV_013",2018-07-12,22.1666666666667,21.5433333333333,-27.5333333333333,0.466666666666667,0.986666666666667
"221","HARV_016-M","D01","HARV_016",2014-07-15,15.9,5.37,-27.7333333333333,4.93333333333333,0.346666666666667
"222","HARV_016-O","D01","HARV_016",2014-07-15,23.3333333333333,39.8866666666667,-28.8,0.433333333333333,1.70666666666667
"223","HARV_021-M","D01","HARV_021",2014-07-17,27.4,8.19,-27.4,2.43333333333333,0.3
"224","HARV_021-M","D01","HARV_021",2018-07-12,25.7,5.7825,-27.3,1.875,0.225
"225","HARV_021-O","D01","HARV_021",2014-07-17,29.2333333333333,15.7666666666667,-27.7333333333333,1.73333333333333,0.533333333333333
"226","HARV_021-O","D01","HARV_021",2018-07-12,28.4333333333333,42.15,-29.1333333333333,-1.66666666666667,1.50333333333333
"227","HARV_033-M","D01","HARV_033",2014-07-17,18.9,5.39666666666667,-27.5333333333333,5.56666666666667,0.286666666666667
"228","HARV_033-M","D01","HARV_033",2018-07-09,21.3,3.73,-27.0666666666667,5.1,0.176666666666667
"229","HARV_033-O","D01","HARV_033",2014-07-17,23.8333333333333,42.1133333333333,-28.0666666666667,-1.53333333333333,1.77
"230","HARV_033-O","D01","HARV_033",2018-07-09,26.4666666666667,33.0966666666667,-28.1333333333333,1.03333333333333,1.29333333333333
"231","HARV_034-M","D01","HARV_034",2014-07-17,22.05,4.7875,-26.475,5.225,0.2175
"232","HARV_034-M","D01","HARV_034",2018-07-09,21.9,3.05,-26,6.3,0.14
"233","HARV_034-M","D01","HARV_034",2018-07-10,25.05,5.585,-26.15,5.75,0.225
"234","HARV_034-O","D01","HARV_034",2014-07-17,30.3666666666667,42.23,-27.5666666666667,-0.666666666666667,1.39
"235","HARV_034-O","D01","HARV_034",2018-07-09,28.75,41.455,-27.45,-1.05,1.445
"236","HARV_034-O","D01","HARV_034",2018-07-10,31.7,41.48,-27.5,-0.35,1.305
"237","HARV_035-M","D01","HARV_035",2014-07-16,27.0666666666667,6.21666666666667,-27.4,3.96666666666667,0.23
"238","HARV_035-M","D01","HARV_035",2014-07-17,26.2,4.28,-27.2,4.7,0.16
"239","HARV_035-M","D01","HARV_035",2018-07-09,30.3333333333333,6.14333333333333,-26.7666666666667,4,0.203333333333333
"240","HARV_035-O","D01","HARV_035",2014-07-16,26.05,44.07,-28.55,-1.45,1.685
"241","HARV_035-O","D01","HARV_035",2014-07-17,32.9,41.31,-27.7,-1.3,1.26
"242","HARV_035-O","D01","HARV_035",2018-07-09,32.2666666666667,35.6633333333333,-27.8666666666667,-0.933333333333333,1.11
"243","HARV_037-M","D01","HARV_037",2018-07-10,30.7333333333333,8.46333333333333,-26.5666666666667,3.23333333333333,0.28
"244","HARV_037-O","D01","HARV_037",2018-07-10,34.7,38.555,-27.15,0.25,1.12
"245","HEAL_001-O","D19","HEAL_001",2016-08-04,24.225,33.155,-26.35,1.225,1.3575
"246","HEAL_004-O","D19","HEAL_004",2016-08-02,19.2,31.85,-27,2.6,1.66
"247","HEAL_004-O","D19","HEAL_004",2016-09-06,27.9,41.005,-26.95,2,1.475
"248","HEAL_005-O","D19","HEAL_005",2016-08-04,31.7333333333333,30.51,-26.8666666666667,1.2,0.963333333333333
"249","HEAL_010-M","D19","HEAL_010",2016-08-02,21.6,2.79,-26.3,3.8,0.13
"250","HEAL_010-O","D19","HEAL_010",2016-08-02,26.9,31.33,-27.25,0.8,1.185
"251","HEAL_011-O","D19","HEAL_011",2016-08-03,24.8666666666667,25.1466666666667,-26.4,2.13333333333333,1.04666666666667
"252","HEAL_025-O","D19","HEAL_025",2016-08-03,24.2,27.9366666666667,-26.8,2.06666666666667,1.20333333333333
"253","HEAL_045-O","D19","HEAL_045",2016-07-27,27.3666666666667,37.3533333333333,-26.0666666666667,1.36666666666667,1.36666666666667
"254","HEAL_046-O","D19","HEAL_046",2016-07-26,26.25,26.3775,-26.35,1.5,1.02
"255","HEAL_047-O","D19","HEAL_047",2016-07-26,27.4666666666667,28.6966666666667,-26.3333333333333,1.86666666666667,1.06
"256","HEAL_048-O","D19","HEAL_048",2016-07-26,24.8333333333333,28.8066666666667,-26.3333333333333,0.933333333333333,1.18333333333333
"257","JERC_001-M","D03","JERC_001",2014-08-05,20.0666666666667,0.843333333333333,-23.0333333333333,5.3,0.0433333333333333
"258","JERC_001-M","D03","JERC_001",2019-07-29,19.625,0.685,-24.3,4.475,0.0325
"259","JERC_002-M","D03","JERC_002",2014-08-05,28.3666666666667,1.21666666666667,-26,4.06666666666667,0.0433333333333333
"260","JERC_002-M","D03","JERC_002",2019-07-30,29.9666666666667,1.08333333333333,-26.8666666666667,3.1,0.0366666666666667
"261","JERC_003-M","D03","JERC_003",2014-08-05,19.0666666666667,0.92,-25.8,3.86666666666667,0.0466666666666667
"262","JERC_003-M","D03","JERC_003",2019-07-29,17.5,0.965,-25.85,3.55,0.055
"263","JERC_003-M","D03","JERC_003",2019-07-30,15.4,0.89,-27,2.8,0.06
"264","JERC_004-M","D03","JERC_004",2019-07-30,20.2,0.876666666666667,-25.0666666666667,4.43333333333333,0.0433333333333333
"265","JERC_005-M","D03","JERC_005",2014-08-05,34.1,1.20333333333333,-26.2,4.33333333333333,0.04
"266","JERC_005-M","D03","JERC_005",2019-07-29,29.0333333333333,1.35,-27.1666666666667,2.3,0.0466666666666667
"267","JERC_006-M","D03","JERC_006",2014-08-05,26.175,1.1725,-26.3,3.8,0.045
"268","JERC_006-M","D03","JERC_006",2019-07-29,30.0333333333333,1.13333333333333,-26.3666666666667,2.76666666666667,0.04
"269","JERC_008-M","D03","JERC_008",2014-08-05,25.1333333333333,0.92,-26,3.76666666666667,0.0333333333333333
"270","JERC_047-M","D03","JERC_047",2014-08-05,22,0.72,-25.2333333333333,3.23333333333333,0.03
"271","JERC_047-M","D03","JERC_047",2019-07-30,24.6,0.986666666666667,-25.6,2.73333333333333,0.04
"272","JERC_048-M","D03","JERC_048",2014-08-05,25.575,1.055,-24.425,4.25,0.04
"273","JERC_048-M","D03","JERC_048",2019-07-30,27.275,1.2375,-26.125,3.525,0.045
"274","JERC_049-M","D03","JERC_049",2014-08-05,26.1666666666667,1.12666666666667,-25.4333333333333,3.43333333333333,0.04
"275","JERC_049-M","D03","JERC_049",2019-07-30,27.6333333333333,0.833333333333333,-26.1333333333333,4,0.0266666666666667
"276","JERC_050-M","D03","JERC_050",2019-07-30,19.8333333333333,1.05666666666667,-26.4,2.7,0.0566666666666667
"277","JORN_001-M","D14","JORN_001",2016-07-19,NA,0.1725,-20.575,7.725,0.0275
"278","JORN_001-M","D14","JORN_001",2017-08-08,NA,0.0966666666666667,-22.3,6,0.0233333333333333
"279","JORN_002-M","D14","JORN_002",2016-07-19,NA,0.386666666666667,-21.6666666666667,6.36666666666667,0.0233333333333333
"280","JORN_002-M","D14","JORN_002",2017-08-08,NA,0.0875,-23.75,5.425,0.0275
"281","JORN_003-M","D14","JORN_003",2016-07-19,NA,0.103333333333333,-19.5666666666667,6.43333333333333,0.0266666666666667
"282","JORN_003-M","D14","JORN_003",2017-08-08,NA,0.075,-22.375,5.55,0.0275
"283","JORN_004-M","D14","JORN_004",2016-07-19,NA,0.16,-19.4333333333333,6.33333333333333,0.03
"284","JORN_004-M","D14","JORN_004",2017-08-08,NA,0.13,-20.4,5.73333333333333,0.0366666666666667
"285","JORN_005-M","D14","JORN_005",2016-07-19,NA,0.27,-19.5666666666667,6.4,0.0233333333333333
"286","JORN_005-M","D14","JORN_005",2017-08-08,NA,0.156666666666667,-20.6666666666667,5.56666666666667,0.0233333333333333
"287","JORN_006-M","D14","JORN_006",2016-07-19,NA,0.286666666666667,-20.1666666666667,5.16666666666667,0.0233333333333333
"288","JORN_006-M","D14","JORN_006",2017-08-08,NA,0.0766666666666667,-22.2333333333333,5.03333333333333,0.03
"289","JORN_042-M","D14","JORN_042",2016-07-19,NA,0.163333333333333,-19.5333333333333,5.46666666666667,0.0266666666666667
"290","JORN_042-M","D14","JORN_042",2017-08-08,NA,0.143333333333333,-20.7,4.93333333333333,0.0266666666666667
"291","JORN_044-M","D14","JORN_044",2016-07-19,NA,0.5125,-18.075,5.675,0.035
"292","JORN_044-M","D14","JORN_044",2017-08-08,NA,0.1,-21.7666666666667,4.66666666666667,0.0233333333333333
"293","JORN_045-M","D14","JORN_045",2016-07-19,NA,0.623333333333333,-21.2666666666667,5.6,0.0266666666666667
"294","JORN_045-M","D14","JORN_045",2017-08-08,NA,0.12,-21.8333333333333,4.73333333333333,0.0333333333333333
"295","JORN_047-M","D14","JORN_047",2016-07-19,NA,0.216666666666667,-19,5.36666666666667,0.03
"296","JORN_047-M","D14","JORN_047",2017-08-08,NA,0.1,-21.3,5.36666666666667,0.0366666666666667
"297","KONA_001-M","D06","KONA_001",2019-06-19,8.875,0.9575,-17.4,6.2,0.11
"298","KONA_002-M","D06","KONA_002",2019-06-17,10.05,1.38,-17.95,6.9,0.135
"299","KONA_003-M","D06","KONA_003",2019-06-17,10.0333333333333,1.62666666666667,-18.8333333333333,6.2,0.163333333333333
"300","KONA_004-M","D06","KONA_004",2019-06-19,9.76666666666667,1.16666666666667,-16.7333333333333,6.66666666666667,0.12
"301","KONA_005-M","D06","KONA_005",2019-06-17,9.86666666666667,1.36666666666667,-16.4666666666667,8,0.136666666666667
"302","KONA_006-M","D06","KONA_006",2019-06-17,8.73333333333333,1.00333333333333,-21.4666666666667,5.03333333333333,0.116666666666667
"303","KONA_048-M","D06","KONA_048",2019-06-18,10.4666666666667,1.28666666666667,-16.8,6.5,0.123333333333333
"304","KONA_054-M","D06","KONA_054",2019-06-18,9.875,1.345,-18.85,5.875,0.135
"305","KONA_057-M","D06","KONA_057",2019-06-18,9.3,1.08666666666667,-17.6333333333333,6.76666666666667,0.116666666666667
"306","KONA_059-M","D06","KONA_059",2019-06-18,11.5666666666667,1.97333333333333,-18.2,6.43333333333333,0.173333333333333
"307","KONZ_001-M","D06","KONZ_001",2015-08-19,NA,3.8425,-15.6,3.875,0.3425
"308","KONZ_001-M","D06","KONZ_001",2017-07-10,NA,4.36666666666667,-15.5666666666667,3.6,0.326666666666667
"309","KONZ_002-M","D06","KONZ_002",2015-08-24,NA,4.16666666666667,-15.9666666666667,3.46666666666667,0.336666666666667
"310","KONZ_002-M","D06","KONZ_002",2017-07-10,NA,4.625,-15.625,2.55,0.3625
"311","KONZ_003-M","D06","KONZ_003",2015-08-19,NA,4.81,-17.125,3.4,0.406666666666667
"312","KONZ_003-M","D06","KONZ_003",2017-07-10,NA,6.01,-18.3333333333333,2.23333333333333,0.46
"313","KONZ_004-M","D06","KONZ_004",2015-08-24,NA,2.75333333333333,-16.4333333333333,2.53333333333333,0.27
"314","KONZ_004-M","D06","KONZ_004",2017-07-10,NA,4.12,-15.7333333333333,2.63333333333333,0.313333333333333
"315","KONZ_005-M","D06","KONZ_005",2015-08-19,NA,3.56333333333333,-16.3,4.33333333333333,0.296666666666667
"316","KONZ_005-M","D06","KONZ_005",2017-07-10,NA,4.05666666666667,-17,3.5,0.373333333333333
"317","KONZ_024-M","D06","KONZ_024",2015-08-24,NA,5.51,-18.0666666666667,3.73333333333333,0.396666666666667
"318","KONZ_024-M","D06","KONZ_024",2017-07-10,NA,4.65333333333333,-15.5666666666667,3.5,0.343333333333333
"319","KONZ_042-M","D06","KONZ_042",2015-08-20,NA,4.41,-15.5666666666667,4.56666666666667,0.353333333333333
"320","KONZ_042-M","D06","KONZ_042",2017-07-12,NA,4.64666666666667,-15.8,3.26666666666667,0.343333333333333
"321","KONZ_043-M","D06","KONZ_043",2015-08-20,NA,4.516,-17.12,3.975,0.3875
"322","KONZ_043-M","D06","KONZ_043",2017-07-11,NA,4.04666666666667,-16.9,3.7,0.35
"323","KONZ_045-M","D06","KONZ_045",2015-08-20,NA,5.28666666666667,-15.3666666666667,3.23333333333333,0.38
"324","KONZ_045-M","D06","KONZ_045",2017-07-12,NA,4.99,-16.475,3.05,0.38
"325","KONZ_046-M","D06","KONZ_046",2015-08-20,NA,4.01666666666667,-17.4333333333333,3.9,0.383333333333333
"326","KONZ_046-O","D06","KONZ_046",2015-08-20,NA,NA,NA,0.0666666666666667,0.95
"327","LENO_001-M","D08","LENO_001",2018-07-11,9.43333333333333,1.47666666666667,-27.3666666666667,5.36666666666667,0.153333333333333
"328","LENO_002-M","D08","LENO_002",2018-07-09,9.7,2.24,-26.1666666666667,7.03333333333333,0.23
"329","LENO_003-M","D08","LENO_003",2018-07-09,10.3333333333333,2.63333333333333,-26.7,7.63333333333333,0.256666666666667
"330","LENO_004-M","D08","LENO_004",2018-07-09,10.8,1.3,-26.2,5.525,0.1225
"331","LENO_005-M","D08","LENO_005",2018-07-09,11.2,0.993333333333333,-27.6333333333333,4.56666666666667,0.0866666666666667
"332","LENO_006-M","D08","LENO_006",2018-07-09,9.7,2.38333333333333,-26.5666666666667,6.96666666666667,0.243333333333333
"333","LENO_061-M","D08","LENO_061",2018-07-09,9.23333333333333,1.74666666666667,-25.7333333333333,6.83333333333333,0.19
"334","LENO_062-M","D08","LENO_062",2018-07-09,10.0333333333333,1.34666666666667,-25.9,5.8,0.133333333333333
"335","LENO_063-M","D08","LENO_063",2018-07-09,13.525,1.745,-26.55,4.475,0.13
"336","LENO_064-M","D08","LENO_064",2018-07-09,10.9,1.00333333333333,-25.9,5.96666666666667,0.09
"337","MLBS_001-M","D07","MLBS_001",2018-06-11,13.9,2.32,-26.3,6.7,0.166666666666667
"338","MLBS_001-O","D07","MLBS_001",2018-06-11,16.1666666666667,6.57333333333333,-27.1,3,0.41
"339","MLBS_002-M","D07","MLBS_002",2018-06-12,19.2,13.0825,-27.3,4.45,0.7125
"340","MLBS_002-O","D07","MLBS_002",2018-06-12,20.3333333333333,37.4566666666667,-27.7666666666667,0.333333333333333,1.81666666666667
"341","MLBS_003-M","D07","MLBS_003",2018-06-12,14.5,5.29666666666667,-26.1,6.6,0.366666666666667
"342","MLBS_003-O","D07","MLBS_003",2018-06-12,18.4333333333333,20.6166666666667,-26.8666666666667,3.43333333333333,1.12333333333333
"343","MLBS_005-M","D07","MLBS_005",2018-06-11,20.2,3.56333333333333,-26.9333333333333,6.06666666666667,0.18
"344","MLBS_005-O","D07","MLBS_005",2018-06-11,19.6,5.88333333333333,-27.5666666666667,2.96666666666667,0.3
"345","MLBS_006-M","D07","MLBS_006",2018-06-12,13.1333333333333,1.04666666666667,-26.3333333333333,4.96666666666667,0.0833333333333333
"346","MLBS_006-O","D07","MLBS_006",2018-06-12,21.3666666666667,11.9966666666667,-28.1333333333333,1.46666666666667,0.513333333333333
"347","MLBS_007-M","D07","MLBS_007",2018-06-12,20.9333333333333,1.32,-26.9666666666667,8.03333333333333,0.0633333333333333
"348","MLBS_007-O","D07","MLBS_007",2018-06-12,25.6,11.555,-27.9,2.7,0.4325
"349","MLBS_061-M","D07","MLBS_061",2018-06-12,20.4,2.28333333333333,-26.9333333333333,6.36666666666667,0.11
"350","MLBS_061-O","D07","MLBS_061",2018-06-12,21.7333333333333,18.4,-27.6,2.26666666666667,0.823333333333333
"351","MLBS_063-M","D07","MLBS_063",2018-06-12,17.55,1.9425,-26.825,6.8,0.1125
"352","MLBS_063-O","D07","MLBS_063",2018-06-12,20.4666666666667,11.1633333333333,-27.6333333333333,1.63333333333333,0.556666666666667
"353","MLBS_064-M","D07","MLBS_064",2018-06-12,16.7333333333333,1.74333333333333,-26.3666666666667,7.73333333333333,0.103333333333333
"354","MLBS_064-O","D07","MLBS_064",2018-06-12,19.85,9.63,-27.5,2.075,0.4825
"355","MLBS_067-M","D07","MLBS_067",2018-06-12,17.9666666666667,2.89666666666667,-26.8333333333333,6.86666666666667,0.163333333333333
"356","MLBS_067-O","D07","MLBS_067",2018-06-12,20.7666666666667,19.3166666666667,-27.5333333333333,2.16666666666667,0.936666666666667
"357","MOAB_001-M","D13","MOAB_001",2016-07-27,NA,0.373333333333333,-19.8,7.33333333333333,0.06
"358","MOAB_001-M","D13","MOAB_001",2017-05-21,NA,0.253333333333333,-21.5333333333333,6.875,0.045
"359","MOAB_002-M","D13","MOAB_002",2016-07-26,NA,0.226666666666667,-22.7333333333333,7.03333333333333,0.0333333333333333
"360","MOAB_002-M","D13","MOAB_002",2017-05-22,NA,0.1125,-21.15,7.3,0.0333333333333333
"361","MOAB_003-M","D13","MOAB_003",2016-07-27,NA,1.78333333333333,-22.8333333333333,2.46666666666667,0.183333333333333
"362","MOAB_003-M","D13","MOAB_003",2017-05-22,NA,0.496666666666667,-22.8666666666667,3.26666666666667,0.106666666666667
"363","MOAB_004-M","D13","MOAB_004",2016-07-28,NA,0.3,-20.525,7.85,0.0375
"364","MOAB_004-M","D13","MOAB_004",2017-05-21,NA,0.136666666666667,-22.3333333333333,8.23333333333333,0.0333333333333333
"365","MOAB_005-M","D13","MOAB_005",2016-07-26,NA,0.31,-19.1666666666667,7.63333333333333,0.0433333333333333
"366","MOAB_005-M","D13","MOAB_005",2017-05-22,NA,0.213333333333333,-19.3333333333333,7.8,0.0433333333333333
"367","MOAB_006-M","D13","MOAB_006",2016-07-28,NA,0.0566666666666667,-21.8333333333333,6.96666666666667,0.03
"368","MOAB_006-M","D13","MOAB_006",2017-05-21,NA,0.07,-22.8,7.73333333333333,0.0266666666666667
"369","MOAB_044-M","D13","MOAB_044",2016-07-25,NA,0.3475,-20.65,7.45,0.0375
"370","MOAB_044-M","D13","MOAB_044",2017-05-23,NA,0.11,-21.0333333333333,6.9,0.0433333333333333
"371","MOAB_045-M","D13","MOAB_045",2016-07-25,NA,0.173333333333333,-19.9666666666667,7.83333333333333,0.03
"372","MOAB_045-M","D13","MOAB_045",2017-05-23,NA,0.1875,-21.75,7.825,0.03
"373","MOAB_046-M","D13","MOAB_046",2016-07-26,NA,0.186666666666667,-20.3333333333333,7.06666666666667,0.0366666666666667
"374","MOAB_046-M","D13","MOAB_046",2017-05-23,NA,0.13,-21.6666666666667,7.26666666666667,0.0366666666666667
"375","MOAB_047-M","D13","MOAB_047",2016-07-25,NA,0.23,-21,7.13333333333333,0.0333333333333333
"376","MOAB_047-M","D13","MOAB_047",2017-05-23,NA,0.146666666666667,-20.6666666666667,7.7,0.0333333333333333
"377","NIWO_001-M","D13","NIWO_001",2015-07-29,37.1,7.25,-26,-0.0999999999999999,0.193333333333333
"378","NIWO_001-M","D13","NIWO_001",2019-08-07,27.55,4.385,-26.25,2.85,0.16
"379","NIWO_001-O","D13","NIWO_001",2015-07-29,34.6,21.26,-25.85,-0.55,0.6325
"380","NIWO_001-O","D13","NIWO_001",2019-08-07,29.2666666666667,41.9533333333333,-26.6,-1.43333333333333,1.43333333333333
"381","NIWO_002-M","D13","NIWO_002",2015-07-28,36.35,5.145,-25.2,2.1,0.14
"382","NIWO_002-M","D13","NIWO_002",2019-07-29,32.9666666666667,3.91,-25.9666666666667,1.6,0.116666666666667
"383","NIWO_002-O","D13","NIWO_002",2015-07-28,34.25,24.875,-25.45,-1.45,0.815
"384","NIWO_002-O","D13","NIWO_002",2019-07-29,30.15,37.605,-26.45,-2.2,1.25
"385","NIWO_003-M","D13","NIWO_003",2019-07-31,12.0333333333333,9.13666666666667,-24.6333333333333,4.2,0.76
"386","NIWO_003-O","D13","NIWO_003",2015-07-28,13.6333333333333,8.26666666666667,-24.7666666666667,3.6,0.583333333333333
"387","NIWO_004-M","D13","NIWO_004",2015-07-29,24.4,4.18,-25.1,0.233333333333333,0.173333333333333
"388","NIWO_004-M","D13","NIWO_004",2019-07-31,24.9666666666667,3.71,-24.8666666666667,2.46666666666667,0.15
"389","NIWO_004-O","D13","NIWO_004",2015-07-29,26.6,24.815,-25.45,-1.3,0.93
"390","NIWO_004-O","D13","NIWO_004",2019-07-31,27.6,42.6033333333333,-26.1,-1.9,1.54333333333333
"391","NIWO_005-M","D13","NIWO_005",2019-07-31,24.4666666666667,2.73333333333333,-25.5333333333333,2.93333333333333,0.11
"392","NIWO_005-O","D13","NIWO_005",2019-07-31,28.7,46.5,-26.3,-2.1,1.62
"393","NIWO_006-M","D13","NIWO_006",2019-07-31,12.225,10.1775,-25.15,3.8,0.8425
"394","NIWO_006-O","D13","NIWO_006",2015-07-28,12.1666666666667,16.07,-24.4333333333333,3.53333333333333,1.35
"395","NIWO_008-M","D13","NIWO_008",2015-07-28,14.2,5.18,-25.3,2.8,0.36
"396","NIWO_008-O","D13","NIWO_008",2015-07-28,13.7,12.37,-24.6333333333333,3.76666666666667,0.91
"397","NIWO_040-M","D13","NIWO_040",2015-07-29,24.1,5.94333333333333,-24.2,2.7,0.233333333333333
"398","NIWO_040-M","D13","NIWO_040",2019-08-07,19.5,3.49666666666667,-24.4333333333333,4.2,0.173333333333333
"399","NIWO_040-O","D13","NIWO_040",2015-07-29,22.975,26.125,-24.775,-0.175,1.1575
"400","NIWO_040-O","D13","NIWO_040",2019-08-07,23.4,35.49,-25.6,-1.43333333333333,1.50666666666667
"401","NIWO_041-M","D13","NIWO_041",2015-07-27,15.4333333333333,6.8,-24.7666666666667,4.9,0.443333333333333
"402","NIWO_041-M","D13","NIWO_041",2019-08-05,13.0666666666667,4.12333333333333,-24.8666666666667,6.03333333333333,0.323333333333333
"403","NIWO_041-O","D13","NIWO_041",2015-07-27,16.7,21.04,-25.8666666666667,1.26666666666667,1.25
"404","NIWO_042-M","D13","NIWO_042",2015-07-29,13,5.48,-29.8,5.6,0.405
"405","NIWO_042-M","D13","NIWO_042",2019-08-05,13.8333333333333,8.30333333333333,-25.6333333333333,3.9,0.6
"406","NIWO_042-O","D13","NIWO_042",2015-07-29,13.7,7.11,-25.3,2.2,0.52
"407","NIWO_043-M","D13","NIWO_043",2019-08-05,12,9.17,-24.5666666666667,6.4,0.763333333333333
"408","NIWO_043-O","D13","NIWO_043",2015-07-27,12.6,11.61,-24.5,5.53333333333333,0.92
"409","OAES_001-M","D11","OAES_001",2015-07-28,NA,0.775,-17.025,2.775,0.1
"410","OAES_001-M","D11","OAES_001",2018-05-29,NA,1.16,-18.7,2.43333333333333,0.13
"411","OAES_002-M","D11","OAES_002",2015-07-28,NA,1.20333333333333,-17.7666666666667,3.1,0.163333333333333
"412","OAES_002-M","D11","OAES_002",2018-05-30,NA,1.30666666666667,-16.6,3.33333333333333,0.176666666666667
"413","OAES_003-M","D11","OAES_003",2015-07-28,NA,1.13333333333333,-18.8666666666667,2.76666666666667,0.176666666666667
"414","OAES_003-M","D11","OAES_003",2018-05-29,NA,1.05333333333333,-17.2666666666667,2.76666666666667,0.18
"415","OAES_004-M","D11","OAES_004",2015-07-27,NA,0.95,-17.9666666666667,2.26666666666667,0.16
"416","OAES_004-M","D11","OAES_004",2018-05-29,NA,1.11,-18.4,2.75,0.17
"417","OAES_007-M","D11","OAES_007",2015-07-28,NA,0.573333333333333,-21.6,1.06666666666667,0.0933333333333333
"418","OAES_007-M","D11","OAES_007",2018-05-30,NA,0.653333333333333,-18.9666666666667,2.03333333333333,0.09
"419","OAES_009-M","D11","OAES_009",2015-07-29,NA,1.05333333333333,-18.0333333333333,0.733333333333333,0.126666666666667
"420","OAES_009-M","D11","OAES_009",2018-05-30,NA,0.79,-18.7,1.13333333333333,0.1
"421","OAES_042-M","D11","OAES_042",2018-05-29,NA,1.32,-18.2333333333333,3.43333333333333,0.176666666666667
"422","OAES_043-M","D11","OAES_043",2018-05-30,NA,0.95,-17.7666666666667,3.3,0.153333333333333
"423","OAES_044-M","D11","OAES_044",2018-05-30,NA,1.225,-17.325,3.925,0.1525
"424","OAES_045-M","D11","OAES_045",2018-05-30,NA,1.18,-17.0666666666667,3.9,0.163333333333333
"425","ONAQ_002-M","D15","ONAQ_002",2014-08-11,NA,1.34,-24.1,7.9,0.07
"426","ONAQ_002-M","D15","ONAQ_002",2016-07-29,NA,0.76,-23.4,7.46666666666667,0.0766666666666667
"427","ONAQ_003-M","D15","ONAQ_003",2014-08-12,NA,2.425,-24.3,6.95,0.15
"428","ONAQ_003-M","D15","ONAQ_003",2016-07-25,NA,1.14333333333333,-22.1333333333333,7.26666666666667,0.11
"429","ONAQ_004-M","D15","ONAQ_004",2014-08-11,NA,0.78,-22.6,8.1,0.09
"430","ONAQ_004-M","D15","ONAQ_004",2016-07-27,NA,1.05333333333333,-20.6333333333333,8.1,0.113333333333333
"431","ONAQ_005-M","D15","ONAQ_005",2014-08-12,NA,1.71,-22.7,9.7,0.09
"432","ONAQ_005-M","D15","ONAQ_005",2016-07-26,NA,0.965,-21.75,8.125,0.0825
"433","ONAQ_006-M","D15","ONAQ_006",2014-08-14,NA,5.39,-24.3,3.9,0.28
"434","ONAQ_007-M","D15","ONAQ_007",2014-08-11,NA,2.01,-24.3,7.3,0.12
"435","ONAQ_008-M","D15","ONAQ_008",2014-08-12,NA,4.68,-24.3,4.4,0.19
"436","ONAQ_008-M","D15","ONAQ_008",2016-07-30,NA,2.93333333333333,-24.2333333333333,4.26666666666667,0.183333333333333
"437","ONAQ_009-M","D15","ONAQ_009",2014-08-12,NA,1.95,-21.5,10.2,0.1
"438","ONAQ_010-M","D15","ONAQ_010",2014-08-11,NA,2.81,-24.4,4.2,0.15
"439","ONAQ_010-M","D15","ONAQ_010",2016-07-29,NA,3.11333333333333,-23.7333333333333,3.56666666666667,0.26
"440","ONAQ_017-M","D15","ONAQ_017",2014-08-13,NA,5.71,-24.8,2.3,0.25
"441","ONAQ_041-M","D15","ONAQ_041",2014-08-13,NA,1.3,-23.9,8.9,0.07
"442","ONAQ_041-M","D15","ONAQ_041",2016-07-29,NA,0.3975,-21.925,9.075,0.07
"443","ONAQ_042-M","D15","ONAQ_042",2014-08-14,NA,1.11,-24.6,8.2,0.08
"444","ONAQ_042-M","D15","ONAQ_042",2016-07-27,NA,0.523333333333333,-22.2666666666667,8.66666666666667,0.0733333333333333
"445","ONAQ_043-M","D15","ONAQ_043",2014-08-13,NA,1.07,-23.4,8.7,0.06
"446","ONAQ_043-M","D15","ONAQ_043",2016-07-27,NA,0.446666666666667,-21.8,8.36666666666667,0.0766666666666667
"447","ONAQ_044-M","D15","ONAQ_044",2014-08-13,NA,1.05,-23.3,10.4,0.06
"448","ONAQ_044-M","D15","ONAQ_044",2016-07-27,NA,0.343333333333333,-21.9,9.83333333333333,0.0566666666666667
"449","ORNL_001-M","D07","ORNL_001",2014-07-15,13.5,1.81,-27.4,3.2,0.13
"450","ORNL_001-M","D07","ORNL_001",2017-06-19,21.6666666666667,1.91666666666667,-26.9333333333333,2.7,0.0866666666666667
"451","ORNL_001-O","D07","ORNL_001",2014-07-15,16.1,3.49,-28.2,1.3,0.22
"452","ORNL_001-O","D07","ORNL_001",2015-08-12,19.375,6.8425,-28.175,-1.075,0.3525
"453","ORNL_001-O","D07","ORNL_001",2017-06-19,28.2333333333333,19.1,-28.1,-0.366666666666667,0.606666666666667
"454","ORNL_002-M","D07","ORNL_002",2017-06-19,15.65,0.965,-27.05,4.3,0.06
"455","ORNL_002-O","D07","ORNL_002",2014-07-14,18.1,3.99,-27.9,1.3,0.22
"456","ORNL_002-O","D07","ORNL_002",2015-08-13,21.0333333333333,9.77333333333333,-27.8666666666667,-0.6,0.463333333333333
"457","ORNL_002-O","D07","ORNL_002",2017-06-19,19,6.69666666666667,-28.0333333333333,0.366666666666667,0.326666666666667
"458","ORNL_003-M","D07","ORNL_003",2014-07-14,11.5,0.65,-26.2,6.1,0.06
"459","ORNL_003-M","D07","ORNL_003",2017-06-19,12.9333333333333,1.29,-26.4333333333333,4.63333333333333,0.1
"460","ORNL_003-O","D07","ORNL_003",2014-07-14,19.5,3.96,-28.1,1.9,0.2
"461","ORNL_003-O","D07","ORNL_003",2017-06-19,14.8,4.46333333333333,-27.4,1.23333333333333,0.303333333333333
"462","ORNL_021-M","D07","ORNL_021",2014-07-14,9.9,1.22,-24.6,4.3,0.12
"463","ORNL_021-M","D07","ORNL_021",2017-06-19,9.03333333333333,0.74,-24.5,4.73333333333333,0.08
"464","ORNL_021-O","D07","ORNL_021",2014-07-14,11.2,4.79,-28.3,0.8,0.43
"465","ORNL_021-O","D07","ORNL_021",2015-08-13,12.7,5.41,-28,0.3,0.43
"466","ORNL_021-O","D07","ORNL_021",2015-08-14,12.2,2.43,-27.75,0.3,0.215
"467","ORNL_021-O","D07","ORNL_021",2017-06-19,11.6333333333333,5.02333333333333,-27.9,0.633333333333333,0.43
"468","ORNL_027-M","D07","ORNL_027",2014-07-15,12.7,1.29,-25.7,3.6,0.1
"469","ORNL_027-M","D07","ORNL_027",2017-06-21,11.4666666666667,1.03666666666667,-25.5,4.36666666666667,0.09
"470","ORNL_027-O","D07","ORNL_027",2014-07-15,14.1,4.26,-27.1,0.7,0.3
"471","ORNL_027-O","D07","ORNL_027",2015-08-12,18.5,7.25,-27.4666666666667,-0.6,0.4
"472","ORNL_027-O","D07","ORNL_027",2017-06-21,15.25,4.265,-27.475,0.35,0.275
"473","ORNL_029-M","D07","ORNL_029",2014-07-14,12.7,3.14,-24.8,5.1,0.25
"474","ORNL_029-M","D07","ORNL_029",2017-06-21,12.3,1.94,-25.9666666666667,4.5,0.143333333333333
"475","ORNL_029-O","D07","ORNL_029",2014-07-14,14,6.01,-27,1.9,0.43
"476","ORNL_029-O","D07","ORNL_029",2017-06-21,17.1,5.54333333333333,-27.8666666666667,0.933333333333333,0.326666666666667
"477","ORNL_031-M","D07","ORNL_031",2014-07-14,9.5,1.09,-22.6,6.2,0.11
"478","ORNL_031-O","D07","ORNL_031",2014-07-14,10.2,3.39,-25.2,2.6,0.33
"479","ORNL_036-M","D07","ORNL_036",2014-07-15,20.2,2.08,-26.6,5.6,0.1
"480","ORNL_036-O","D07","ORNL_036",2014-07-15,20.8,13.9,-27,2.1,0.67
"481","ORNL_037-M","D07","ORNL_037",2014-07-15,23,1.87,-27,3.5,0.08
"482","ORNL_037-O","D07","ORNL_037",2014-07-15,23.3,8.05,-28.4,1.8,0.35
"483","ORNL_043-M","D07","ORNL_043",2014-07-15,21,0.79,-27.1,6.7,0.04
"484","ORNL_043-M","D07","ORNL_043",2017-06-21,20.275,0.98,-27.4,7.15,0.05
"485","ORNL_043-O","D07","ORNL_043",2014-07-15,22.1,8.66,-27.95,1.45,0.395
"486","ORNL_043-O","D07","ORNL_043",2015-08-13,23.9333333333333,18.46,-27.7333333333333,0.333333333333333,0.783333333333333
"487","ORNL_043-O","D07","ORNL_043",2017-06-21,25.4666666666667,10.3066666666667,-28.4333333333333,2.03333333333333,0.403333333333333
"488","ORNL_046-M","D07","ORNL_046",2015-08-14,19.2666666666667,1.81666666666667,-27.4,3.86666666666667,0.0966666666666667
"489","ORNL_046-M","D07","ORNL_046",2017-06-21,19.0333333333333,1.65333333333333,-27.2666666666667,4.76666666666667,0.0866666666666667
"490","ORNL_046-O","D07","ORNL_046",2015-08-14,19.2666666666667,14.6966666666667,-27.7333333333333,-1.85037170770859e-17,0.746666666666667
"491","ORNL_046-O","D07","ORNL_046",2017-06-21,19.9666666666667,9.2,-27.9333333333333,1.2,0.456666666666667
"492","ORNL_049-M","D07","ORNL_049",2015-08-14,16.7,1.45666666666667,-26.4333333333333,3.93333333333333,0.0866666666666667
"493","ORNL_049-M","D07","ORNL_049",2017-06-21,14.4666666666667,1.29333333333333,-26.6,4.63333333333333,0.0933333333333333
"494","ORNL_049-O","D07","ORNL_049",2015-08-14,20.525,11.05,-27.825,-0.3,0.5075
"495","ORNL_049-O","D07","ORNL_049",2017-06-21,18.7,7.32333333333333,-27.6666666666667,0.566666666666667,0.393333333333333
"496","ORNL_053-M","D07","ORNL_053",2015-08-14,19.075,1.48,-27.15,4.725,0.08
"497","ORNL_053-M","D07","ORNL_053",2017-06-21,16.5,1.26666666666667,-26.6333333333333,5.86666666666667,0.08
"498","ORNL_053-O","D07","ORNL_053",2015-08-14,19.7,8.25666666666667,-28.3333333333333,-0.133333333333333,0.416666666666667
"499","ORNL_053-O","D07","ORNL_053",2017-06-21,17.85,5.9025,-28,1.425,0.33
"500","OSBS_001-M","D03","OSBS_001",2014-08-18,24.6666666666667,1.15,-27.6666666666667,1.16666666666667,0.0466666666666667
"501","OSBS_002-M","D03","OSBS_002",2014-08-18,32.2333333333333,0.75,-26,3.4,0.0233333333333333
"502","OSBS_003-M","D03","OSBS_003",2014-08-18,29.6,1.10666666666667,-26.1333333333333,4.3,0.0333333333333333
"503","OSBS_004-M","D03","OSBS_004",2014-06-11,28,0.48,-26.1,3.4,0.02
"504","OSBS_004-M","D03","OSBS_004",2014-08-13,49.7,2.28,-25.8,-11.1,0.05
"505","OSBS_004-M","D03","OSBS_004",2014-08-18,39.7,1.56,-25.1,-0.5,0.04
"506","OSBS_005-M","D03","OSBS_005",2014-06-11,13.8,6.09,-26.8,0.7,0.44
"507","OSBS_005-M","D03","OSBS_005",2014-07-01,13.2,3.41,-25.9,0.1,0.26
"508","OSBS_005-M","D03","OSBS_005",2014-08-18,10,32.05,-28.6,0.5,3.19
"509","OSBS_022-M","D03","OSBS_022",2014-07-01,17.9,47.37,-26.7,1.35,2.65
"510","OSBS_022-M","D03","OSBS_022",2014-08-18,17.1,23.315,-26.5,1.6,1.35
"511","OSBS_025-M","D03","OSBS_025",2014-06-11,24.7,0.58,-24.7,3.1,0.025
"512","OSBS_025-M","D03","OSBS_025",2014-08-18,25.25,0.47,-23.3,4,0.02
"513","OSBS_026-M","D03","OSBS_026",2014-07-01,28.7,0.45,-25.5,3.9,0.02
"514","OSBS_026-M","D03","OSBS_026",2014-07-10,36.9,0.7,-26.6,3.3,0.02
"515","OSBS_026-M","D03","OSBS_026",2014-08-05,54.8,1.12,-25.1,2,0.02
"516","OSBS_027-M","D03","OSBS_027",2014-05-21,47.3,2.96,-25.9,-3.7,0.06
"517","OSBS_027-M","D03","OSBS_027",2014-08-05,26.8,0.6,-26.5,2.3,0.02
"518","OSBS_027-M","D03","OSBS_027",2014-08-18,36.1,3.51,-26.8,-6,0.1
"519","PUUM_004-M","D20","PUUM_004",2019-01-09,NA,13.87,-26.6,0.25,0.865
"520","PUUM_004-M","D20","PUUM_004",2019-01-10,NA,11.23,-26.95,-0.45,0.615
"521","PUUM_006-M","D20","PUUM_006",2019-01-07,NA,28.31,-27,-1.3,1.31
"522","PUUM_006-M","D20","PUUM_006",2019-01-08,NA,23.78,-26.6,0.25,1.515
"523","PUUM_006-O","D20","PUUM_006",2019-01-07,NA,38.725,-27.9,-3.3,1.475
"524","PUUM_006-O","D20","PUUM_006",2019-01-08,NA,35.87,-27.4,-2.7,1.85
"525","PUUM_007-M","D20","PUUM_007",2019-01-09,NA,11.9633333333333,-27.1666666666667,0.1,0.82
"526","PUUM_007-O","D20","PUUM_007",2019-01-09,NA,27.5433333333333,-28.5333333333333,-2.3,1.26
"527","PUUM_010-M","D20","PUUM_010",2019-01-09,NA,21.5266666666667,-27.2666666666667,-0.566666666666667,1.08
"528","PUUM_010-O","D20","PUUM_010",2019-01-09,NA,23.2366666666667,-27.6666666666667,-1.06666666666667,1.10333333333333
"529","PUUM_014-O","D20","PUUM_014",2019-01-07,NA,29.93,-27.525,-0.475,1.6325
"530","PUUM_015-M","D20","PUUM_015",2019-01-10,NA,13.0566666666667,-26.4666666666667,-0.0333333333333333,0.673333333333333
"531","PUUM_015-O","D20","PUUM_015",2019-01-10,NA,32.35,-27.5,-3.03333333333333,1.41666666666667
"532","PUUM_031-M","D20","PUUM_031",2019-01-04,NA,42.5,-26.25,0.925,2.3725
"533","PUUM_032-O","D20","PUUM_032",2019-01-09,NA,36.4233333333333,-27.6,-1.73333333333333,1.26
"534","PUUM_034-O","D20","PUUM_034",2019-01-04,NA,49.25,-27.0333333333333,-1.03333333333333,2.33666666666667
"535","PUUM_036-O","D20","PUUM_036",2019-01-04,NA,30.8733333333333,-27.5,-0.633333333333333,1.84666666666667
"536","SCBI_002-M","D02","SCBI_002",2014-08-25,12.6666666666667,4.94333333333333,-26.2666666666667,3.63333333333333,0.396666666666667
"537","SCBI_003-M","D02","SCBI_003",2014-08-26,13.7,3.98,-26.2,3.7,0.29
"538","SCBI_003-M","D02","SCBI_003",2014-08-27,13.8,6.435,-25.9,3.25,0.46
"539","SCBI_003-M","D02","SCBI_003",2017-07-17,13.7,5.7175,-25.95,3.425,0.4175
"540","SCBI_004-M","D02","SCBI_004",2014-08-25,11.9333333333333,2.12,-26.5333333333333,3.43333333333333,0.176666666666667
"541","SCBI_004-M","D02","SCBI_004",2017-07-17,11.3,1.94666666666667,-26.3,3.7,0.173333333333333
"542","SCBI_005-M","D02","SCBI_005",2014-08-26,11.3666666666667,1.88,-25.4333333333333,5.73333333333333,0.163333333333333
"543","SCBI_005-M","D02","SCBI_005",2017-07-19,11.2333333333333,2.43,-25.3666666666667,4.5,0.216666666666667
"544","SCBI_006-M","D02","SCBI_006",2014-08-26,10.2,1.985,-26.6,4.95,0.195
"545","SCBI_006-M","D02","SCBI_006",2014-08-27,10.4,1.25,-26,4.9,0.12
"546","SCBI_006-M","D02","SCBI_006",2017-07-17,10.8333333333333,1.89,-26.4333333333333,5.23333333333333,0.173333333333333
"547","SCBI_008-M","D02","SCBI_008",2016-08-05,12.225,1.7425,-26.55,4.075,0.1425
"548","SCBI_008-M","D02","SCBI_008",2017-07-18,11.9333333333333,2.04,-26.5666666666667,3.66666666666667,0.17
"549","SCBI_012-M","D02","SCBI_012",2014-08-25,10.1666666666667,1.43,-26.3333333333333,3.63333333333333,0.14
"550","SCBI_012-M","D02","SCBI_012",2017-07-19,10.1,2.02333333333333,-26.3333333333333,3.4,0.203333333333333
"551","SCBI_033-M","D02","SCBI_033",2014-08-26,10.5333333333333,2.21666666666667,-26.5,6.03333333333333,0.21
"552","SCBI_045-M","D02","SCBI_045",2014-08-25,11.6333333333333,2.11666666666667,-26.1666666666667,3.6,0.183333333333333
"553","SCBI_045-M","D02","SCBI_045",2017-07-17,12.0666666666667,2.59333333333333,-26.5333333333333,2.96666666666667,0.216666666666667
"554","SCBI_046-M","D02","SCBI_046",2014-08-25,13.1666666666667,1.79666666666667,-26.2333333333333,3.86666666666667,0.136666666666667
"555","SCBI_047-M","D02","SCBI_047",2015-08-04,11.7,2.69,-26.8,3.45,0.2275
"556","SCBI_047-M","D02","SCBI_047",2017-07-19,12.075,2.66,-26.6,3.45,0.22
"557","SCBI_049-M","D02","SCBI_049",2015-08-03,13.2333333333333,5.45666666666667,-26.7666666666667,2.46666666666667,0.406666666666667
"558","SCBI_049-M","D02","SCBI_049",2017-07-19,12.9333333333333,2.42,-26.4666666666667,4.2,0.2
"559","SCBI_067-M","D02","SCBI_067",2014-08-27,11.7,2.60666666666667,-26.6333333333333,3.53333333333333,0.22
"560","SCBI_067-M","D02","SCBI_067",2017-07-19,11.2666666666667,3.37666666666667,-26.4666666666667,3.83333333333333,0.293333333333333
"561","SERC_001-M","D02","SERC_001",2017-07-10,11.2,1.8075,-25.775,3.225,0.16
"562","SERC_002-M","D02","SERC_002",2017-07-12,15.0666666666667,2.06666666666667,-26.8,3.36666666666667,0.14
"563","SERC_003-M","D02","SERC_003",2017-07-11,11.9666666666667,1.20666666666667,-26.7,1.7,0.103333333333333
"564","SERC_004-M","D02","SERC_004",2017-07-10,11.6333333333333,1.62,-26.7,2.73333333333333,0.136666666666667
"565","SERC_005-M","D02","SERC_005",2017-07-11,12.1,2.39,-26.2666666666667,3.73333333333333,0.19
"566","SERC_007-M","D02","SERC_007",2017-07-10,8.76666666666667,0.88,-24.5333333333333,6.53333333333333,0.103333333333333
"567","SERC_044-M","D02","SERC_044",2017-07-11,10.3,1.28,-26.4,5.13333333333333,0.123333333333333
"568","SERC_045-M","D02","SERC_045",2017-07-11,14.4,2.18,-27.35,2.35,0.1425
"569","SERC_047-M","D02","SERC_047",2017-07-11,14.1333333333333,1.69333333333333,-26.9,3.4,0.12
"570","SERC_049-M","D02","SERC_049",2017-07-11,13.3666666666667,1.44666666666667,-26.4,3.26666666666667,0.106666666666667
"571","SJER_001-M","D17","SJER_001",2019-03-13,10,0.763333333333333,-27.7,3.16666666666667,0.0733333333333333
"572","SJER_002-M","D17","SJER_002",2019-03-12,11.7,0.626666666666667,-27.1,2.13333333333333,0.0566666666666667
"573","SJER_003-M","D17","SJER_003",2019-03-11,11.1333333333333,0.553333333333333,-27.0333333333333,3.5,0.05
"574","SJER_004-M","D17","SJER_004",2019-03-12,14.3,1.4375,-26.475,2.6,0.1025
"575","SJER_005-M","D17","SJER_005",2019-03-12,10.9333333333333,0.75,-27.2666666666667,2.4,0.07
"576","SJER_025-M","D17","SJER_025",2019-03-13,12.8,1.06,-27.4333333333333,2.2,0.0833333333333333
"577","SJER_045-M","D17","SJER_045",2019-03-11,12.0333333333333,1.56333333333333,-27.7333333333333,1.73333333333333,0.126666666666667
"578","SJER_046-M","D17","SJER_046",2019-03-11,13.4,2.12666666666667,-27.2,1.33333333333333,0.16
"579","SJER_047-M","D17","SJER_047",2019-03-13,12.6,0.92,-27.525,1.8,0.0725
"580","SJER_048-M","D17","SJER_048",2019-03-13,11.2333333333333,0.856666666666667,-27.1,3.23333333333333,0.0766666666666667
"581","SOAP_001-M","D17","SOAP_001",2018-05-29,21.8333333333333,3.56,-26.1666666666667,1.73333333333333,0.166666666666667
"582","SOAP_002-M","D17","SOAP_002",2018-05-31,20.6333333333333,3.86333333333333,-26.1333333333333,-0.0666666666666667,0.186666666666667
"583","SOAP_003-M","D17","SOAP_003",2018-05-31,21.6,1.9525,-26.4,1.375,0.0925
"584","SOAP_004-M","D17","SOAP_004",2018-05-30,21.1,3.83,-25.95,2.35,0.185
"585","SOAP_004-O","D17","SOAP_004",2018-05-30,27.7,6.64,-26,0.4,0.24
"586","SOAP_005-M","D17","SOAP_005",2018-05-29,21.1,2.98,-25.6,1.8,0.14
"587","SOAP_005-M","D17","SOAP_005",2018-05-30,24.05,3.18,-25.7,2.1,0.135
"588","SOAP_031-M","D17","SOAP_031",2018-05-31,22.1,2.26333333333333,-25.9333333333333,1.43333333333333,0.103333333333333
"589","SOAP_043-M","D17","SOAP_043",2018-05-31,21.3333333333333,1.89333333333333,-25.8666666666667,1.36666666666667,0.09
"590","SOAP_044-M","D17","SOAP_044",2018-05-30,22.425,3.905,-25.375,1.9,0.1725
"591","SOAP_045-M","D17","SOAP_045",2018-05-30,21.9,4.39333333333333,-25.6666666666667,1,0.203333333333333
"592","SRER_001-M","D14","SRER_001",2016-07-21,NA,0.74,-18.75,5.85,0.08
"593","SRER_002-M","D14","SRER_002",2016-07-21,NA,0.29,-18,6.86666666666667,0.0333333333333333
"594","SRER_003-M","D14","SRER_003",2016-07-21,NA,0.15,-19.6666666666667,6.56666666666667,0.0233333333333333
"595","SRER_004-M","D14","SRER_004",2016-07-22,NA,0.466666666666667,-19.9,5.96666666666667,0.0833333333333333
"596","SRER_005-M","D14","SRER_005",2016-07-21,NA,0.76,-19.3333333333333,5.16666666666667,0.09
"597","SRER_006-M","D14","SRER_006",2016-07-21,NA,0.51,-18.8,6.56666666666667,0.0433333333333333
"598","SRER_043-M","D14","SRER_043",2016-07-21,NA,0.356666666666667,-20.3666666666667,5.76666666666667,0.04
"599","SRER_047-M","D14","SRER_047",2016-07-21,NA,0.5075,-20.375,5.975,0.0425
"600","SRER_052-M","D14","SRER_052",2016-07-21,NA,0.23,-20.3333333333333,5.66666666666667,0.0366666666666667
"601","SRER_053-M","D14","SRER_053",2016-07-21,NA,0.203333333333333,-19.2,6.5,0.04
"602","STEI_001-M","D05","STEI_001",2015-07-27,12.525,4.3025,-25.475,4.825,0.3425
"603","STEI_001-M","D05","STEI_001",2017-07-05,12.925,9.77,-25.375,5.3,0.765
"604","STEI_002-M","D05","STEI_002",2015-07-27,13.6333333333333,2.15666666666667,-26,4.03333333333333,0.156666666666667
"605","STEI_002-M","D05","STEI_002",2017-07-05,12.7,1.81,-25.9666666666667,4.16666666666667,0.14
"606","STEI_003-M","D05","STEI_003",2015-07-27,14.8,1.825,-26,4.2,0.125
"607","STEI_003-M","D05","STEI_003",2017-07-05,15.1666666666667,1.94666666666667,-26.2,4,0.126666666666667
"608","STEI_004-M","D05","STEI_004",2015-07-27,14.2333333333333,2.69,-25.9666666666667,3.73333333333333,0.186666666666667
"609","STEI_004-M","D05","STEI_004",2017-07-05,14.5333333333333,2.32333333333333,-26,3.9,0.163333333333333
"610","STEI_008-M","D05","STEI_008",2015-07-27,15.7666666666667,1.97333333333333,-25.7666666666667,5.2,0.123333333333333
"611","STEI_008-M","D05","STEI_008",2017-07-05,16.4,1.46,-25.8666666666667,4.9,0.09
"612","STEI_021-M","D05","STEI_021",2015-07-28,20.8666666666667,21.51,-25.1333333333333,2.76666666666667,1.03333333333333
"613","STEI_021-M","D05","STEI_021",2017-07-05,17.8666666666667,31.7666666666667,-28.4333333333333,1.13333333333333,1.74
"614","STEI_021-O","D05","STEI_021",2015-07-28,15.55,38.47,-26.85,0.9,2.48
"615","STEI_021-O","D05","STEI_021",2017-07-05,17.85,42.685,-27.45,0.6,2.405
"616","STEI_047-M","D05","STEI_047",2015-07-28,17.1333333333333,2.39,-26.5666666666667,2.2,0.14
"617","STEI_047-M","D05","STEI_047",2017-07-06,15.075,1.89,-26.625,2.875,0.1275
"618","STEI_053-M","D05","STEI_053",2015-07-28,15.5666666666667,1.74666666666667,-26.5666666666667,2.3,0.113333333333333
"619","STEI_053-M","D05","STEI_053",2017-07-06,16.2,2.67,-26.5666666666667,2.76666666666667,0.173333333333333
"620","STEI_059-M","D05","STEI_059",2015-07-28,15.4333333333333,2.73,-26.2333333333333,3.5,0.176666666666667
"621","STEI_059-M","D05","STEI_059",2017-07-06,18.7666666666667,2.45333333333333,-26.2666666666667,4.23333333333333,0.133333333333333
"622","STEI_060-M","D05","STEI_060",2015-07-28,21.9666666666667,2.82333333333333,-26.1666666666667,3.26666666666667,0.126666666666667
"623","STEI_060-M","D05","STEI_060",2017-07-06,24,8.745,-26.375,2.925,0.35
"624","STEI_060-O","D05","STEI_060",2017-07-06,23.3,22.77,-27.75,0.55,1.06
"625","STER_006-M","D10","STER_006",2017-06-06,NA,0.65,-18.4,7.3,0.103333333333333
"626","STER_007-M","D10","STER_007",2014-07-24,NA,1.89333333333333,-20.5333333333333,7.63333333333333,0.116666666666667
"627","STER_010-M","D10","STER_010",2017-06-06,NA,0.743333333333333,-18.6333333333333,6.36666666666667,0.103333333333333
"628","STER_011-M","D10","STER_011",2017-06-06,NA,0.895,-18.9,6.825,0.0975
"629","STER_012-M","D10","STER_012",2017-06-06,NA,1.02333333333333,-18.6,7.46666666666667,0.116666666666667
"630","STER_016-M","D10","STER_016",2017-06-06,NA,0.56,-18,6.96666666666667,0.09
"631","STER_026-M","D10","STER_026",2014-07-22,NA,1.53,-18.75,8.15,0.105
"632","STER_026-M","D10","STER_026",2014-07-23,NA,1.62,-18.5,8.1,0.1
"633","STER_026-M","D10","STER_026",2017-06-05,NA,0.9,-17.8,7.26666666666667,0.103333333333333
"634","STER_027-M","D10","STER_027",2014-07-23,NA,1.30666666666667,-19.7333333333333,7.63333333333333,0.1
"635","STER_027-M","D10","STER_027",2017-06-05,NA,0.926666666666667,-19.1,7.16666666666667,0.09
"636","STER_028-M","D10","STER_028",2014-07-22,NA,1.07,-19.2333333333333,6.96666666666667,0.0966666666666667
"637","STER_028-M","D10","STER_028",2017-06-05,NA,0.686666666666667,-19.0333333333333,7.03333333333333,0.0933333333333333
"638","STER_029-M","D10","STER_029",2014-07-24,NA,1.13333333333333,-20,7.3,0.09
"639","STER_029-M","D10","STER_029",2017-06-05,NA,0.47,-18.2,7.2,0.08
"640","STER_031-M","D10","STER_031",2014-07-23,NA,1.06666666666667,-19.5666666666667,7.66666666666667,0.0933333333333333
"641","STER_031-M","D10","STER_031",2017-06-05,NA,0.655,-18.75,7.4,0.085
"642","STER_032-M","D10","STER_032",2014-07-24,NA,1.28333333333333,-19.9333333333333,7.6,0.103333333333333
"643","STER_033-M","D10","STER_033",2014-07-23,NA,1.00333333333333,-19.7,7.06666666666667,0.0833333333333333
"644","STER_034-M","D10","STER_034",2014-07-23,NA,1.25,-20.2666666666667,6.06666666666667,0.0833333333333333
"645","STER_035-M","D10","STER_035",2014-07-23,NA,0.75,-19.3333333333333,6.26666666666667,0.08
"646","TALL_001-M","D08","TALL_001",2014-07-08,35.2,4.14333333333333,-27.3666666666667,4.96666666666667,0.12
"647","TALL_001-M","D08","TALL_001",2017-06-12,21.3,1.98,-26.7,6.2,0.09
"648","TALL_001-O","D08","TALL_001",2014-07-08,27.6,9.69666666666667,-28.1333333333333,2.16666666666667,0.356666666666667
"649","TALL_001-O","D08","TALL_001",2017-06-12,25.65,6.71,-27.95,3.925,0.2625
"650","TALL_002-M","D08","TALL_002",2014-07-08,26.9666666666667,1.88,-27.4333333333333,3.73333333333333,0.0733333333333333
"651","TALL_002-M","D08","TALL_002",2017-06-12,22.6666666666667,1.25333333333333,-27.0333333333333,4.9,0.0533333333333333
"652","TALL_002-O","D08","TALL_002",2014-07-08,31.4,5.63,-28.4,1.1,0.18
"653","TALL_003-M","D08","TALL_003",2014-07-07,20.7333333333333,2.11333333333333,-27.8333333333333,2.93333333333333,0.106666666666667
"654","TALL_003-M","D08","TALL_003",2017-06-12,23.1333333333333,1.38333333333333,-27.2666666666667,3.66666666666667,0.0566666666666667
"655","TALL_003-O","D08","TALL_003",2014-07-07,21.9,4.8,-29,0.3,0.22
"656","TALL_004-M","D08","TALL_004",2014-07-08,28.2,0.915,-26.675,4.625,0.0325
"657","TALL_004-M","D08","TALL_004",2017-06-12,27.2,1.08666666666667,-26.5333333333333,3.4,0.0366666666666667
"658","TALL_006-M","D08","TALL_006",2014-07-07,25.7666666666667,2.13666666666667,-26.9,4.3,0.08
"659","TALL_006-M","D08","TALL_006",2017-06-12,27.1,1.28333333333333,-27.0333333333333,4,0.0466666666666667
"660","TALL_006-O","D08","TALL_006",2014-07-07,26.75,8.735,-27.8,1.1,0.315
"661","TALL_007-M","D08","TALL_007",2014-07-08,19.7333333333333,0.866666666666667,-27.6,4.26666666666667,0.0433333333333333
"662","TALL_007-M","D08","TALL_007",2017-06-12,19.9666666666667,1.22,-27.1,3.33333333333333,0.0566666666666667
"663","TALL_007-O","D08","TALL_007",2017-06-12,22.2,8.88,-27.35,2.9,0.3
"664","TALL_009-M","D08","TALL_009",2014-07-07,28.0666666666667,2.66666666666667,-26.6,4.86666666666667,0.09
"665","TALL_009-O","D08","TALL_009",2014-07-07,22.5,7.27,-27.9,1.15,0.325
"666","TALL_044-M","D08","TALL_044",2014-07-07,26.3,1.13,-27.6333333333333,4,0.0433333333333333
"667","TALL_044-M","D08","TALL_044",2017-06-14,24.8,1.0575,-27.35,3.8,0.0425
"668","TALL_047-M","D08","TALL_047",2017-06-14,32.2666666666667,2.39333333333333,-26.8333333333333,4.76666666666667,0.07
"669","TALL_051-M","D08","TALL_051",2014-07-07,33.475,2.05,-27.35,3.45,0.06
"670","TALL_051-M","D08","TALL_051",2017-06-14,31.1,1.63666666666667,-26.9,3.8,0.0533333333333333
"671","TALL_054-M","D08","TALL_054",2014-07-07,32.8666666666667,1.38,-27.1333333333333,4.2,0.04
"672","TALL_054-M","D08","TALL_054",2017-06-14,32.95,1.4825,-26.7,4.625,0.0425
"673","TOOL_001-M","D18","TOOL_001",2017-07-21,23.3,29.65,-27.2,1.4,1.27
"674","TOOL_001-M","D18","TOOL_001",2017-07-22,24.7,3.35,-27.5,-1,0.14
"675","TOOL_001-O","D18","TOOL_001",2017-07-21,22.4,34.17,-26.05,1.45,1.55
"676","TOOL_001-O","D18","TOOL_001",2017-07-22,27.6,21.38,-26.3,1.9,0.78
"677","TOOL_002-M","D18","TOOL_002",2017-07-21,18.7,5.34,-27.2,3,0.29
"678","TOOL_002-M","D18","TOOL_002",2017-07-22,15.9,7.59,-26,4.2,0.48
"679","TOOL_002-O","D18","TOOL_002",2017-07-21,17.8,40.43,-26.5,3.2,2.28
"680","TOOL_002-O","D18","TOOL_002",2017-07-22,18.0333333333333,34.37,-26.1333333333333,3.1,1.90333333333333
"681","TOOL_003-O","D18","TOOL_003",2017-07-26,16.3666666666667,32.05,-26.8,2,1.97
"682","TOOL_004-M","D18","TOOL_004",2017-07-26,19.4,3.5,-27.3,2.55,0.18
"683","TOOL_004-M","D18","TOOL_004",2017-07-27,19.8,3.58,-27.3,1.9,0.18
"684","TOOL_004-O","D18","TOOL_004",2017-07-26,20.45,30.075,-26.35,1.65,1.47
"685","TOOL_005-M","D18","TOOL_005",2017-07-21,20.9,7.4525,-27.025,3.15,0.3725
"686","TOOL_005-O","D18","TOOL_005",2017-07-21,29.2666666666667,38.9766666666667,-26.3,2.6,1.33
"687","TOOL_006-M","D18","TOOL_006",2017-07-21,17.8,5.73,-26.55,1.2,0.32
"688","TOOL_006-O","D18","TOOL_006",2017-07-21,19.2666666666667,35.86,-25.6666666666667,1.7,1.87333333333333
"689","TOOL_041-M","D18","TOOL_041",2017-07-19,20.7,3.09,-26.1,3,0.15
"690","TOOL_041-O","D18","TOOL_041",2017-07-19,32.6,37.1475,-26.475,0.3,1.1875
"691","TOOL_042-M","D18","TOOL_042",2017-07-19,23.95,4.12,-27.3,3.15,0.17
"692","TOOL_042-M","D18","TOOL_042",2017-07-20,20.6,5.65,-26.6,3.3,0.27
"693","TOOL_042-O","D18","TOOL_042",2017-07-19,24.15,28.235,-25.8,1.85,1.18
"694","TOOL_042-O","D18","TOOL_042",2017-07-20,37.5,40.32,-25.7,2.1,1.07
"695","TOOL_043-M","D18","TOOL_043",2017-07-19,21.6,2.59,-27.5,2.4,0.12
"696","TOOL_043-O","D18","TOOL_043",2017-07-19,36.6333333333333,37.49,-26.0333333333333,3.1,1.19
"697","TOOL_044-M","D18","TOOL_044",2017-07-20,18.5333333333333,3.93666666666667,-26.4666666666667,2.93333333333333,0.2
"698","TOOL_044-O","D18","TOOL_044",2017-07-19,31.9,40.6,-27.2,0.4,1.27
"699","TOOL_044-O","D18","TOOL_044",2017-07-20,20.3,27.785,-26.25,2.2,1.375
"700","TREE_001-M","D05","TREE_001",2015-07-22,18.85,1.5675,-25.975,3.6,0.09
"701","TREE_002-M","D05","TREE_002",2015-07-22,25.8666666666667,6.64333333333333,-26.0333333333333,3.06666666666667,0.293333333333333
"702","TREE_002-O","D05","TREE_002",2015-07-22,26.0333333333333,40.4466666666667,-27.3666666666667,-2.46666666666667,1.58333333333333
"703","TREE_003-M","D05","TREE_003",2015-07-22,16.6333333333333,1.59,-26.5333333333333,2,0.0966666666666667
"704","TREE_006-M","D05","TREE_006",2015-07-22,15.9333333333333,1.28333333333333,-26.6666666666667,2.16666666666667,0.08
"705","TREE_014-M","D05","TREE_014",2015-07-21,15.95,1.24,-26,3.3,0.075
"706","TREE_014-M","D05","TREE_014",2015-07-22,19.9,2.78,-26.9,0.7,0.14
"707","TREE_041-M","D05","TREE_041",2015-07-21,15.1333333333333,1.8,-26.0333333333333,3.83333333333333,0.12
"708","TREE_046-M","D05","TREE_046",2015-07-21,15.125,2.65,-26.275,4.15,0.17
"709","TREE_049-M","D05","TREE_049",2015-07-21,18.6,2.23333333333333,-26.2,3.13333333333333,0.123333333333333
"710","TREE_050-M","D05","TREE_050",2015-07-21,16.3333333333333,1.87666666666667,-26.1333333333333,3.9,0.116666666666667
"711","UKFS_001-M","D06","UKFS_001",2015-08-25,12.5,5.12333333333333,-21.6,2.7,0.413333333333333
"712","UKFS_001-M","D06","UKFS_001",2018-08-13,11.4,4.26333333333333,-22.3333333333333,3.93333333333333,0.38
"713","UKFS_001-O","D06","UKFS_001",2015-08-25,15.1,25.51,-26.9,-0.6,1.69
"714","UKFS_002-M","D06","UKFS_002",2015-08-26,11.0666666666667,4.65666666666667,-21.6666666666667,5.3,0.423333333333333
"715","UKFS_002-M","D06","UKFS_002",2018-08-15,12.3,4.71666666666667,-20.8666666666667,4.73333333333333,0.386666666666667
"716","UKFS_003-M","D06","UKFS_003",2015-08-27,11.7666666666667,3.13666666666667,-22.0333333333333,4.63333333333333,0.266666666666667
"717","UKFS_003-M","D06","UKFS_003",2018-08-14,11.5333333333333,2.69666666666667,-21.6,5.1,0.233333333333333
"718","UKFS_004-M","D06","UKFS_004",2015-08-26,10.8333333333333,2.84,-19.7666666666667,5.76666666666667,0.263333333333333
"719","UKFS_004-M","D06","UKFS_004",2018-08-15,10.775,3.0875,-21.35,4.875,0.2875
"720","UKFS_005-M","D06","UKFS_005",2015-08-27,11.9666666666667,4.40333333333333,-24.1333333333333,3.4,0.363333333333333
"721","UKFS_005-M","D06","UKFS_005",2018-08-14,11.8666666666667,3.46,-24.5333333333333,3.16666666666667,0.286666666666667
"722","UKFS_005-O","D06","UKFS_005",2015-08-27,14,14.98,-26.1,1.1,1.07
"723","UKFS_009-M","D06","UKFS_009",2015-08-26,13.8,1.79333333333333,-20.4666666666667,3.13333333333333,0.13
"724","UKFS_009-M","D06","UKFS_009",2018-08-14,14.0666666666667,2.07666666666667,-20.4,1.26666666666667,0.15
"725","UKFS_031-M","D06","UKFS_031",2015-08-25,11.05,3.2975,-23.7,3.975,0.2975
"726","UKFS_031-M","D06","UKFS_031",2018-08-13,11.1666666666667,3.66333333333333,-23.1,4.13333333333333,0.323333333333333
"727","UKFS_031-O","D06","UKFS_031",2015-08-25,13.8,21.05,-27.3,1.5,1.52
"728","UKFS_032-M","D06","UKFS_032",2015-08-27,11.4333333333333,4.15,-23.8,2.9,0.36
"729","UKFS_032-M","D06","UKFS_032",2018-08-14,11.5,3.52666666666667,-24.8,2.43333333333333,0.3
"730","UKFS_043-M","D06","UKFS_043",2015-08-25,11.775,4.4675,-24.225,3.05,0.38
"731","UKFS_043-M","D06","UKFS_043",2018-08-13,13.35,3.715,-25.5,2.675,0.29
"732","UKFS_043-O","D06","UKFS_043",2015-08-25,15.2,29.17,-26.5,1.3,1.93
"733","UKFS_044-M","D06","UKFS_044",2015-08-25,11.9333333333333,4.66,-28.2,3.96666666666667,0.393333333333333
"734","UKFS_044-M","D06","UKFS_044",2018-08-13,11.9,4.13666666666667,-25,3.86666666666667,0.346666666666667
"735","UKFS_044-O","D06","UKFS_044",2015-08-25,17.2666666666667,20.8633333333333,-26.9666666666667,0.1,1.20666666666667
"736","UNDE_001-M","D05","UNDE_001",2014-07-08,NA,3.71666666666667,-26.8333333333333,5.16666666666667,0.173333333333333
"737","UNDE_001-M","D05","UNDE_001",2019-07-15,17.1333333333333,2.4,-27.2333333333333,2.66666666666667,0.14
"738","UNDE_001-O","D05","UNDE_001",2014-07-08,NA,27.0525,-29.375,-1.05,1.8875
"739","UNDE_001-O","D05","UNDE_001",2019-07-15,21.4666666666667,38.1433333333333,-28.2333333333333,-0.433333333333333,1.95
"740","UNDE_002-O","D05","UNDE_002",2019-07-15,25.9666666666667,47.7133333333333,-27.5,-0.8,1.84333333333333
"741","UNDE_003-M","D05","UNDE_003",2019-07-15,17,1.53,-26.3,1.8,0.09
"742","UNDE_003-O","D05","UNDE_003",2019-07-15,19.5,38.67,-26.15,4.4,1.985
"743","UNDE_006-M","D05","UNDE_006",2014-07-07,NA,2.40333333333333,-26.2666666666667,4.53333333333333,0.17
"744","UNDE_006-M","D05","UNDE_006",2019-07-15,13.9333333333333,2.22666666666667,-25.6666666666667,4.3,0.16
"745","UNDE_007-M","D05","UNDE_007",2014-07-10,NA,3.01666666666667,-27.0666666666667,4.66666666666667,0.21
"746","UNDE_007-O","D05","UNDE_007",2014-07-10,NA,8.22,-27.7,1.8,0.83
"747","UNDE_008-M","D05","UNDE_008",2014-07-07,NA,1.51333333333333,-26.9,3.56666666666667,0.123333333333333
"748","UNDE_008-M","D05","UNDE_008",2019-07-15,16.9,2.79,-25.6333333333333,3.2,0.166666666666667
"749","UNDE_010-M","D05","UNDE_010",2019-07-15,25.1,7.53,-26.9,-0.5,0.3
"750","UNDE_010-O","D05","UNDE_010",2019-07-15,23.1,45.275,-25.7,2.05,2
"751","UNDE_013-M","D05","UNDE_013",2014-07-08,NA,1.37,-26,4.66666666666667,0.12
"752","UNDE_014-M","D05","UNDE_014",2014-07-11,NA,1.51333333333333,-26.1,6.16666666666667,0.15
"753","UNDE_017-M","D05","UNDE_017",2014-07-07,NA,3.645,-26.95,3.475,0.175
"754","UNDE_019-M","D05","UNDE_019",2014-07-08,NA,2.14,-26.7333333333333,3.83333333333333,0.163333333333333
"755","UNDE_027-M","D05","UNDE_027",2014-07-08,NA,1.26333333333333,-25.9,5.1,0.116666666666667
"756","UNDE_032-M","D05","UNDE_032",2014-07-08,NA,2.8425,-26.7,3.725,0.195
"757","UNDE_034-M","D05","UNDE_034",2014-07-15,NA,1.31666666666667,-26.4666666666667,4.56666666666667,0.156666666666667
"758","UNDE_035-M","D05","UNDE_035",2014-07-15,NA,1.90666666666667,-26.2,5.6,0.14
"759","UNDE_035-O","D05","UNDE_035",2014-07-15,NA,18.505,-26.85,1.35,1.005
"760","UNDE_037-M","D05","UNDE_037",2014-07-10,NA,2.99,-26.4333333333333,5.23333333333333,0.176666666666667
"761","UNDE_037-M","D05","UNDE_037",2019-07-17,23.2,3.655,-28,0.4,0.16
"762","UNDE_037-O","D05","UNDE_037",2014-07-10,NA,16.31,-27.4,2.63333333333333,0.9
"763","UNDE_037-O","D05","UNDE_037",2019-07-17,22.0333333333333,39.7166666666667,-27.0333333333333,1.23333333333333,1.8
"764","UNDE_038-M","D05","UNDE_038",2019-07-17,26.6,6.38,-27.7,-1.8,0.24
"765","UNDE_038-O","D05","UNDE_038",2019-07-17,25.8666666666667,39.9,-26.8333333333333,1.9,1.55333333333333
"766","UNDE_043-M","D05","UNDE_043",2014-07-10,NA,2.24333333333333,-27.0333333333333,3.8,0.176666666666667
"767","UNDE_043-M","D05","UNDE_043",2019-07-17,15.8333333333333,2.35333333333333,-27.9,-1.73333333333333,0.143333333333333
"768","UNDE_044-M","D05","UNDE_044",2014-07-18,NA,3.865,-26.2,4.3,0.265
"769","UNDE_044-M","D05","UNDE_044",2019-07-17,17.625,3.3525,-26.35,3.05,0.1825
"770","UNDE_044-O","D05","UNDE_044",2014-07-18,NA,22.92,-27.45,-0.15,1.86
"771","UNDE_044-O","D05","UNDE_044",2019-07-17,16,14.61,-27.4,-0.5,0.92
"772","WOOD_001-M","D09","WOOD_001",2014-08-28,NA,4.21666666666667,-22.8,6.53333333333333,0.443333333333333
"773","WOOD_002-M","D09","WOOD_002",2014-08-28,NA,4.66333333333333,-22.3666666666667,7.3,0.44
"774","WOOD_003-M","D09","WOOD_003",2014-08-25,NA,2.9825,-22.175,7.175,0.3725
"775","WOOD_004-M","D09","WOOD_004",2014-08-28,NA,3.15,-23.2666666666667,7.03333333333333,0.353333333333333
"776","WOOD_005-M","D09","WOOD_005",2014-08-27,NA,2.42333333333333,-22.2,6.56666666666667,0.27
"777","WOOD_022-M","D09","WOOD_022",2014-08-28,NA,6.37333333333333,-24.2333333333333,6.33333333333333,0.6
"778","WOOD_024-M","D09","WOOD_024",2014-08-26,NA,5.105,-21.45,6.9,0.6
"779","WOOD_024-M","D09","WOOD_024",2014-08-27,NA,2.8,-22,7.5,0.52
"780","WOOD_042-M","D09","WOOD_042",2014-08-28,NA,3.375,-24.85,6.6,0.3325
"781","WOOD_043-M","D09","WOOD_043",2014-08-28,NA,2.95333333333333,-22.5333333333333,6.86666666666667,0.36
"782","WOOD_044-M","D09","WOOD_044",2014-08-29,NA,2.42666666666667,-22.9333333333333,6.63333333333333,0.316666666666667
"783","WREF_001-M","D16","WREF_001",2019-06-19,39.2,4.28,-26.625,4.1,0.11
"784","WREF_001-O","D16","WREF_001",2019-06-19,63.25,40.785,-27.5,-1.1,0.67
"785","WREF_003-M","D16","WREF_003",2019-06-20,27.9,2.85,-26.8,4.93333333333333,0.106666666666667
"786","WREF_003-O","D16","WREF_003",2019-06-20,46.6,33.09,-27.8,0.3,0.71
"787","WREF_004-M","D16","WREF_004",2019-06-19,25.2333333333333,3.81,-26.3333333333333,3.96666666666667,0.15
"788","WREF_004-O","D16","WREF_004",2019-06-19,33.8,21.4,-27.5,-0.2,0.63
"789","WREF_005-M","D16","WREF_005",2019-06-19,33.5,2.38,-26.25,4.175,0.07
"790","WREF_007-M","D16","WREF_007",2019-06-20,34.2666666666667,2.8,-27,3.7,0.0833333333333333
"791","WREF_007-O","D16","WREF_007",2019-06-20,41.3,29.26,-28.2,0.2,0.71
"792","WREF_008-M","D16","WREF_008",2019-06-20,25.65,2.7375,-26.325,4.1,0.105
"793","WREF_008-O","D16","WREF_008",2019-06-20,43.8,48.34,-28.2,-1.8,1.1
"794","WREF_070-M","D16","WREF_070",2019-06-18,30.8666666666667,3.94,-27.3333333333333,4.8,0.13
"795","WREF_070-O","D16","WREF_070",2019-06-18,50.1,46.28,-27.8,-0.2,0.92
"796","WREF_071-M","D16","WREF_071",2019-06-17,27.7,3.31666666666667,-26.7333333333333,3.5,0.12
"797","WREF_071-O","D16","WREF_071",2019-06-17,41.95,30.53,-27.1,-0.45,0.725
"798","WREF_072-M","D16","WREF_072",2019-06-18,21.1666666666667,2.62,-26.5,4.43333333333333,0.126666666666667
"799","WREF_072-O","D16","WREF_072",2019-06-18,39.3,30.46,-27.7,-0.75,0.775
"800","WREF_073-M","D16","WREF_073",2019-06-18,30.7666666666667,3.45666666666667,-26.6666666666667,2.66666666666667,0.11
"801","WREF_073-O","D16","WREF_073",2019-06-18,57,41.8,-27,0.2,0.73
